date,PE,PB,PS,open,high,low,close
2018/1/2 8:00,42.983,3.578,1.717,65.28,66.55,64.96,65.85
2018/1/3 8:00,43.16,3.593,1.724,64.98,67.1,64.4,66.12
2018/1/4 8:00,42.461,3.535,1.697,66,66.36,64.91,65.05
2018/1/5 8:00,42.024,3.498,1.679,64.9,65.2,63.83,64.38
2018/1/8 8:00,42.566,3.543,1.701,64.6,66.34,64.53,65.21
2018/1/9 8:00,42.703,3.555,1.706,65.2,66.18,64.7,65.42
2018/1/10 8:00,42.866,3.568,1.713,65.6,65.97,64.88,65.67
2018/1/11 8:00,42.69,3.554,1.706,65.98,65.98,64.88,65.4
2018/1/12 8:00,43.786,3.645,1.749,65.66,67.85,65.62,67.08
2018/1/15 8:00,42.52,3.54,1.699,67.25,68.1,64.88,65.14
2018/1/16 8:00,42.298,3.521,1.69,64.5,65.75,64.46,64.8
2018/1/17 8:00,41.613,3.464,1.663,64.68,64.68,62.51,63.75
2018/1/18 8:00,41.234,3.432,1.647,64.18,64.58,62.88,63.17
2018/1/19 8:00,41.254,3.434,1.648,63.6,63.63,62.68,63.2
2018/1/22 8:00,43.473,3.619,1.737,63.68,67.01,63.62,66.6
2018/1/23 8:00,43.61,3.63,1.742,66.64,67.37,66.06,66.81
2018/1/24 8:00,43.414,3.614,1.735,67.05,67.09,65.5,66.51
2018/1/25 8:00,42.846,3.567,1.712,66.52,67.47,65.56,65.64
2018/1/26 8:00,42.755,3.559,1.708,65.64,66.3,65,65.5
2018/1/29 8:00,41.058,3.418,1.64,65.88,65.88,62.8,62.9
2018/1/30 8:00,41.417,3.448,1.655,62.88,63.95,62.76,63.45
2018/1/31 8:00,41.149,3.425,1.644,63.05,63.96,62.9,63.04
2018/2/1 8:00,39.596,3.296,1.582,63.05,63.49,59.88,60.66
2018/2/2 8:00,40.405,3.363,1.614,60.6,62.27,60.16,61.9
2018/2/5 8:00,40.124,3.34,1.603,60.3,61.78,60.24,61.47
2018/2/6 8:00,38.192,3.179,1.526,60,60.88,58.5,58.51
2018/2/7 8:00,38.447,3.2,1.536,59.99,60.39,57.03,58.9
2018/2/8 8:00,38.845,3.234,1.552,58.9,59.88,58.51,59.51
2018/2/9 8:00,36.978,3.078,1.477,57.9,58.45,56.33,56.65
2018/2/12 8:00,38.917,3.24,1.555,57.1,60,57.1,59.62
2018/2/13 8:00,38.838,3.233,1.552,60,60.62,59.31,59.5
2018/2/14 8:00,39.491,3.287,1.578,61.18,61.5,60.2,60.5
2018/2/22 8:00,40.679,3.386,1.625,61.98,63.35,61.3,62.32
2018/2/23 8:00,40.993,3.412,1.638,62.34,63.32,61.81,62.8
2018/2/26 8:00,42.37,3.527,1.693,63.88,65.69,63.88,64.91
2018/2/27 8:00,42.673,3.388,1.635,64.5,64.93,63.38,63.46
2018/2/28 8:00,42.707,3.391,1.636,63.22,64.5,62.67,63.51
2018/3/1 8:00,42.545,3.378,1.63,62.95,63.44,62.5,63.27
2018/3/2 8:00,42.276,3.357,1.62,62.51,63.36,62.37,62.87
2018/3/5 8:00,43.789,3.477,1.678,63,65.9,62.91,65.12
2018/3/6 8:00,44.771,3.555,1.715,65.13,66.8,64.8,66.58
2018/3/7 8:00,43.393,3.446,1.662,66,66.49,64.5,64.53
2018/3/8 8:00,43.621,3.464,1.671,64.81,65.59,64.11,64.87
2018/3/9 8:00,44.079,3.5,1.689,65,65.8,64.37,65.55
2018/3/12 8:00,44.953,3.569,1.722,66.03,67.16,65.52,66.85
2018/3/13 8:00,44.381,3.524,1.7,66.85,67.5,65.68,66
2018/3/14 8:00,43.278,3.436,1.658,65.7,65.89,64.36,64.36
2018/3/15 8:00,43.507,3.455,1.667,64.02,65.44,64.02,64.7
2018/3/16 8:00,43.191,3.43,1.655,64.74,65.49,64.2,64.23
2018/3/19 8:00,43.204,3.431,1.655,64.25,64.85,63.9,64.25
2018/3/20 8:00,42.229,3.353,1.618,63.7,63.7,62,62.8
2018/3/21 8:00,42.095,3.343,1.613,62.99,63.82,62.4,62.6
2018/3/22 8:00,42.088,3.342,1.612,62.95,63.19,61.9,62.59
2018/3/23 8:00,39.997,3.176,1.532,59.97,61.94,58.8,59.48
2018/3/26 8:00,40.616,3.225,1.556,58.99,60.5,58,60.4
2018/3/27 8:00,41.221,3.273,1.579,61.1,61.6,60.72,61.3
2018/3/28 8:00,37.697,2.999,1.447,55.17,58.04,55.17,56.19
2018/3/29 8:00,37.563,2.989,1.442,55.71,56.3,54.51,55.99
2018/3/30 8:00,37.771,3.005,1.45,56.88,56.98,56.01,56.3
2018/4/2 8:00,37.348,2.972,1.434,56.5,56.56,55.6,55.67
2018/4/3 8:00,36.409,2.897,1.398,55,55,53.7,54.27
2018/4/4 8:00,36.778,2.926,1.412,54.55,55.35,54.35,54.82
2018/4/9 8:00,37.797,3.007,1.451,54.9,56.98,54.9,56.34
2018/4/10 8:00,38.012,3.024,1.459,56.33,57.75,55.88,56.66
2018/4/11 8:00,37.657,2.996,1.446,56.7,56.87,55.8,56.13
2018/4/12 8:00,37.502,2.984,1.44,56.15,56.39,55.8,55.9
2018/4/13 8:00,37.301,2.968,1.432,56.21,56.4,55.47,55.6
2018/4/16 8:00,36.845,2.932,1.415,55.5,56.07,54.7,54.92
2018/4/17 8:00,35.953,2.861,1.38,55.12,55.3,53.51,53.59
2018/4/18 8:00,35.859,2.853,1.377,54.2,54.3,51.98,53.45
2018/4/19 8:00,36.14,2.876,1.388,53.36,54.2,53.03,53.87
2018/4/20 8:00,35.06,2.79,1.346,54,54,52.1,52.26
2018/4/23 8:00,35.523,2.826,1.364,52.24,53.19,52.1,52.95
2018/4/24 8:00,36.281,2.887,1.393,52.88,54.1,52.88,54.08
2018/4/25 8:00,36.12,2.874,1.387,53.86,54.19,53.6,53.84
2018/4/26 8:00,35.241,2.804,1.353,53.91,54.1,52.5,52.53
2018/4/27 8:00,35.53,2.827,1.364,53.11,53.38,52.54,52.96
2018/5/2 8:00,37.709,2.627,1.226,50.8,50.81,48.89,49.25
2018/5/3 8:00,37.984,2.646,1.235,49.26,49.78,48.58,49.61
2018/5/4 8:00,37.709,2.627,1.226,49.1,49.45,48.96,49.25
2018/5/7 8:00,38.559,2.686,1.253,49.88,50.8,49,50.36
2018/5/8 8:00,39.722,2.768,1.291,50.37,52.35,50.36,51.88
2018/5/9 8:00,39.431,2.747,1.282,52,52.02,51.21,51.5
2018/5/10 8:00,39.692,2.765,1.29,51.65,52.35,51.16,51.84
2018/5/11 8:00,40.542,2.825,1.318,51.83,53.4,51.32,52.95
2018/5/14 8:00,40.32,2.809,1.311,53.15,53.86,52.42,52.66
2018/5/15 8:00,40.633,2.831,1.321,52.83,53.46,52.52,53.07
2018/5/16 8:00,40.335,2.81,1.311,53.05,53.46,52.33,52.68
2018/5/17 8:00,40.404,2.815,1.313,52.72,53.19,52.53,52.77
2018/5/18 8:00,41.346,2.881,1.344,52.98,54.25,52.79,54
2018/5/21 8:00,41.759,2.909,1.358,54.45,55.18,54.11,54.54
2018/5/22 8:00,42.111,2.934,1.369,54.55,55.2,54.14,55
2018/5/23 8:00,41.866,2.917,1.361,54.49,55.79,53.71,54.68
2018/5/24 8:00,41.46,2.889,1.348,54.5,54.99,53.8,54.15
2018/5/25 8:00,41.514,2.892,1.35,54.2,55.23,54.2,54.22
2018/5/28 8:00,40.411,2.816,1.314,54.29,54.98,52.72,52.78
2018/5/29 8:00,40.963,2.854,1.332,52.53,54.28,52.42,53.5
2018/5/30 8:00,38.589,2.689,1.254,53,53.02,50.01,50.4
2018/5/31 8:00,39.163,2.729,1.273,50.42,51.25,50.42,51.15
2018/6/1 8:00,38.98,2.716,1.267,51.36,51.37,50.02,50.91
2018/6/4 8:00,38.436,2.678,1.249,50.72,51.2,50.05,50.2
2018/6/5 8:00,39.217,2.732,1.275,50.2,51.24,49.8,51.22
2018/6/6 8:00,39.14,2.727,1.272,50.85,51.8,50.6,51.12
2018/6/7 8:00,38.987,2.716,1.267,51.5,51.57,50.9,50.92
2018/6/8 8:00,38.382,2.674,1.248,50.92,50.99,49.9,50.13
2018/6/11 8:00,37.839,2.636,1.23,50.12,50.13,49.3,49.42
2018/6/12 8:00,38.306,2.669,1.245,49.69,50.2,49,50.03
2018/6/13 8:00,37.563,2.617,1.221,50.1,50.12,48.91,49.06
2018/6/14 8:00,37.556,2.617,1.221,48.68,49.44,48.6,49.05
2018/6/15 8:00,36.889,2.57,1.199,49.09,49.28,48.13,48.18
2018/6/19 8:00,34.439,2.399,1.12,47.6,47.6,43.45,44.98
2018/6/20 8:00,34.753,2.421,1.13,44.44,46.22,44.44,45.39
2018/6/21 8:00,35.044,2.442,1.139,45.77,47.36,45.4,45.77
2018/6/22 8:00,35.871,2.499,1.166,45.82,47.25,45.52,46.85
2018/6/25 8:00,35.266,2.457,1.146,47.7,47.7,45.92,46.06
2018/6/26 8:00,35.511,2.474,1.154,45.99,47.12,45.22,46.38
2018/6/27 8:00,36.063,2.513,1.172,46.59,48.1,46.5,47.1
2018/6/28 8:00,35.228,2.454,1.145,47.1,47.44,45.81,46.01
2018/6/29 8:00,36.507,2.543,1.187,46.12,47.77,45.99,47.68
2018/7/2 8:00,35.205,2.453,1.144,47.67,47.67,45.85,45.98
2018/7/3 8:00,34.723,2.419,1.129,46.46,46.72,44.06,45.35
2018/7/4 8:00,35.059,2.443,1.14,45.35,46.13,45,45.79
2018/7/5 8:00,34.899,2.431,1.135,45.79,46.89,45.4,45.58
2018/7/6 8:00,35.243,2.455,1.146,46.27,46.76,45.52,46.03
2018/7/9 8:00,35.618,2.482,1.158,46.39,46.95,45.91,46.52
2018/7/10 8:00,35.703,2.487,1.161,46.55,46.88,46.31,46.63
2018/7/11 8:00,34.807,2.425,1.132,45.62,46.03,44.73,45.46
2018/7/12 8:00,35.618,2.482,1.158,45.8,47,45.68,46.52
2018/7/13 8:00,35.182,2.451,1.144,46.62,46.62,45.8,45.95
2018/7/16 8:00,33.651,2.345,1.094,44.8,44.8,42.8,43.95
2018/7/17 8:00,33.344,2.323,1.084,43.46,43.9,42.78,43.55
2018/7/18 8:00,33.153,2.31,1.078,43.55,44.24,43.22,43.3
2018/7/19 8:00,32.273,2.248,1.049,43.58,43.58,41.98,42.15
2018/7/20 8:00,32.854,2.289,1.068,42.5,43.16,42.16,42.91
2018/7/23 8:00,33.306,2.321,1.083,42.69,43.85,42.51,43.5
2018/7/24 8:00,33.911,2.363,1.102,43.7,44.43,43.41,44.29
2018/7/25 8:00,33.727,2.35,1.096,44.54,44.54,43.7,44.05
2018/7/26 8:00,32.923,2.294,1.07,44.05,44.23,42.88,43
2018/7/27 8:00,32.916,2.293,1.07,43.02,43.34,42.72,42.99
2018/7/30 8:00,32.54,2.267,1.058,42.95,43.1,41.85,42.5
2018/7/31 8:00,32.341,2.253,1.051,42.54,42.54,42.04,42.24
2018/8/1 8:00,32.142,2.239,1.045,42.82,42.97,41.88,41.98
2018/8/2 8:00,30.703,2.139,0.998,41.95,41.98,39.5,40.1
2018/8/3 8:00,29.348,2.045,0.954,40.28,40.48,38.2,38.33
2018/8/6 8:00,28.551,1.989,0.928,38.33,38.65,36.88,37.29
2018/8/7 8:00,29.095,2.027,0.946,37.68,38,36.73,38
2018/8/8 8:00,29.317,2.043,0.953,38.02,39.49,38.02,38.29
2018/8/9 8:00,30.052,2.094,0.977,37.89,39.55,37.83,39.25
2018/8/10 8:00,31.92,2.224,1.038,39.4,41.77,39.4,41.69
2018/8/13 8:00,33.053,2.303,1.075,41.1,43.55,40.88,43.17
2018/8/14 8:00,33.038,2.302,1.074,43.17,43.95,42.61,43.15
2018/8/15 8:00,32.257,2.247,1.049,43,43.9,41.78,42.13
2018/8/16 8:00,32.357,2.254,1.052,41.45,43.2,41.24,42.26
2018/8/17 8:00,32.502,2.264,1.057,42.95,43,42.01,42.45
2018/8/20 8:00,34.638,2.413,1.126,42.97,45.35,42.9,45.24
2018/8/21 8:00,34.378,2.395,1.118,45.25,45.58,44.4,44.9
2018/8/22 8:00,34.294,2.389,1.115,45.55,45.81,44.16,44.79
2018/8/23 8:00,33.934,2.364,1.103,44.82,45.4,43.62,44.32
2018/8/24 8:00,33.268,2.318,1.081,44.35,44.35,42.82,43.45
2018/8/27 8:00,34.462,2.401,1.12,43.44,45.25,43.38,45.01
2018/8/28 8:00,34.906,2.432,1.135,45.05,46.15,44.92,45.59
2018/8/29 8:00,35.45,2.47,1.152,45.41,46.82,45.41,46.3
2018/8/30 8:00,43.493,2.264,1.067,45.5,46.42,44.64,45
2018/8/31 8:00,42.971,2.237,1.054,44.42,44.88,43.9,44.46
2018/9/3 8:00,42.207,2.197,1.036,44.39,44.39,43.13,43.67
2018/9/4 8:00,43.029,2.24,1.056,43.89,44.58,43.61,44.52
2018/9/5 8:00,41.077,2.138,1.008,44.08,44.51,42.5,42.5
2018/9/6 8:00,41.173,2.143,1.01,42.5,43.2,42.05,42.6
2018/9/7 8:00,41.386,2.154,1.016,43.29,44.08,42.65,42.82
2018/9/10 8:00,40.332,2.1,0.99,42.98,43.44,41.15,41.73
2018/9/11 8:00,40.129,2.089,0.985,41.55,41.86,40.91,41.52
2018/9/12 8:00,40.632,2.115,0.997,41.01,42.5,40.71,42.04
2018/9/13 8:00,41.483,2.159,1.018,42.71,43.05,42.09,42.92
2018/9/14 8:00,43.309,2.254,1.063,44.21,45.45,44.21,44.81
2018/9/17 8:00,43.309,2.254,1.063,44,45.46,43.5,44.81
2018/9/18 8:00,43.57,2.268,1.069,44.17,45.34,44.05,45.08
2018/9/19 8:00,45.387,2.363,1.114,45.1,47.38,44.7,46.96
2018/9/20 8:00,44.411,2.312,1.09,46.96,47.5,45.95,45.95
2018/9/21 8:00,45.436,2.365,1.115,47.5,48.75,46.6,47.01
2018/9/25 8:00,46.586,2.425,1.143,47.3,48.65,47.3,48.2
2018/9/26 8:00,46.644,2.428,1.145,48.66,48.95,47.78,48.26
2018/9/27 8:00,46.199,2.405,1.134,48.5,48.6,47.5,47.8
2018/9/28 8:00,47.456,2.47,1.165,48,49.28,47.9,49.1
2018/10/8 8:00,44.991,2.342,1.104,47,47.95,46.42,46.55
2018/10/9 8:00,45.513,2.369,1.117,46.61,47.6,46.61,47.09
2018/10/10 8:00,44.372,2.31,1.089,47.35,47.56,45.45,45.91
2018/10/11 8:00,41.386,2.154,1.016,44.41,45.18,42.67,42.82
2018/10/12 8:00,44.865,2.335,1.101,43.21,46.8,43.21,46.42
2018/10/15 8:00,45.358,2.361,1.113,46.58,47.85,46.3,46.93
2018/10/16 8:00,44.421,2.312,1.09,46.95,47.46,45.28,45.96
2018/10/17 8:00,45.725,2.38,1.122,46.7,47.66,45.88,47.31
2018/10/18 8:00,44.633,2.323,1.095,47,47.3,45.71,46.18
2018/10/19 8:00,45.445,2.366,1.115,45.08,47.27,44,47.02
2018/10/22 8:00,48.335,2.516,1.186,47.61,50.2,47.56,50.01
2018/10/23 8:00,46.837,2.438,1.149,49.85,49.99,47.3,48.46
2018/10/24 8:00,47.137,2.454,1.157,48.3,49.74,48.01,48.77
2018/10/25 8:00,47.939,2.495,1.176,47.35,49.75,46.89,49.6
2018/10/26 8:00,46.992,2.446,1.153,49.99,50.14,47.98,48.62
2018/10/29 8:00,45.793,2.384,1.124,48.63,48.98,46.9,47.38
2018/10/30 8:00,45.302,2.33,1.049,47.45,47.74,44.88,46.53
2018/10/31 8:00,45.555,2.343,1.055,46.44,47.45,46.1,46.79
2018/11/1 8:00,44.494,2.289,1.031,47.23,47.5,44.98,45.7
2018/11/2 8:00,46.752,2.405,1.083,46.45,48.15,45.7,48.02
2018/11/5 8:00,46.976,2.416,1.088,48,49.12,47.2,48.25
2018/11/6 8:00,46.373,2.385,1.074,48.17,48.18,46.9,47.63
2018/11/7 8:00,46.003,2.366,1.066,46.6,48.05,46.59,47.25
2018/11/8 8:00,47.687,2.453,1.105,47.68,49.55,47.68,48.98
2018/11/9 8:00,48.68,2.504,1.128,48.8,50.89,48.33,50
2018/11/12 8:00,50.248,2.584,1.164,49.98,52.1,49.7,51.61
2018/11/13 8:00,49.654,2.554,1.15,50.62,52.45,50.5,51
2018/11/14 8:00,50.53,2.599,1.171,50.93,52.8,50.88,51.9
2018/11/15 8:00,50.442,2.594,1.168,51.66,52.29,51.36,51.81
2018/11/16 8:00,50.189,2.581,1.163,52,52.7,50.89,51.55
2018/11/19 8:00,53.256,2.739,1.234,51.72,55.3,51.58,54.7
2018/11/20 8:00,53.938,2.774,1.249,54,56.98,53.4,55.4
2018/11/21 8:00,53.548,2.754,1.24,54.76,56,54.1,55
2018/11/22 8:00,53.84,2.769,1.247,54.65,56.96,54.65,55.3
2018/11/23 8:00,52.575,2.704,1.218,55.3,55.67,53.31,54
2018/11/26 8:00,52.73,2.712,1.221,53.91,55.3,53.48,54.16
2018/11/27 8:00,55.739,2.867,1.291,54.55,57.4,54.55,57.25
2018/11/28 8:00,56.128,2.887,1.3,57.25,58.68,56.31,57.65
2018/11/29 8:00,56.128,2.887,1.3,57.85,59.1,57.1,57.65
2018/11/30 8:00,55.495,2.854,1.286,57.43,58.4,56.42,57
2018/12/3 8:00,54.6,2.808,1.265,58.35,58.92,55.58,56.08
2018/12/4 8:00,54.833,2.82,1.27,55.4,56.84,55.11,56.32
2018/12/5 8:00,56.401,2.901,1.307,55.65,58.15,55.14,57.93
2018/12/6 8:00,53.889,2.772,1.248,57.51,57.8,54.88,55.35
2018/12/7 8:00,55.388,2.849,1.283,55.9,57.9,55.55,56.89
2018/12/10 8:00,53.928,2.987,1.249,56.02,56.55,55.05,55.39
2018/12/11 8:00,54.678,3.029,1.267,55.72,57.34,55.7,56.16
2018/12/12 8:00,56.712,3.142,1.314,56.7,58.48,56.6,58.25
2018/12/13 8:00,56.858,3.15,1.317,58.25,58.56,57.12,58.4
2018/12/14 8:00,55.787,3.09,1.292,58.37,58.99,56.9,57.3
2018/12/17 8:00,53.441,2.96,1.238,56.67,57,54,54.89
2018/12/18 8:00,53.587,2.969,1.241,54.05,56.1,53.98,55.04
2018/12/19 8:00,52.088,2.885,1.207,55.21,55.95,53.38,53.5
2018/12/20 8:00,52.448,2.905,1.215,53.51,54.34,52.83,53.87
2018/12/21 8:00,51.581,2.857,1.195,53.61,54.19,51.92,52.98
2018/12/24 8:00,51.805,2.87,1.2,52.73,53.44,52.08,53.21
2018/12/25 8:00,50.842,2.816,1.178,52.6,52.99,50.88,52.22
2018/12/26 8:00,49.654,2.751,1.15,52.24,52.68,51,51
2018/12/27 8:00,49.498,2.742,1.147,52.11,52.45,50.76,50.84
2018/12/28 8:00,49.654,2.751,1.15,50.86,51.4,50.11,51
2019/1/2 8:00,47.872,2.652,1.109,51.02,51.39,48.98,49.17
2019/1/3 8:00,46.791,2.592,1.084,49.26,49.87,47.98,48.06
2019/1/4 8:00,49.313,2.732,1.142,47.8,51,47.51,50.65
2019/1/7 8:00,50.033,2.772,1.159,50.85,51.88,50,51.39
2019/1/8 8:00,51.484,2.852,1.193,52.3,53.64,52.05,52.88
2019/1/9 8:00,49.128,2.721,1.138,51.8,53,48.5,50.46
2019/1/10 8:00,47.561,2.635,1.102,49.9,50.19,48.64,48.85
2019/1/11 8:00,47.726,2.644,1.106,48.5,49.29,48.38,49.02
2019/1/14 8:00,47.512,2.632,1.101,49.2,49.21,47.31,48.8
2019/1/15 8:00,47.512,2.632,1.101,48.39,48.96,47.85,48.8
2019/1/16 8:00,47.638,2.639,1.104,48.8,49.12,48.32,48.93
2019/1/17 8:00,46.236,2.561,1.071,48.9,48.91,47.33,47.49
2019/1/18 8:00,45.584,2.525,1.056,47.49,47.49,46.04,46.82
2019/1/21 8:00,46.937,2.6,1.087,46.76,48.26,46.12,48.21
2019/1/22 8:00,46.441,2.573,1.076,48.06,48.8,47.6,47.7
2019/1/23 8:00,47.512,2.632,1.101,47.42,48.88,47.33,48.8
2019/1/24 8:00,47.239,2.617,1.094,48.93,48.97,47.66,48.52
2019/1/25 8:00,47.882,2.652,1.109,48.55,49.64,48.19,49.18
2019/1/28 8:00,47.181,2.614,1.093,49.2,49.85,48.28,48.46
2019/1/29 8:00,46.733,2.589,1.083,48.45,48.45,47.03,48
2019/1/30 8:00,45.905,2.543,1.063,47.95,48.27,46.9,47.15
2019/1/31 8:00,45.195,2.504,1.047,47.1,47.49,46.27,46.42
2019/2/1 8:00,46.996,2.603,1.089,46.75,48.31,46.51,48.27
2019/2/11 8:00,48.875,2.707,1.132,48.8,50.33,48.8,50.2
2019/2/12 8:00,49.245,2.728,1.141,50.21,51.15,49.88,50.58
2019/2/13 8:00,50.209,2.781,1.163,50.58,52.09,50.32,51.57
2019/2/14 8:00,52.302,2.897,1.212,51.85,54.06,51.85,53.72
2019/2/15 8:00,50.306,2.787,1.165,53.4,53.4,51.52,51.67
2019/2/18 8:00,51.065,2.829,1.183,51.93,52.79,51.64,52.45
2019/2/19 8:00,50.374,2.791,1.167,52.5,52.66,50.99,51.74
2019/2/20 8:00,50.978,2.824,1.181,51.8,52.8,51.54,52.36
2019/2/21 8:00,50.569,2.801,1.171,52.3,53.01,51.56,51.94
2019/2/22 8:00,50.511,2.798,1.17,51.8,51.88,50.9,51.88
2019/2/25 8:00,53.607,2.97,1.242,51.88,55.13,51.5,55.06
2019/2/26 8:00,55.242,3.06,1.28,57.2,58.67,56.44,56.74
2019/2/27 8:00,53.728,2.705,1.153,56.2,56.25,54.15,54.96
2019/2/28 8:00,53.288,2.683,1.143,55.12,55.22,54.16,54.51
2019/3/1 8:00,52.594,2.648,1.129,54.88,54.98,52.88,53.8
2019/3/4 8:00,52.477,2.642,1.126,54,54.79,52.73,53.68
2019/3/5 8:00,52.868,2.662,1.134,53.66,54.23,53,54.08
2019/3/6 8:00,53.22,2.68,1.142,54.5,54.96,53.5,54.44
2019/3/7 8:00,52.183,2.628,1.12,54.1,54.1,53.01,53.38
2019/3/8 8:00,49.974,2.516,1.072,53,53,51.05,51.12
2019/3/11 8:00,51.196,2.578,1.099,51.1,52.48,51.1,52.37
2019/3/12 8:00,50.824,2.559,1.091,52.4,52.88,51.71,51.99
2019/3/13 8:00,50.834,2.56,1.091,51.78,52.77,51.3,52
2019/3/14 8:00,53.347,2.686,1.145,52.01,55.15,52.01,54.57
2019/3/15 8:00,54.148,2.726,1.162,55.05,56.2,54.13,55.39
2019/3/18 8:00,54.412,2.74,1.168,55.5,56.44,55.39,55.66
2019/3/19 8:00,54.735,2.756,1.174,56.15,56.66,55.51,55.99
2019/3/20 8:00,54.158,2.727,1.162,56.25,56.67,54.85,55.4
2019/3/21 8:00,53.816,2.71,1.155,55.4,55.98,54.64,55.05
2019/3/22 8:00,55.722,2.806,1.196,55.15,57.58,54.99,57
2019/3/25 8:00,55.233,2.781,1.185,56,57.97,55.72,56.5
2019/3/26 8:00,54.011,2.72,1.159,57,57.55,55.08,55.25
2019/3/27 8:00,53.483,2.693,1.148,54.77,56.55,53.7,54.71
2019/3/28 8:00,51.782,2.806,1.107,55.65,55.66,52.5,52.77
2019/3/29 8:00,52.488,2.844,1.122,52.86,53.56,52.16,53.49
2019/4/1 8:00,53.43,2.896,1.142,53.54,54.79,53.3,54.45
2019/4/2 8:00,53.656,2.908,1.147,54.61,54.98,54,54.68
2019/4/3 8:00,53.372,2.892,1.141,54.71,54.9,54.17,54.39
2019/4/4 8:00,54.157,2.935,1.158,54.54,55.64,54.42,55.19
2019/4/8 8:00,52.439,2.842,1.121,55.48,55.62,52.9,53.44
2019/4/9 8:00,53.901,2.921,1.152,53.55,55.3,53.55,54.93
2019/4/10 8:00,54.48,2.952,1.165,54.95,56.3,53.67,55.52
2019/4/11 8:00,53.901,2.921,1.152,55.78,57.4,54.73,54.93
2019/4/12 8:00,53.077,2.876,1.135,54.75,54.75,53.67,54.09
2019/4/15 8:00,52.537,2.847,1.123,54.46,55.24,53.33,53.54
2019/4/16 8:00,55.668,3.017,1.19,53.54,57.05,53.3,56.73
2019/4/17 8:00,61.232,3.318,1.309,58.1,62.4,58.1,62.4
2019/4/18 8:00,58.209,3.154,1.244,62.3,62.31,58.9,59.32
2019/4/19 8:00,59.004,3.198,1.261,59.01,61.8,58.51,60.13
2019/4/22 8:00,56.629,3.069,1.211,60,60.13,57.19,57.71
2019/4/23 8:00,55.893,3.029,1.195,57.75,57.91,56.61,56.96
2019/4/24 8:00,57.061,3.092,1.22,57.44,58.17,56.65,58.15
2019/4/25 8:00,55.108,2.986,1.178,57.7,57.7,56,56.16
2019/4/26 8:00,54.323,2.944,1.161,56.09,56.59,55.13,55.36
2019/4/29 8:00,44.295,2.886,1.119,56.5,56.98,55.45,55.65
2019/4/30 8:00,45.29,2.95,1.145,55.55,56.9,55.25,56.9
2019/5/6 8:00,41.429,2.699,1.047,54.88,55.28,51.84,52.05
2019/5/7 8:00,42.194,2.749,1.066,52.42,53.58,52.07,53.01
2019/5/8 8:00,41.27,2.688,1.043,52.03,53.32,51.41,51.85
2019/5/9 8:00,40.681,2.65,1.028,51.9,52.25,50.67,51.11
2019/5/10 8:00,41.597,2.71,1.051,51.86,52.32,49.7,52.26
2019/5/13 8:00,40.61,2.645,1.026,52.2,52.2,50.5,51.02
2019/5/14 8:00,39.949,2.602,1.01,50.45,51,50.1,50.19
2019/5/15 8:00,40.824,2.659,1.032,50.61,51.33,50.33,51.29
2019/5/16 8:00,40.968,2.669,1.035,51.25,51.89,51.2,51.47
2019/5/17 8:00,39.973,2.604,1.01,51.3,51.45,50,50.22
2019/5/20 8:00,39.002,2.541,0.986,50.4,50.42,48.5,49
2019/5/21 8:00,39.32,2.561,0.994,49.16,49.61,48.7,49.4
2019/5/22 8:00,38.946,2.537,0.984,49.49,49.51,48.6,48.93
2019/5/23 8:00,37.879,2.468,0.957,49.3,49.48,47.47,47.59
2019/5/24 8:00,38.691,2.52,0.978,47.71,49.69,47,48.61
2019/5/27 8:00,38.851,2.531,0.982,48.3,48.99,47.3,48.81
2019/5/28 8:00,40.196,2.618,1.016,48.81,50.5,48.71,50.5
2019/5/29 8:00,39.479,2.572,0.998,49.51,49.95,49.27,49.6
2019/5/30 8:00,38.5,2.508,0.973,49.5,49.5,48.25,48.37
2019/5/31 8:00,38.405,2.502,0.971,48.64,48.93,47.87,48.25
2019/6/3 8:00,38.835,2.53,0.981,48.71,49.16,48.04,48.79
2019/6/4 8:00,38.612,2.515,0.976,48.44,48.6,47.7,48.51
2019/6/5 8:00,38.922,2.536,0.984,48.98,49.35,48.6,48.9
2019/6/6 8:00,39.296,2.56,0.993,49.69,50.12,49,49.37
2019/6/10 8:00,40.514,2.639,1.024,51,51.91,50.66,50.9
2019/6/11 8:00,41.031,2.673,1.037,50.57,51.69,50.15,51.55
2019/6/12 8:00,40.395,2.631,1.021,51.56,51.56,50.56,50.75
2019/6/13 8:00,39.973,2.604,1.01,50.7,50.7,49.89,50.22
2019/6/14 8:00,39.28,2.559,0.993,50.3,50.49,49.3,49.35
2019/6/17 8:00,39.081,2.546,0.988,49.49,49.93,49,49.1
2019/6/18 8:00,39.161,2.551,0.99,49.11,49.6,48.97,49.2
2019/6/19 8:00,39.479,2.572,0.998,50.12,50.35,49.46,49.6
2019/6/20 8:00,40.029,2.608,1.012,49.6,50.49,49.08,50.29
2019/6/21 8:00,40.235,2.621,1.017,50.2,50.68,50,50.55
2019/6/24 8:00,40.403,2.632,1.021,50.55,50.88,50.21,50.76
2019/6/25 8:00,39.718,2.587,1.004,50.5,50.68,49.7,49.9
2019/6/26 8:00,39.822,2.594,1.006,49.56,50.6,49.41,50.03
2019/6/27 8:00,40.228,2.621,1.017,50.2,50.86,50.06,50.54
2019/6/28 8:00,40.371,2.63,1.02,50.55,50.83,50.23,50.72
2019/7/1 8:00,41.318,2.692,1.044,51.6,52.13,51.08,51.91
2019/7/2 8:00,42.329,2.757,1.07,51.91,54.4,51.55,53.18
2019/7/3 8:00,42.504,2.769,1.074,53.18,54.2,52.77,53.4
2019/7/4 8:00,42.377,2.761,1.071,53.42,54.11,52.82,53.24
2019/7/5 8:00,42.393,2.762,1.071,53.24,53.77,52.18,53.26
2019/7/8 8:00,41.644,2.713,1.052,53.27,53.29,51.26,52.32
2019/7/9 8:00,43.69,2.846,1.104,52.19,55.05,52.07,54.89
2019/7/10 8:00,42.902,2.795,1.084,54.6,54.6,53.51,53.9
2019/7/11 8:00,42.385,2.761,1.071,53.92,54.15,52.89,53.25
2019/7/12 8:00,43.188,2.813,1.091,53.3,54.78,53.2,54.26
2019/7/15 8:00,44.056,2.87,1.113,54.28,55.88,53.62,55.35
2019/7/16 8:00,43.602,2.84,1.102,55.14,55.25,54.6,54.78
2019/7/17 8:00,43.499,2.834,1.099,54.79,55.2,54.4,54.65
2019/7/18 8:00,42.544,2.771,1.075,54.37,54.37,53.06,53.45
2019/7/19 8:00,42.926,2.796,1.085,53.61,54.23,53.36,53.93
2019/7/22 8:00,43.698,2.847,1.104,54.5,55.43,54.04,54.9
2019/7/23 8:00,44.836,2.921,1.133,54.8,57.25,54.36,56.33
2019/7/24 8:00,44.844,2.921,1.133,56.8,57.26,56.2,56.34
2019/7/25 8:00,45.21,2.945,1.143,56.34,56.98,55.82,56.8
2019/7/26 8:00,45.704,2.8,1.155,56.25,57.88,56,57.42
2019/7/29 8:00,45.545,2.79,1.151,57.84,57.95,56.59,57.22
2019/7/30 8:00,45.433,2.783,1.148,57.25,57.46,56.54,57.08
2019/7/31 8:00,44.534,2.728,1.125,56.8,56.8,55.48,55.95
2019/8/1 8:00,44.359,2.717,1.121,55.7,56.28,55.18,55.73
2019/8/2 8:00,43.292,2.652,1.094,54.06,55.03,53.85,54.39
2019/8/5 8:00,41.692,2.554,1.054,54.2,54.47,52.21,52.38
2019/8/6 8:00,40.888,2.505,1.033,51.41,51.98,50.45,51.37
2019/8/7 8:00,40.435,2.477,1.022,51.65,51.9,50.57,50.8
2019/8/8 8:00,40.482,2.48,1.023,51.13,51.31,50.5,50.86
2019/8/9 8:00,40.586,2.486,1.026,51.3,51.96,50.86,50.99
2019/8/12 8:00,40.753,2.496,1.03,50.88,51.2,49.8,51.2
2019/8/13 8:00,39.4,2.413,0.996,50.51,50.69,49.4,49.5
2019/8/14 8:00,40.029,2.452,1.012,50.2,50.5,49.76,50.29
2019/8/15 8:00,39.885,2.443,1.008,49.45,50.37,49.04,50.11
2019/8/16 8:00,40.649,2.49,1.027,50.3,51.55,50.12,51.07
2019/8/19 8:00,41.469,2.54,1.048,52,52.19,51.2,52.1
2019/8/20 8:00,40.936,2.508,1.035,51.79,52.09,51.3,51.43
2019/8/21 8:00,41.087,2.517,1.038,51.33,51.62,50.88,51.62
2019/8/22 8:00,36.473,2.619,0.992,50.9,50.9,49.67,50.21
2019/8/23 8:00,35.514,2.551,0.966,50,50.01,48.24,48.89
2019/8/26 8:00,35.616,2.558,0.969,48.02,49.05,47.74,49.03
2019/8/27 8:00,35.986,2.584,0.979,49.12,49.63,49.1,49.54
2019/8/28 8:00,36.182,2.599,0.984,50.3,51.34,49.79,49.81
2019/8/29 8:00,35.666,2.561,0.97,49.78,49.78,48.8,49.1
2019/8/30 8:00,35.921,2.58,0.977,49.58,49.89,49.16,49.45
2019/9/2 8:00,36.117,2.594,0.982,49.98,50,49.34,49.72
2019/9/3 8:00,35.95,2.582,0.978,49.99,49.99,49.15,49.49
2019/9/4 8:00,35.863,2.576,0.975,49.48,49.48,49.01,49.37
2019/9/5 8:00,36.422,2.616,0.991,49.5,50.4,49.49,50.14
2019/9/6 8:00,36.676,2.634,0.998,50.34,51.2,50.21,50.49
2019/9/9 8:00,37.468,2.691,1.019,50.85,51.66,50.56,51.58
2019/9/10 8:00,37.156,2.668,1.011,51.7,51.87,50.86,51.15
2019/9/11 8:00,37.127,2.666,1.01,51.26,51.68,50.9,51.11
2019/9/12 8:00,36.894,2.65,1.003,51.3,51.38,50.36,50.79
2019/9/16 8:00,37.163,2.669,1.011,51.35,51.36,50.85,51.16
2019/9/17 8:00,36.298,2.607,0.987,51.2,51.23,49.68,49.97
2019/9/18 8:00,36.349,2.611,0.989,50,50.13,49.81,50.04
2019/9/19 8:00,36.458,2.618,0.992,50.18,50.26,49.8,50.19
2019/9/20 8:00,36.371,2.612,0.989,50.4,50.44,50,50.07
2019/9/23 8:00,35.725,2.566,0.972,49.9,49.95,48.85,49.18
2019/9/24 8:00,36.226,2.602,0.985,49.4,50.4,49.19,49.87
2019/9/25 8:00,35.623,2.558,0.969,49.85,49.85,48.9,49.04
2019/9/26 8:00,35.223,2.53,0.958,49.3,49.5,48.48,48.49
2019/9/27 8:00,35.289,2.534,0.96,48.49,48.81,48.38,48.58
2019/9/30 8:00,35.434,2.545,0.964,48.65,49.13,48.54,48.78
2019/10/8 8:00,35.173,2.526,0.957,48.8,49.26,48.3,48.42
2019/10/9 8:00,34.933,2.509,0.95,48.3,48.32,47.28,48.09
2019/10/10 8:00,35.594,2.556,0.968,48.4,49.2,48.36,49
2019/10/11 8:00,35.18,2.527,0.957,48.5,48.96,47.97,48.43
2019/10/14 8:00,35.485,2.548,0.965,48.98,49.38,48.5,48.85
2019/10/15 8:00,34.867,2.504,0.948,48.9,49,47.9,48
2019/10/16 8:00,34.519,2.479,0.939,48,48.24,47.48,47.52
2019/10/17 8:00,34.519,2.479,0.939,47.52,47.75,47.4,47.52
2019/10/18 8:00,34.068,2.447,0.927,47.99,47.99,46.82,46.9
2019/10/21 8:00,33.829,2.429,0.92,46.9,46.98,46.21,46.57
2019/10/22 8:00,33.996,2.441,0.925,46.59,46.86,46.52,46.8
2019/10/23 8:00,33.85,2.431,0.921,46.79,46.95,46.56,46.6
2019/10/24 8:00,33.894,2.434,0.922,46.5,46.82,46.5,46.66
2019/10/25 8:00,34.17,2.454,0.929,46.8,47.17,46.44,47.04
2019/10/28 8:00,34.359,2.468,0.934,47.03,47.46,47.03,47.3
2019/10/29 8:00,34.25,2.46,0.932,47.34,47.89,47.1,47.15
2019/10/30 8:00,42.416,2.288,0.889,45.9,45.9,43.5,43.96
2019/10/31 8:00,41.345,2.23,0.867,43.95,43.95,42.6,42.85
2019/11/1 8:00,42.04,2.267,0.881,42.8,43.75,42.3,43.57
2019/11/4 8:00,41.905,2.26,0.878,43.57,43.8,43.13,43.43
2019/11/5 8:00,42.406,2.287,0.889,43.52,44.35,43.02,43.95
2019/11/6 8:00,42.754,2.306,0.896,44.1,44.85,43.53,44.31
2019/11/7 8:00,43.111,2.325,0.904,44.03,45.65,43.69,44.68
2019/11/8 8:00,43.304,2.335,0.908,45.88,45.95,44.8,44.88
2019/11/11 8:00,42.406,2.287,0.889,44.8,44.8,43.63,43.95
2019/11/12 8:00,42.551,2.295,0.892,43.92,44.33,43.55,44.1
2019/11/13 8:00,41.76,2.252,0.875,44.12,44.17,43,43.28
2019/11/14 8:00,41.991,2.265,0.88,43.5,43.82,43.32,43.52
2019/11/15 8:00,41.605,2.244,0.872,43.53,43.63,42.8,43.12
2019/11/18 8:00,41.326,2.229,0.866,42.9,43.03,42.52,42.83
2019/11/19 8:00,42.204,2.276,0.885,42.56,43.75,42.56,43.74
2019/11/20 8:00,41.586,2.243,0.872,43.6,43.6,43.01,43.1
2019/11/21 8:00,42.088,2.27,0.882,43.2,43.87,42.78,43.62
2019/11/22 8:00,42.281,2.28,0.886,43.73,44.6,43.45,43.82
2019/11/25 8:00,43.294,2.335,0.907,44.16,45.28,43.54,44.87
2019/11/26 8:00,43.033,2.321,0.902,44.78,45.09,43.75,44.6
2019/11/27 8:00,42.358,2.284,0.888,44.46,44.47,43.85,43.9
2019/11/28 8:00,41.663,2.247,0.873,43.58,43.73,43.15,43.18
2019/11/29 8:00,41.866,2.258,0.878,43.27,43.62,43.02,43.39
2019/12/2 8:00,41.634,2.245,0.873,43.39,43.54,43.05,43.15
2019/12/3 8:00,42.252,2.279,0.886,43.15,43.84,42.99,43.79
2019/12/4 8:00,42.58,2.296,0.892,43.72,44.44,43.44,44.13
2019/12/5 8:00,42.493,2.292,0.891,44.2,44.41,43.9,44.04
2019/12/6 8:00,42.175,2.275,0.884,44.05,44.14,43.47,43.71
2019/12/9 8:00,41.856,2.257,0.877,43.71,43.8,43.27,43.38
2019/12/10 8:00,41.905,2.26,0.878,43.53,43.53,43.2,43.43
2019/12/11 8:00,42.57,2.296,0.892,43.36,44.23,43.19,44.12
2019/12/12 8:00,41.953,2.263,0.879,44.09,44.09,43.23,43.48
2019/12/13 8:00,41.847,2.257,0.877,43.79,43.89,43.23,43.37
2019/12/16 8:00,42.58,2.296,0.892,43.43,44.15,43.23,44.13
2019/12/17 8:00,43.458,2.344,0.911,44.17,45.55,44.16,45.04
2019/12/18 8:00,43.13,2.326,0.904,45.08,45.08,44.53,44.7
2019/12/19 8:00,43.39,2.34,0.909,44.7,45,44.26,44.97
2019/12/20 8:00,44.983,2.426,0.943,45.23,47.28,45.05,46.62
2019/12/23 8:00,43.94,2.37,0.921,46.32,46.42,45.47,45.54
2019/12/24 8:00,45.137,2.434,0.946,45.75,46.85,45.75,46.78
2019/12/25 8:00,45.204,2.438,0.948,47.05,48.14,46.51,46.85
2019/12/26 8:00,44.78,2.415,0.939,46.21,47.25,46.14,46.41
2019/12/27 8:00,44.384,2.394,0.93,46.2,46.85,46,46
2019/12/30 8:00,45.967,2.479,0.963,46.35,47.8,46.02,47.64
2019/12/31 8:00,45.996,2.481,0.964,47.51,48.1,46.9,47.67
2020/1/2 8:00,46.478,2.507,0.974,47.69,48.47,47.51,48.17
2020/1/3 8:00,46.353,2.5,0.972,48.2,48.99,47.68,48.04
2020/1/6 8:00,46.584,2.512,0.976,47.39,49.19,47.19,48.28
2020/1/7 8:00,46.362,2.5,0.972,48.31,48.5,47.77,48.05
2020/1/8 8:00,45.619,2.46,0.956,47.55,48.35,47.15,47.28
2020/1/9 8:00,45.976,2.48,0.964,47.75,48.2,47.38,47.65
2020/1/10 8:00,45.272,2.442,0.949,47.66,47.66,46.61,46.92
2020/1/13 8:00,49.797,2.686,1.044,51.61,51.61,50.51,51.61
2020/1/14 8:00,51.563,2.781,1.081,55,55.99,53,53.44
2020/1/15 8:00,51.438,2.774,1.078,54.01,54.75,52.28,53.31
2020/1/16 8:00,52.19,2.815,1.094,53.49,54.54,51.78,54.09
2020/1/17 8:00,55.915,3.016,1.172,53.86,59.5,53.2,57.95
2020/1/20 8:00,56.696,3.058,1.188,57.3,59.9,56.5,58.76
2020/1/21 8:00,54.728,2.952,1.147,57.72,57.73,56.55,56.72
2020/1/22 8:00,57.188,3.084,1.199,56.5,60.5,56.1,59.27
2020/1/23 8:00,57.729,3.113,1.21,57.99,61.88,57.51,59.83
2020/2/3 8:00,51.959,2.802,1.089,53.85,54.48,53.85,53.85
2020/2/4 8:00,54.38,2.933,1.14,54,57.5,54,56.36
2020/2/5 8:00,58.674,3.164,1.23,57.7,62,56.99,60.81
2020/2/6 8:00,58.616,3.161,1.229,58.45,60.85,58.4,60.75
2020/2/7 8:00,55.866,3.013,1.171,60.74,60.74,56.66,57.9
2020/2/10 8:00,58.79,3.171,1.232,59.2,63.36,58.85,60.93
2020/2/11 8:00,56.966,3.072,1.194,60,60.12,58.28,59.04
2020/2/12 8:00,57.111,3.08,1.197,59.04,60.6,58.35,59.19
2020/2/13 8:00,55.529,2.995,1.164,58.5,60.13,57.5,57.55
2020/2/14 8:00,54.901,2.961,1.151,57.56,57.9,56.44,56.9
2020/2/17 8:00,56.426,3.043,1.183,56.91,58.56,56.91,58.48
2020/2/18 8:00,57.381,3.095,1.203,57.8,60,57.77,59.47
2020/2/19 8:00,59.736,3.222,1.252,64.47,64.48,61.66,61.91
2020/2/20 8:00,65.708,3.544,1.377,63.17,68.1,63.11,68.1
2020/2/21 8:00,65.129,3.512,1.365,67,68.27,65.68,67.5
2020/2/24 8:00,63.875,3.445,1.339,65.42,67.14,64.96,66.2
2020/2/25 8:00,68.362,3.687,1.433,64.4,72.19,64.17,70.85
2020/2/26 8:00,69.182,3.731,1.45,69.78,75.8,69,71.7
2020/2/27 8:00,67.59,3.645,1.417,71.68,73.15,68.08,70.05
2020/2/28 8:00,63.074,3.402,1.322,66.66,68.99,64.95,65.37
2020/3/2 8:00,64.502,3.479,1.352,65.6,67.23,64,66.85
2020/3/3 8:00,65.486,3.532,1.373,69.8,70.2,67.46,67.87
2020/3/4 8:00,64.241,3.465,1.347,66.95,67.8,64.72,66.58
2020/3/5 8:00,64.463,3.477,1.351,67.02,67.62,65.5,66.81
2020/3/6 8:00,63.064,3.401,1.322,65.5,67.55,65.33,65.36
2020/3/9 8:00,57.362,3.094,1.202,63.29,63.29,59.18,59.45
2020/3/10 8:00,58.057,3.131,1.217,57.6,61.5,57.33,60.17
2020/3/11 8:00,56.687,3.057,1.188,60.77,61.15,58.6,58.75
2020/3/12 8:00,55.027,2.968,1.153,57.31,57.66,55.9,57.03
2020/3/13 8:00,53.705,2.896,1.126,53.8,56.5,52.35,55.66
2020/3/16 8:00,51.988,2.804,1.09,56.59,57.33,53.88,53.88
2020/3/17 8:00,51.177,2.76,1.073,53.88,54.96,51.88,53.04
2020/3/18 8:00,50.26,2.711,1.053,53.59,54.67,52.02,52.09
2020/3/19 8:00,49.556,2.673,1.039,52.11,52.52,49.88,51.36
2020/3/20 8:00,50.675,2.733,1.062,52.3,52.79,51.4,52.52
2020/3/23 8:00,46.459,2.506,0.974,50.25,50.8,47.89,48.15
2020/3/24 8:00,47.983,2.588,1.006,49.26,49.88,47.39,49.73
2020/3/25 8:00,50.415,2.719,1.057,51.55,52.8,51.04,52.25
2020/3/26 8:00,52.364,2.824,1.098,52.5,55.18,51.61,54.27
2020/3/27 8:00,52.856,2.851,1.108,55.4,56.05,54.44,54.78
2020/3/30 8:00,54.255,2.926,1.137,55,57.78,54.87,56.23
2020/3/31 8:00,57.864,3.121,1.213,56.76,59.99,55.45,59.97
2020/4/1 8:00,96.692,2.745,1.22,59.9,60.66,57.02,57.12
2020/4/2 8:00,95.795,2.72,1.209,56.7,56.7,54.8,56.59
2020/4/3 8:00,93.103,2.644,1.175,56.59,56.59,54.91,55
2020/4/7 8:00,95.321,2.707,1.203,56.44,56.92,55.6,56.31
2020/4/8 8:00,93.645,2.659,1.181,55.8,55.8,55.04,55.32
2020/4/9 8:00,94.204,2.675,1.189,55.81,56.54,55.55,55.65
2020/4/10 8:00,92.375,2.623,1.165,56.28,56.28,54.15,54.57
2020/4/13 8:00,94.458,2.682,1.192,54.73,55.94,54.73,55.8
2020/4/14 8:00,98.046,2.784,1.237,55.8,58,55.38,57.92
2020/4/15 8:00,101.804,2.891,1.284,59.36,62.39,58.38,60.14
2020/4/16 8:00,101.584,2.884,1.282,60.1,61.3,59.05,60.01
2020/4/17 8:00,99.536,2.826,1.256,60.6,60.98,58.68,58.8
2020/4/20 8:00,99.638,2.829,1.257,59.4,59.4,58.16,58.86
2020/4/21 8:00,100.501,2.854,1.268,58.5,59.68,57.8,59.37
2020/4/22 8:00,100.426,3.096,1.269,58.4,60,57.88,59.43
2020/4/23 8:00,98.432,3.035,1.244,59.99,60.55,58.04,58.25
2020/4/24 8:00,99.243,3.06,1.254,58.67,60.49,58.5,58.73
2020/4/27 8:00,96.286,2.968,1.217,59.02,59.09,56.88,56.98
2020/4/28 8:00,96.286,2.968,1.217,57,57.59,54.76,56.98
2020/4/29 8:00,161.898,3.024,1.351,58.2,59.45,57.56,58
2020/4/30 8:00,167.369,3.126,1.397,58.82,60.58,58.51,59.96
2020/5/6 8:00,173.566,3.242,1.448,59.4,62.5,59.1,62.18
2020/5/7 8:00,167.732,3.133,1.4,62.17,62.17,59.98,60.09
2020/5/8 8:00,166.866,3.117,1.393,60.11,60.5,59.3,59.78
2020/5/11 8:00,164.354,3.07,1.372,59.29,59.66,58.11,58.88
2020/5/12 8:00,165.052,3.083,1.377,58.89,59.14,58.2,59.13
2020/5/13 8:00,164.661,3.076,1.374,59.13,59.75,58.5,58.99
2020/5/14 8:00,161.033,3.008,1.344,58.9,58.9,57.55,57.69
2020/5/15 8:00,161.786,3.022,1.35,57.79,58.58,57.3,57.96
2020/5/18 8:00,159.609,2.982,1.332,57.4,58.4,56.4,57.18
2020/5/19 8:00,162.512,3.036,1.356,58,58.6,57.75,58.22
2020/5/20 8:00,164.717,3.077,1.375,58.7,60.3,58.67,59.01
2020/5/21 8:00,159.525,2.98,1.331,59.11,59.37,57.01,57.15
2020/5/22 8:00,156.399,2.922,1.305,57.16,57.67,55.51,56.03
2020/5/25 8:00,157.767,2.947,1.317,56.03,56.55,55.31,56.52
2020/5/26 8:00,162.735,3.04,1.358,56.8,58.38,56.8,58.3
2020/5/27 8:00,159.944,2.988,1.335,59.6,59.95,57.07,57.3
2020/5/28 8:00,160.446,2.997,1.339,57.35,58.23,56.4,57.48
2020/5/29 8:00,160.251,2.994,1.337,57.12,58.02,56.81,57.41
2020/6/1 8:00,165.61,3.094,1.382,57.75,59.69,57.44,59.33
2020/6/2 8:00,170.272,3.181,1.421,59.57,62.18,58.88,61
2020/6/3 8:00,167.285,3.125,1.396,60.79,61.05,59.48,59.93
2020/6/4 8:00,167.788,3.134,1.4,60.48,61.2,59.71,60.11
2020/6/5 8:00,176.413,3.295,1.472,61,63.28,60.33,63.2
2020/6/8 8:00,175.268,3.274,1.463,63,63.83,62.45,62.79
2020/6/9 8:00,173.007,3.232,1.444,63,64.41,61.69,61.98
2020/6/10 8:00,170.411,3.183,1.422,62.26,62.42,60.68,61.05
2020/6/11 8:00,175.408,3.277,1.464,61.87,64.2,61.51,62.84
2020/6/12 8:00,171.612,3.206,1.432,61.4,61.93,60.63,61.48
2020/6/15 8:00,174.459,3.259,1.456,62.5,63.88,61.25,62.5
2020/6/16 8:00,178.925,3.342,1.493,63.8,64.46,63.13,64.1
2020/6/17 8:00,178.953,3.343,1.493,64,64.11,62.36,64.11
2020/6/18 8:00,186.294,3.48,1.555,63.8,66.76,62.94,66.74
2020/6/19 8:00,186.992,3.493,1.561,66.69,68.68,66.3,66.99
2020/6/22 8:00,189.811,3.546,1.584,66.6,68.78,66.29,68
2020/6/23 8:00,198.269,3.704,1.655,67.57,72.09,67,71.03
2020/6/24 8:00,200.139,3.739,1.67,71.1,73.06,70.76,71.7
2020/6/29 8:00,197.069,3.681,1.645,71.5,72.43,70.3,70.6
2020/6/30 8:00,200.418,3.744,1.673,71.41,72.85,70.87,71.8
2020/7/1 8:00,202.289,3.779,1.688,73.21,75.45,71.03,72.47
2020/7/2 8:00,201.367,3.762,1.68,72.63,74.61,71.8,72.14
2020/7/3 8:00,221.493,4.138,1.848,73.3,79.35,73.23,79.35
2020/7/6 8:00,225.82,4.218,1.885,79.33,81.59,77.41,80.9
2020/7/7 8:00,231.681,4.328,1.933,84.76,88.5,83,83
2020/7/8 8:00,230.984,4.315,1.928,81.94,84.28,81.86,82.75
2020/7/9 8:00,235.757,4.404,1.967,82.75,86.3,81.46,84.46
2020/7/10 8:00,248.429,4.641,2.073,84.47,92.36,83.05,89
2020/7/13 8:00,273.272,5.105,2.281,92.6,97.9,92.29,97.9
2020/7/14 8:00,269.504,5.034,2.249,97.9,97.91,90.58,96.55
2020/7/15 8:00,263.782,4.928,2.201,97,97.29,92.69,94.5
2020/7/16 8:00,237.404,4.435,1.981,94.4,95.5,85.05,85.05
2020/7/17 8:00,227.746,4.254,1.901,83.02,85.36,80.07,81.59
2020/7/20 8:00,243.321,4.545,2.031,83.7,89.3,81.61,87.17
2020/7/21 8:00,245.889,4.593,2.052,89.9,91.33,87.68,88.09
2020/7/22 8:00,243.377,4.546,2.031,86,89.48,85.5,87.19
2020/7/23 8:00,248.401,4.64,2.073,86.06,89,85.58,88.99
2020/7/24 8:00,231.681,4.328,1.933,87.78,88.14,82.5,83
2020/7/27 8:00,233.133,4.355,1.946,83.5,85.2,82.3,83.52
2020/7/28 8:00,234.221,4.375,1.955,85.98,86.66,83,83.91
2020/7/29 8:00,242.651,4.533,2.025,83.31,87.5,82.52,86.93
2020/7/30 8:00,237.264,4.432,1.98,87.02,87.63,84.3,85
2020/7/31 8:00,238.353,4.452,1.989,84.96,86.66,83.46,85.39
2020/8/3 8:00,240.53,4.493,2.007,85.41,86.5,84.4,86.17
2020/8/4 8:00,248.429,4.641,2.073,86.95,91,86.88,89
2020/8/5 8:00,246.057,4.596,2.053,89,89,86.58,88.15
2020/8/6 8:00,247.676,4.627,2.067,88.81,89.6,87,88.73
2020/8/7 8:00,238.325,4.452,1.989,87.6,88.76,83.81,85.38
2020/8/10 8:00,228.834,4.275,1.91,83.79,84.35,80,81.98
2020/8/11 8:00,226.099,4.224,1.887,81.9,83.2,80.95,81
2020/8/12 8:00,228.834,4.275,1.91,81.18,81.98,78.45,81.98
2020/8/13 8:00,228.332,4.265,1.906,83.5,83.8,81.65,81.8
2020/8/14 8:00,228.695,4.272,1.909,82.1,82.59,80,81.93
2020/8/17 8:00,231.458,4.324,1.932,82.2,83.23,81.33,82.92
2020/8/18 8:00,229.392,3.965,1.914,84.01,84.51,81.8,82.18
2020/8/19 8:00,222.33,3.842,1.855,81.4,81.64,79.52,79.65
2020/8/20 8:00,219.26,3.789,1.83,79.64,80,78.1,78.55
2020/8/21 8:00,222.135,3.839,1.854,80,80.64,78.9,79.58
2020/8/24 8:00,227.327,3.929,1.897,79.9,82.28,79.69,81.44
2020/8/25 8:00,226.769,3.919,1.892,81,82.88,80.5,81.24
2020/8/26 8:00,232.854,4.024,1.943,82,85.31,81.68,83.42
2020/8/27 8:00,238.436,4.121,1.99,86.5,87.55,84.7,85.42
2020/8/28 8:00,238.353,4.119,1.989,85,86.06,83.02,85.39
2020/8/31 8:00,127.251,4.191,1.84,87.02,88.22,84.88,85
2020/9/1 8:00,139.976,4.61,2.024,86.99,93.5,86.31,93.5
2020/9/2 8:00,141.174,4.649,2.041,95.88,96,91.63,94.3
2020/9/3 8:00,138.614,4.565,2.004,92.88,95.16,92.15,92.59
2020/9/4 8:00,134.736,4.437,1.948,88.8,90.59,88.02,90
2020/9/7 8:00,141.832,4.671,2.05,89.48,97.5,89.4,94.74
2020/9/8 8:00,136.233,4.487,1.969,95.88,95.88,90.7,91
2020/9/9 8:00,128.733,4.24,1.861,88.01,88.7,84.85,85.99
2020/9/10 8:00,130.38,4.294,1.885,87.84,90.17,86.9,87.09
2020/9/11 8:00,136.533,4.496,1.974,87.85,91.2,87.22,91.2
2020/9/14 8:00,138.479,4.561,2.002,91.3,94.5,91.3,92.5
2020/9/15 8:00,151.653,4.994,2.192,94.01,101.75,93.5,101.3
2020/9/16 8:00,157.791,5.197,2.281,100.28,107.87,99,105.4
2020/9/17 8:00,173.57,5.716,2.509,105.51,115.94,105.15,115.94
2020/9/18 8:00,172.912,5.695,2.5,113.99,115.5,111.5,115.5
2020/9/21 8:00,158.345,5.215,2.289,116,119.32,104.34,105.77
2020/9/22 8:00,159.842,5.264,2.311,106.5,110.65,104.01,106.77
2020/9/23 8:00,165.277,5.443,2.389,109,111.01,106.3,110.4
2020/9/24 8:00,159.288,5.246,2.303,107.88,110.03,106.01,106.4
2020/9/25 8:00,157.327,5.181,2.274,108.2,109.79,103.8,105.09
2020/9/28 8:00,159.288,5.246,2.303,106.19,108.1,105.65,106.4
2020/9/29 8:00,161.519,5.319,2.335,108.59,109.51,104.25,107.89
2020/9/30 8:00,174.019,5.731,2.516,108.58,118.23,107.1,116.24
2020/10/9 8:00,180.172,5.934,2.605,123.1,126.14,119.2,120.35
2020/10/12 8:00,192.374,6.335,2.781,123.8,129.03,120.45,128.5
2020/10/13 8:00,193.556,6.374,2.798,128,131.88,125,129.29
2020/10/14 8:00,195.368,6.434,2.824,129.15,132.32,128.1,130.5
2020/10/15 8:00,196.94,6.486,2.847,134.6,137.73,131.33,131.55
2020/10/16 8:00,191.326,6.301,2.766,132.56,133.85,125,127.8
2020/10/19 8:00,191.745,6.315,2.772,128,129.81,126.3,128.08
2020/10/20 8:00,209.59,6.902,3.03,126.18,140.33,126.18,140
2020/10/21 8:00,205.847,6.779,2.976,137.99,139.7,134.17,137.5
2020/10/22 8:00,215.264,7.089,3.112,137.23,145,132.07,143.79
2020/10/23 8:00,207.599,6.837,3.001,142.02,145.78,136.5,138.67
2020/10/26 8:00,209.53,6.901,3.029,136.5,142.85,133.1,139.96
2020/10/27 8:00,210.009,6.916,3.036,137.42,141.5,135.83,140.28
2020/10/28 8:00,226.956,7.474,3.281,139.51,153.48,139.02,151.6
2020/10/29 8:00,237.106,7.809,3.428,147.91,166.76,147.91,158.38
2020/10/30 8:00,126.236,7.653,3.138,160,170.3,154.2,159.81
2020/11/2 8:00,132.69,8.044,3.298,160.91,168.75,160.5,167.98
2020/11/3 8:00,129.609,7.857,3.222,172,172.45,159.58,164.08
2020/11/4 8:00,132.729,8.046,3.299,167,170.33,163,168.03
2020/11/5 8:00,146,8.851,3.629,175,184.83,171,184.83
2020/11/6 8:00,150.431,9.12,3.739,189.5,198.85,179.89,190.44
2020/11/9 8:00,150.834,9.144,3.749,191.6,193.67,184.12,190.95
2020/11/10 8:00,144.222,8.743,3.585,186.86,186.88,176.88,182.58
2020/11/11 8:00,129.822,7.87,3.227,176.9,181.89,164.32,164.35
2020/11/12 8:00,133.756,8.109,3.325,168,173.3,165.78,169.33
2020/11/13 8:00,138.946,8.423,3.454,180,182.02,173.29,175.9
2020/11/16 8:00,134.301,8.142,3.338,171.03,171.5,163.5,170.02
2020/11/17 8:00,131.915,7.997,3.279,173.5,175.18,164.46,167
2020/11/18 8:00,131.915,7.997,3.279,165.88,169.18,162.25,167
2020/11/19 8:00,127.666,7.74,3.173,168,168.7,159.52,161.62
2020/11/20 8:00,139.072,8.431,3.457,164.65,177.24,163.22,176.06
2020/11/23 8:00,145.502,8.821,3.617,176.9,185.02,172.07,184.2
2020/11/24 8:00,145.494,8.82,3.617,191.77,194.99,180.71,184.19
2020/11/25 8:00,144.973,8.789,3.604,183,191.7,180.6,183.53
2020/11/26 8:00,138.882,8.42,3.452,183.61,184.8,171.23,175.82
2020/11/27 8:00,137.524,8.337,3.419,175.31,177.9,169.33,174.1
2020/11/30 8:00,135.983,8.244,3.38,171.5,176.74,166.01,172.15
2020/12/1 8:00,139.664,8.467,3.472,168.7,177,167,176.81
2020/12/2 8:00,134.088,8.129,3.333,171.1,172.5,168,169.75
2020/12/3 8:00,135.146,8.193,3.359,169.75,173.66,166.96,171.09
2020/12/4 8:00,135.754,8.23,3.375,171.6,178.8,170.4,171.86
2020/12/7 8:00,138.464,8.394,3.442,171.3,176.66,169.11,175.29
2020/12/8 8:00,140.581,8.522,3.495,178.1,182,176.7,177.97
2020/12/9 8:00,136.844,8.296,3.402,179,181.03,173,173.24
2020/12/10 8:00,133.906,8.118,3.329,168,171.66,166.02,169.52
2020/12/11 8:00,131.915,7.997,3.279,169.35,169.35,162.8,167
2020/12/14 8:00,134.443,8.15,3.342,166.8,170.88,163,170.2
2020/12/15 8:00,137.998,8.366,3.43,170.25,175.05,168.5,174.7
2020/12/16 8:00,135.762,8.23,3.375,176,176.7,170.9,171.87
2020/12/17 8:00,135.699,8.227,3.373,171.18,172.93,169.01,171.79
2020/12/18 8:00,139.025,8.428,3.456,172.5,180.09,171.22,176
2020/12/21 8:00,152.927,9.271,3.801,176.5,193.6,175.5,193.6
2020/12/22 8:00,145.344,8.811,3.613,192.98,192.98,183.66,184
2020/12/23 8:00,147.548,8.945,3.668,183.89,190.8,182.96,186.79
2020/12/24 8:00,144.554,8.763,3.593,185,185,180,183
2020/12/25 8:00,146.308,8.87,3.637,183.32,186.15,181.1,185.22
2020/12/28 8:00,148.448,8.999,3.69,184.3,190.37,182.6,187.93
2020/12/29 8:00,141.078,8.553,3.507,186,186,178.46,178.6
2020/12/30 8:00,146.924,8.907,3.652,180.66,191.95,180.66,186
2020/12/31 8:00,153.48,9.304,3.815,188.86,195.83,184.26,194.3
2021/1/4 8:00,163.322,9.901,4.06,189,211.16,187.09,206.76
2021/1/5 8:00,173.702,10.53,4.318,206,221.23,202.01,219.9
2021/1/6 8:00,170.858,10.358,4.247,219.72,222.18,212,216.3
2021/1/7 8:00,177.762,10.777,4.419,216.6,228.32,214.2,225.04
2021/1/8 8:00,179.713,10.895,4.467,233,234.32,220.7,227.51
2021/1/11 8:00,185.519,11.247,4.612,234.59,245,230.98,234.86
2021/1/12 8:00,187.201,11.349,4.653,231.8,239.75,220,236.99
2021/1/13 8:00,189.026,11.459,4.699,238,249.88,229.69,239.3
2021/1/14 8:00,176.901,10.724,4.397,232,235.45,222.34,223.95
2021/1/15 8:00,177.888,10.784,4.422,222,228.92,216.5,225.2
2021/1/18 8:00,175.116,10.616,4.353,220,224,216.26,221.69
2021/1/19 8:00,170.779,10.353,4.245,222.06,225.2,213.56,216.2
2021/1/20 8:00,175.361,10.631,4.359,219.9,226.3,218.01,222
2021/1/21 8:00,186.04,11.278,4.625,220,239.6,216.81,235.52
2021/1/22 8:00,191.886,11.633,4.77,235.72,243.66,231.51,242.92
2021/1/25 8:00,205.377,12.451,5.105,246.5,262.95,245,260
2021/1/26 8:00,200.812,12.174,4.992,257,262.59,250.99,254.22
2021/1/27 8:00,203.008,12.307,5.046,250.2,259.44,234.5,257
2021/1/28 8:00,193.023,11.702,4.798,245.97,252.5,242.98,244.36
2021/1/29 8:00,204.621,12.405,5.086,249,250.43,237.5,247
2021/2/1 8:00,204.529,12.399,5.084,245,250.13,239,246.89
2021/2/2 8:00,221.603,13.434,5.509,252,268,250.5,267.5
2021/2/3 8:00,217.875,13.208,5.416,268.1,273.37,260.3,263
2021/2/4 8:00,215.307,13.053,5.352,258,264.89,255.34,259.9
2021/2/5 8:00,206.277,12.505,5.128,262,268.28,247.5,249
2021/2/8 8:00,207.271,12.566,5.152,248.99,252.98,240.01,250.2
2021/2/9 8:00,212.905,12.907,5.292,253.1,259.02,247.5,257
2021/2/10 8:00,221.148,13.407,5.497,261,270.66,253,266.95
2021/2/18 8:00,214.553,13.007,5.333,268.86,268.86,255.33,258.99
2021/2/19 8:00,213.195,12.925,5.3,254.9,257.66,245.73,257.35
2021/2/22 8:00,198.424,12.029,4.932,256.6,256.66,239.45,239.52
2021/2/23 8:00,186.395,11.3,4.633,229.59,235.02,222.9,225
2021/2/24 8:00,173.132,10.496,4.304,225,228.59,203.6,208.99
2021/2/25 8:00,173.348,10.509,4.309,215.77,215.85,205.8,209.25
2021/2/26 8:00,163.423,9.907,4.062,196.5,204,194,197.27
2021/3/1 8:00,174.714,10.592,4.343,201,210.99,197.5,210.9
2021/3/2 8:00,175.129,10.617,4.353,214.65,215.8,205.22,211.4
2021/3/3 8:00,173.762,10.534,4.319,205,210.3,201.97,209.75
2021/3/4 8:00,164.442,9.969,4.088,205,205.1,197.3,198.5
2021/3/5 8:00,162.677,9.862,4.044,187.37,199.51,186.18,196.37
2021/3/8 8:00,146.407,8.876,3.639,196.37,197.33,176.73,176.73
2021/3/9 8:00,141.395,8.572,3.515,172.41,178.6,162.03,170.68
2021/3/10 8:00,146.788,8.899,3.649,180,181.88,175.78,177.19
2021/3/11 8:00,151.577,9.189,3.768,176.95,185,174.1,182.97
2021/3/12 8:00,150.508,9.124,3.741,186.17,187.99,178.9,181.68
2021/3/15 8:00,144.361,8.752,3.588,178.55,181,172,174.26
2021/3/16 8:00,146.192,8.863,3.634,177.58,179.1,173.37,176.47
2021/3/17 8:00,146.532,8.883,3.642,174.02,179.97,171.48,176.88
2021/3/18 8:00,147.915,8.967,3.677,178.79,180.63,177.28,178.55
2021/3/19 8:00,141.785,8.595,3.524,173,175.37,169.66,171.15
2021/3/22 8:00,143.98,8.729,3.579,172.33,175.48,170.01,173.8
2021/3/23 8:00,139.979,8.486,3.48,175.8,176.18,166.3,168.97
2021/3/24 8:00,134.818,8.173,3.351,167.99,169.24,162,162.74
2021/3/25 8:00,133.542,8.096,3.32,157,163.45,155.6,161.2
2021/3/26 8:00,141.652,8.587,3.521,163.01,172,162.9,170.99
2021/3/29 8:00,139.258,8.442,3.462,170.01,170.48,164.8,168.1
2021/3/30 8:00,114.195,8.669,3.088,161,169,159.1,169
2021/3/31 8:00,111.161,8.438,3.006,169.21,172.64,162.56,164.51
2021/4/1 8:00,114.242,8.672,3.089,168,171.9,167.01,169.07
2021/4/2 8:00,118.837,9.021,3.213,170.99,178.2,168.58,175.87
2021/4/6 8:00,118.986,9.032,3.217,176.8,179.24,172.8,176.09
2021/4/7 8:00,115.54,8.771,3.124,177.15,178.08,169.5,170.99
2021/4/8 8:00,115.195,8.745,3.115,169,171.5,167.12,170.48
2021/4/9 8:00,112.655,8.552,3.046,171.9,172.1,166,166.72
2021/4/12 8:00,110.452,8.384,2.987,166.73,169.39,162.6,163.46
2021/4/13 8:00,110.823,8.413,2.997,163.48,167.63,163.48,164.01
2021/4/14 8:00,115.513,8.769,3.123,167,171,167,170.95
2021/4/15 8:00,111.83,8.489,3.024,168.5,168.65,163.5,165.5
2021/4/16 8:00,111.695,8.479,3.02,165.4,166.4,160.33,165.3
2021/4/19 8:00,118.959,9.03,3.217,165,177,164.18,176.05
2021/4/20 8:00,115.709,8.784,3.129,175,175,169.78,171.24
2021/4/21 8:00,113.918,8.648,3.08,169,170.59,167.17,168.59
2021/4/22 8:00,113.999,8.654,3.082,170,171.78,167.22,168.71
2021/4/23 8:00,114.364,8.681,3.092,167.18,171.38,166.27,169.25
2021/4/26 8:00,113.182,8.592,3.06,170,173,167.25,167.5
2021/4/27 8:00,111.452,8.46,3.014,166,167.4,163.4,164.94
2021/4/28 8:00,111.83,8.489,3.024,164.86,168.54,162.96,165.5
2021/4/29 8:00,106.957,5.782,2.621,163,164.93,162.2,162.95
2021/4/30 8:00,104.082,5.627,2.55,161.49,162.2,156.71,158.57
2021/5/6 8:00,98.457,5.323,2.412,157,157,150,150
2021/5/7 8:00,94.486,5.108,2.315,148.12,149.96,143.39,143.95
2021/5/10 8:00,96.488,5.216,2.364,143.95,148.35,141.44,147
2021/5/11 8:00,96.199,5.2,2.357,143.7,148.76,140.97,146.56
2021/5/12 8:00,100.905,5.455,2.472,148.26,155,148.26,153.73
2021/5/13 8:00,97.794,5.287,2.396,150.75,151,148.56,148.99
2021/5/14 8:00,100.774,5.448,2.469,147.9,154.1,146.31,153.53
2021/5/17 8:00,104.876,5.67,2.57,155.43,160.88,154.45,159.78
2021/5/18 8:00,104.167,5.631,2.552,160,161.8,156.88,158.7
2021/5/19 8:00,113.409,6.131,2.779,159.9,174,159.88,172.78
2021/5/20 8:00,113.514,6.137,2.781,170,177.56,169.1,172.94
2021/5/21 8:00,113.685,6.146,2.785,174.01,177.99,170.1,173.2
2021/5/24 8:00,113.862,6.155,2.79,171.91,175.5,169.98,173.47
2021/5/25 8:00,115.864,6.264,2.839,175,178,172.7,176.52
2021/5/26 8:00,115.634,6.251,2.833,178,184.58,176,176.17
2021/5/27 8:00,116.474,6.297,2.854,179,179.68,174.5,177.45
2021/5/28 8:00,119.251,6.447,2.922,177.45,185,176.07,181.68
2021/5/31 8:00,117.295,6.341,2.874,175.26,179.11,170.18,178.7
2021/6/1 8:00,124.357,6.723,3.047,178.73,190.9,178.73,189.46
2021/6/2 8:00,122.414,6.618,2.999,190,191.85,185.2,186.5
2021/6/3 8:00,120.708,6.525,2.957,186.6,187.5,180.18,183.9
2021/6/4 8:00,124.318,6.721,3.046,181.61,192,180.52,189.4
2021/6/7 8:00,124.941,6.754,3.061,191,192.87,187,190.35
2021/6/8 8:00,133.12,7.196,3.262,194,205.6,193.25,202.81
2021/6/9 8:00,132.588,7.168,3.249,202.9,203.5,197.02,202
2021/6/10 8:00,140.537,7.597,3.443,202.05,216.05,201,214.11
2021/6/11 8:00,149.011,8.055,3.651,214.3,229.95,212.08,227.02
2021/6/15 8:00,152.49,8.244,3.736,231.54,237.8,224.87,232.32
2021/6/16 8:00,138.496,7.487,3.393,226,231.66,210.66,211
2021/6/17 8:00,152.345,8.236,3.733,210.96,232.1,210.83,232.1
2021/6/18 8:00,160.813,8.693,3.94,236,252.32,234.65,245
2021/6/21 8:00,159.224,8.608,3.901,243.88,249.56,232.13,242.58
2021/6/22 8:00,156.139,8.441,3.826,243,247,236,237.88
2021/6/23 8:00,159.697,8.633,3.913,233,249.8,232.5,243.3
2021/6/24 8:00,160.74,8.69,3.938,244,251.87,240.18,244.89
2021/6/25 8:00,160.806,8.693,3.94,247,248.66,238,244.99
2021/6/28 8:00,166.477,9,4.079,244.99,255,243.52,253.63
2021/6/29 8:00,166.26,8.988,4.074,257.4,259.6,250,253.3
2021/6/30 8:00,164.751,8.906,4.037,250,256.5,246,251
2021/7/1 8:00,155.299,8.395,3.805,251,252.5,235.6,236.6
2021/7/2 8:00,156.901,8.482,3.844,233,243.5,228.89,239.04
2021/7/5 8:00,163.799,8.855,4.013,236.04,250,235.57,249.55
2021/7/6 8:00,164.423,8.889,4.029,255,261.02,241,250.5
2021/7/7 8:00,167.435,9.052,4.102,244,258.6,240.88,255.09
2021/7/8 8:00,165.381,8.94,4.052,253,261.54,251.12,251.96
2021/7/9 8:00,163.32,8.829,4.001,250.88,254.99,241.88,248.82
2021/7/12 8:00,174.912,9.456,4.285,253.3,272.91,251.5,266.48
2021/7/13 8:00,174.006,9.407,4.263,266.49,269.73,260.22,265.1
2021/7/14 8:00,161.003,8.704,3.945,261,261,245,245.29
2021/7/15 8:00,155.168,8.388,3.802,239,243.55,230,236.4
2021/7/16 8:00,146.32,7.91,3.585,235.75,235.75,221.03,222.92
2021/7/19 8:00,147.009,7.947,3.602,220,231.99,214.3,223.97
2021/7/20 8:00,149.326,8.073,3.659,220,229.46,219.11,227.5
2021/7/21 8:00,158.338,8.56,3.879,231.2,244.99,230.01,241.23
2021/7/22 8:00,163.412,8.834,4.004,246.3,249.44,240.17,248.96
2021/7/23 8:00,169.792,9.179,4.16,247.44,262,245.08,258.68
2021/7/26 8:00,163.143,8.819,3.997,250.58,259.74,241.01,248.55
2021/7/27 8:00,156.684,8.47,3.839,246,257.88,237.2,238.71
2021/7/28 8:00,155.233,8.392,3.803,229.99,241.1,223.99,236.5
2021/7/29 8:00,168.82,9.126,4.136,246.94,257.3,242.82,257.2
2021/7/30 8:00,173.75,9.393,4.257,257.19,268.3,252.13,264.71
2021/8/2 8:00,191.124,10.332,4.683,276,291.18,273.3,291.18
2021/8/3 8:00,183.838,9.938,4.504,299,299,275.01,280.08
2021/8/4 8:00,202.223,10.932,4.955,283.01,308.09,282,308.09
2021/8/5 8:00,196.559,10.626,4.816,301,306.25,294.87,299.46
2021/8/6 8:00,199.197,10.825,4.881,313,317.3,298.5,303.48
2021/8/9 8:00,192.679,10.471,4.721,295,297.4,283,293.55
2021/8/10 8:00,191.662,10.416,4.696,293.56,302.31,282,292
2021/8/11 8:00,193.625,10.523,4.744,289,298.83,286.16,294.99
2021/8/12 8:00,202.807,11.022,4.969,293,313.38,289.37,308.98
2021/8/13 8:00,196.926,10.702,4.825,303,312.5,297.99,300.02
2021/8/16 8:00,187.33,10.18,4.59,297,297,285,285.4
2021/8/17 8:00,183.989,9.999,4.508,283.45,290.5,278,280.31
2021/8/18 8:00,186.188,10.118,4.562,285.41,288.09,278.19,283.66
2021/8/19 8:00,192.791,10.477,4.724,283.66,298.68,278.57,293.72
2021/8/20 8:00,187.126,10.169,4.585,289,293.6,282,285.09
2021/8/23 8:00,190.218,10.337,4.661,281.5,294.44,275.55,289.8
2021/8/24 8:00,195.764,10.639,4.796,292.79,302,290.05,298.25
2021/8/25 8:00,194.419,10.566,4.763,297.8,299.8,291,296.2
2021/8/26 8:00,185.426,10.077,4.543,297,298.77,282.5,282.5
2021/8/27 8:00,189.135,10.279,4.634,280.99,296.03,280,288.15
2021/8/30 8:00,215.398,9.929,4.315,277.44,288,273.96,281.97
2021/8/31 8:00,211.601,9.754,4.239,286.88,286.88,266.55,277
2021/9/1 8:00,203.428,9.377,4.075,277,277.97,257.6,266.3
2021/9/2 8:00,203.962,9.402,4.086,267.01,271.99,262.7,267
2021/9/3 8:00,194.116,8.948,3.888,267.01,271,250.4,254.11
2021/9/6 8:00,212.06,9.775,4.248,259.99,279,259,277.6
2021/9/7 8:00,210.799,9.717,4.223,277.6,281.11,273.27,275.95
2021/9/8 8:00,205.941,9.493,4.125,277.9,279.28,268.61,269.59
2021/9/9 8:00,207.56,9.567,4.158,272,279.58,265.8,271.71
2021/9/10 8:00,202.901,9.353,4.064,271.71,272.53,262.64,265.61
2021/9/13 8:00,199.654,9.203,3.999,268.33,271.98,259.18,261.36
2021/9/14 8:00,205.666,9.48,4.12,261.39,276,257.06,269.23
2021/9/15 8:00,199.494,9.196,3.996,267.89,270,260,261.15
2021/9/16 8:00,191.74,8.838,3.841,261.15,264.77,250.53,251
2021/9/17 8:00,194.887,8.983,3.904,253,257,250.49,255.12
2021/9/22 8:00,188.837,8.704,3.783,248,251.44,244.03,247.2
2021/9/23 8:00,190.915,8.8,3.824,253.83,257.52,248.88,249.92
2021/9/24 8:00,192.328,8.865,3.853,250.96,257.5,247,251.77
2021/9/27 8:00,192.886,8.891,3.864,254,257.49,246.8,252.5
2021/9/28 8:00,188.577,8.692,3.777,251.9,253.82,246.29,246.86
2021/9/29 8:00,180.281,8.31,3.611,243,244.88,235,236
2021/9/30 8:00,190.602,8.786,3.818,238.2,249.7,237.2,249.51
2021/10/8 8:00,193.268,8.909,3.871,257.98,259.98,250,253
2021/10/11 8:00,195.369,9.005,3.913,253.1,263.1,248,255.75
2021/10/12 8:00,196.331,9.05,3.933,255,262.9,253.01,257.01
2021/10/13 8:00,207.171,9.549,4.15,257.01,273.6,254.33,271.2
2021/10/14 8:00,208.5,9.611,4.176,271,275.99,268.14,272.94
2021/10/15 8:00,216.437,9.977,4.335,275,287.5,271,283.33
2021/10/18 8:00,218.415,10.068,4.375,284.25,288.63,280.04,285.92
2021/10/19 8:00,217.552,10.028,4.358,288,294.91,284,284.79
2021/10/20 8:00,221.991,10.233,4.447,286,295,285.24,290.6
2021/10/21 8:00,219.248,10.106,4.392,291,292.6,284.01,287.01
2021/10/22 8:00,229.171,10.564,4.591,292.2,301,289,300
2021/10/25 8:00,242.425,11.174,4.856,303.11,318.65,302.23,317.35
2021/10/26 8:00,243.693,11.233,4.881,330.5,333.33,317.76,319.01
2021/10/27 8:00,245.779,11.329,4.923,313,326.73,311.28,321.74
2021/10/28 8:00,235.267,10.845,4.713,319.61,323.8,305.4,307.98
2021/10/29 8:00,272.901,10.8,4.527,305.13,313.76,293.77,311.31
2021/11/1 8:00,264.739,10.477,4.391,301.41,308.41,293.82,302
2021/11/2 8:00,275.154,10.889,4.564,310,319.8,307.64,313.88
2021/11/3 8:00,265.625,10.512,4.406,313.13,313.85,299.86,303.01
2021/11/4 8:00,284.902,11.275,4.726,311.13,329,309.03,325
2021/11/5 8:00,275.259,10.893,4.566,324,327,313.01,314
2021/11/8 8:00,276.136,10.928,4.58,308.09,319.61,307,315
2021/11/9 8:00,286.038,11.32,4.745,315.05,329.97,315.05,320.69
2021/11/10 8:00,276.735,10.952,4.59,314,315.6,301.58,310.26
2021/11/11 8:00,278.278,11.013,4.616,313,316.99,308.05,311.99
2021/11/12 8:00,273.631,10.829,4.539,315.8,316.74,305.5,306.78
2021/11/15 8:00,263.071,10.411,4.364,306.78,306.78,290.44,294.94
2021/11/16 8:00,261.795,10.36,4.342,294,297.69,288,293.51
2021/11/17 8:00,264.774,10.478,4.392,300,303.24,294,296.85
2021/11/18 8:00,263.481,10.427,4.37,294.8,298.88,290,295.4
2021/11/19 8:00,264.747,10.477,4.391,295.72,300,288,296.82
2021/11/22 8:00,277.395,10.978,4.601,298.4,311.51,298.2,311
2021/11/23 8:00,275.148,10.889,4.564,307.88,309.73,303.98,308.48
2021/11/24 8:00,270.438,10.703,4.486,305.43,309.6,301,303.2
2021/11/25 8:00,265.8,10.519,4.409,303.2,304.49,291.3,298
2021/11/26 8:00,265.497,10.507,4.404,295,304.77,294.05,297.66
2021/11/29 8:00,271.562,10.747,4.504,291.8,307.07,289.93,304.46
2021/11/30 8:00,271.776,10.755,4.508,307,308,303,304.7
2021/12/1 8:00,272.329,10.777,4.517,305.2,307.5,300.38,305.32
2021/12/2 8:00,275.433,10.9,4.569,305,314.06,303.1,308.8
2021/12/3 8:00,273.738,10.833,4.541,306.99,309.8,298.86,306.9
2021/12/6 8:00,269.145,10.651,4.464,301,311.51,300.86,301.75
2021/12/7 8:00,262.946,10.406,4.362,306.01,306.35,291.08,294.8
2021/12/8 8:00,268.288,10.617,4.45,296.01,301,294.5,300.79
2021/12/9 8:00,267.138,10.572,4.431,300,300.63,297.03,299.5
2021/12/10 8:00,268.85,10.64,4.459,295.99,302.03,292.8,301.42
2021/12/13 8:00,266.157,10.533,4.415,302.99,303,298,298.4
2021/12/14 8:00,261.697,10.357,4.341,295.5,297.07,291.69,293.4
2021/12/15 8:00,261.652,10.355,4.34,293.41,295.5,291.71,293.35
2021/12/16 8:00,255.275,10.102,4.234,293,293.49,279,286.2
2021/12/17 8:00,248.835,9.848,4.127,284,285.88,278.61,278.98
2021/12/20 8:00,241.271,9.548,4.002,279.23,281.47,268.28,270.5
2021/12/21 8:00,246.364,9.75,4.086,270.5,276.78,269.41,276.21
2021/12/22 8:00,249.049,9.856,4.131,280.01,285.18,277.01,279.22
2021/12/23 8:00,249.736,9.883,4.142,282.03,284.9,277.16,279.99
2021/12/24 8:00,240.825,9.531,3.995,281.98,282,264.96,270
2021/12/27 8:00,238.176,9.426,3.951,269,271.54,266,267.03
2021/12/28 8:00,241.584,9.561,4.007,268.15,271,266.21,270.85
2021/12/29 8:00,239.934,9.495,3.98,272.15,272.22,263,269
2021/12/30 8:00,238.266,9.429,3.952,268,272.98,266,267.13
2021/12/31 8:00,239.149,9.464,3.967,273,274.19,267,268.12
2022/1/4 8:00,241.717,9.566,4.009,276,279.45,265.22,271
2022/1/5 8:00,225.894,8.94,3.747,264.55,266.48,251.72,253.26
2022/1/6 8:00,223.004,8.825,3.699,250,254.53,247.89,250.02
2022/1/7 8:00,219.865,8.701,3.647,251.8,252.96,245,246.5
2022/1/10 8:00,219.686,8.694,3.644,245,249.47,239.03,246.3
2022/1/11 8:00,213.255,8.44,3.537,246.28,246.28,237.8,239.09
2022/1/12 8:00,228.338,9.036,3.787,246,256,244.31,256
2022/1/13 8:00,227.723,9.012,3.777,257.74,258.56,248.61,255.31
2022/1/14 8:00,225.787,8.935,3.745,250.8,257.3,250,253.14
2022/1/17 8:00,237.695,9.407,3.943,253.02,267.49,253.02,266.49
2022/1/18 8:00,237.329,9.392,3.937,266.41,268.96,262.3,266.08
2022/1/19 8:00,225.636,8.929,3.743,265.95,267.88,250.31,252.97
2022/1/20 8:00,223.941,8.862,3.715,252.1,253.71,247,251.07
2022/1/21 8:00,223.343,8.839,3.705,251.08,255.74,246.33,250.4
2022/1/24 8:00,224.235,8.874,3.719,246.08,252.88,244.27,251.4
2022/1/25 8:00,214.344,8.483,3.555,248,251,240,240.31
2022/1/26 8:00,222.532,8.807,3.691,245,251.38,242.31,249.49
2022/1/27 8:00,215.2,8.516,3.57,247,249.3,241,241.27
2022/1/28 8:00,202.293,8.006,3.355,239.98,242,219.76,226.8
2022/2/7 8:00,217.992,8.627,3.616,240.79,249.28,238.01,244.4
2022/2/8 8:00,211.364,8.365,3.506,243,243,230.64,236.97
2022/2/9 8:00,218.687,8.654,3.627,239.05,246.4,235.03,245.18
2022/2/10 8:00,214.174,8.476,3.553,246.77,248,238.1,240.12
2022/2/11 8:00,205.317,8.125,3.406,236.05,240.12,228.5,230.19
2022/2/14 8:00,206.914,8.189,3.432,230.2,235,225,231.98
2022/2/15 8:00,212.56,8.412,3.526,232.18,239.96,232.18,238.31
2022/2/16 8:00,214.602,8.493,3.56,242,244.99,240.39,240.6
2022/2/17 8:00,218.892,8.663,3.631,242.24,248.74,239,245.41
2022/2/18 8:00,216.707,8.576,3.595,241,245.39,240,242.96
2022/2/21 8:00,215.753,8.538,3.579,241,245.8,239.64,241.89
2022/2/22 8:00,211.793,8.382,3.513,239,239,234.3,237.45
2022/2/23 8:00,224.77,8.895,3.728,241.9,252.52,239.01,252
2022/2/24 8:00,218.402,8.643,3.623,248.11,251.78,241.58,244.86
2022/2/25 8:00,221.06,8.748,3.667,249.9,252.38,247.83,247.84
2022/2/28 8:00,222.63,8.811,3.693,246.9,250.19,246,249.6
2022/3/1 8:00,224.574,8.887,3.725,255,256.61,249.25,251.78
2022/3/2 8:00,221.738,8.775,3.678,249,249.36,243.96,248.6
2022/3/3 8:00,218.714,8.656,3.628,249.52,250.86,244,245.21
2022/3/4 8:00,208.537,8.253,3.459,237.31,241.86,230,233.8
2022/3/7 8:00,199.448,7.893,3.308,226.89,227.69,220.02,223.61
2022/3/8 8:00,192.83,7.631,3.198,221.08,225.49,210,216.19
2022/3/9 8:00,199.43,7.892,3.308,217,223.6,210,223.59
2022/3/10 8:00,204.345,8.087,3.389,232.91,233.43,229,229.1
2022/3/11 8:00,205.014,8.113,3.401,222,231.79,220.02,229.85
2022/3/14 8:00,195.336,7.73,3.24,225,225,219,219
2022/3/15 8:00,189.806,7.512,3.148,211.13,222,209.43,212.8
2022/3/16 8:00,204.639,8.099,3.394,221,230,214.2,229.43
2022/3/17 8:00,209.518,8.292,3.475,240.38,240.88,234.66,234.9
2022/3/18 8:00,209.161,8.278,3.469,234.9,238.87,232.05,234.5
2022/3/21 8:00,218.866,8.662,3.63,240,248.87,238.17,245.38
2022/3/22 8:00,218.348,8.641,3.622,245,247.4,242.02,244.8
2022/3/23 8:00,220.462,8.725,3.657,250,251,246.27,247.17
2022/3/24 8:00,220.382,8.722,3.655,243.7,250,242.4,247.08
2022/3/25 8:00,209.884,8.306,3.481,247.1,248.96,234.01,235.31
2022/3/28 8:00,205.504,8.133,3.409,234.9,234.9,228.88,230.4
2022/3/29 8:00,206.04,8.154,3.418,232.92,236.5,228.8,231
2022/3/30 8:00,226.585,7.258,3.192,227,237.02,222.22,237.02
2022/3/31 8:00,219.683,7.037,3.095,234.21,235,226.89,229.8
2022/4/1 8:00,225.572,7.225,3.178,226.79,239.56,226.6,235.96
2022/4/6 8:00,231.25,7.407,3.258,245,246,239.61,241.9
2022/4/7 8:00,229.434,7.349,3.232,240,245.3,239.01,240
2022/4/8 8:00,233.238,7.471,3.286,240.01,246.5,239.1,243.98
2022/4/11 8:00,222.742,7.135,3.138,240,241.48,229.5,233
2022/4/12 8:00,227.675,7.293,3.208,232,238.56,231.2,238.16
2022/4/13 8:00,226.566,7.257,3.192,235.02,241.95,233.01,237
2022/4/14 8:00,230.667,7.389,3.25,242,244.99,240.87,241.29
2022/4/15 8:00,225.801,7.233,3.181,238.5,240,232.75,236.2
2022/4/18 8:00,228.573,7.321,3.22,234.79,241,230,239.1
2022/4/19 8:00,234.08,7.498,3.298,243.16,250.9,243.13,244.86
2022/4/20 8:00,231.135,7.404,3.256,247.66,248.33,240.86,241.78
2022/4/21 8:00,223.736,7.167,3.152,237.77,240.77,232.1,234.04
2022/4/22 8:00,225.036,7.208,3.171,230.01,235.66,229.06,235.4
2022/4/25 8:00,217.484,6.966,3.064,230,236.44,226.62,227.5
2022/4/26 8:00,221.604,7.098,3.122,228.99,235.85,228.43,231.81
2022/4/27 8:00,224.663,7.196,3.165,226.61,235.81,218.81,235.01
2022/4/28 8:00,186.747,7.046,2.791,234.6,235.5,230,231.98
2022/4/29 8:00,195.618,7.381,2.923,233.8,243.83,230.75,243
2022/5/5 8:00,200.287,7.557,2.993,246.2,252.39,241.77,248.8
2022/5/6 8:00,194.878,7.353,2.912,241.02,246,240.1,242.08
2022/5/9 8:00,187.351,7.069,2.8,231,236.89,231,232.73
2022/5/10 8:00,187.834,7.087,2.807,224.1,233.66,222.28,233.33
2022/5/11 8:00,203.427,7.675,3.04,232,256.66,231.5,252.7
2022/5/12 8:00,204.546,7.718,3.057,249.99,257.7,248.71,254.09
2022/5/13 8:00,217.418,8.203,3.249,259.8,271.5,255.91,270.08
2022/5/16 8:00,215.035,8.113,3.214,271.11,273,265.3,267.12
2022/5/17 8:00,227.416,8.581,3.399,268.98,285,268.5,282.5
2022/5/18 8:00,226.547,8.548,3.386,282.5,288,279,281.42
2022/5/19 8:00,229.035,8.642,3.423,275.31,285.35,274.3,284.51
2022/5/20 8:00,231.603,8.738,3.461,287.01,291.61,281.2,287.7
2022/5/23 8:00,237.64,8.966,3.551,292.7,298,287.81,295.2
2022/5/24 8:00,226.209,8.535,3.381,290,292.96,281,281
2022/5/25 8:00,231.2,8.723,3.455,281.26,288.65,278.03,287.2
2022/5/26 8:00,230.749,8.706,3.448,287.37,291.22,282.5,286.64
2022/5/27 8:00,232.552,8.774,3.475,292.95,297.61,286.65,288.88
2022/5/30 8:00,239.991,9.055,3.587,292,299.7,291.08,298.12
2022/5/31 8:00,238.212,8.988,3.56,300,300.96,293.51,295.91
2022/6/1 8:00,241.488,9.111,3.609,298,304.8,293.12,299.98
2022/6/2 8:00,242.325,9.143,3.621,296,305,295.22,301.02
2022/6/6 8:00,256.18,9.666,3.829,304,320.47,302.55,318.23
2022/6/7 8:00,253.491,9.564,3.788,318,319.87,311.11,314.89
2022/6/8 8:00,263.57,9.945,3.939,318.6,328.06,313.01,327.41
2022/6/9 8:00,259.545,9.793,3.879,334.03,334.8,321,322.41
2022/6/10 8:00,280.789,10.594,4.196,321.5,350,321.06,348.8
2022/6/13 8:00,280.789,10.594,4.196,346,358.86,340.6,348.8
2022/6/14 8:00,276.595,10.436,4.134,342,344.79,327.23,343.59
2022/6/15 8:00,269.68,10.175,4.03,343.97,346.23,332.52,335
2022/6/16 8:00,270.485,10.205,4.042,335.5,342.7,333.41,336
2022/6/17 8:00,272.095,10.266,4.066,330.1,341.2,327.07,338
2022/6/20 8:00,275.46,10.393,4.117,338.08,348.66,335.02,342.18
2022/6/21 8:00,274.51,10.357,4.102,339.76,341.8,332.2,341
2022/6/22 8:00,273.608,10.323,4.089,342.42,347.63,338,339.88
2022/6/23 8:00,284.572,10.737,4.253,344.7,354.05,338,353.5
2022/6/24 8:00,282.6,10.663,4.223,352.99,356.28,346.01,351.05
2022/6/27 8:00,281.505,10.621,4.207,352.07,357,348.33,349.69
2022/6/28 8:00,284.089,10.719,4.246,347,358.8,342.71,352.9
2022/6/29 8:00,266.951,10.072,3.989,349.99,350,331.49,331.61
2022/6/30 8:00,268.464,10.129,4.012,331,339.35,330,333.49
2022/7/1 8:00,265.011,9.999,3.961,332.18,333,320.1,329.2
2022/7/4 8:00,270.614,10.21,4.044,332,338.21,330.2,336.16
2022/7/5 8:00,268.786,10.141,4.017,337,340.6,329.59,333.89
2022/7/6 8:00,270.565,10.209,4.044,333.8,340.6,331.99,336.1
2022/7/7 8:00,281.256,10.612,4.203,337.7,351.95,333.37,349.38
2022/7/8 8:00,272.095,10.266,4.066,349.38,351.88,338,338
2022/7/11 8:00,261.066,9.85,3.902,335.88,335.88,318.88,324.3
2022/7/12 8:00,248.749,9.385,3.717,320,321,300.08,309
2022/7/13 8:00,249.458,9.412,3.728,309,313.84,296.77,309.88
2022/7/14 8:00,260.02,9.811,3.886,308.91,323,307,323
2022/7/15 8:00,272.248,10.272,4.069,335,349.89,333,338.19
2022/7/18 8:00,271.37,10.239,4.056,345,346,328,337.1
2022/7/19 8:00,266.54,10.057,3.983,337.1,337.1,327.62,331.1
2022/7/20 8:00,267.023,10.075,3.991,332.98,333.86,329.08,331.7
2022/7/21 8:00,261.227,9.856,3.904,329,331,322.94,324.5
2022/7/22 8:00,265.349,10.012,3.966,326.01,334.66,326,329.62
2022/7/25 8:00,259.979,9.809,3.885,326,327,320,322.95
2022/7/26 8:00,261.63,9.871,3.91,322.48,327.68,320,325
2022/7/27 8:00,262.274,9.896,3.92,324,329.8,321.01,325.8
2022/7/28 8:00,261.976,9.884,3.915,329.02,331.45,324,325.43
2022/7/29 8:00,257.896,9.762,3.854,323,327.8,317.96,320.36
2022/8/1 8:00,266.091,10.072,3.977,317.98,332.08,316.32,330.54
2022/8/2 8:00,262.919,9.952,3.929,324.9,330.48,321.3,326.6
2022/8/3 8:00,259.208,9.811,3.874,326.7,334.85,318.89,321.99
2022/8/4 8:00,263.08,9.958,3.932,328,331.47,322.1,326.8
2022/8/5 8:00,261.221,9.887,3.904,330,331.89,318.28,324.49
2022/8/8 8:00,258.693,9.792,3.866,322.11,324.9,319,321.35
2022/8/9 8:00,257.381,9.742,3.846,321.18,323.8,318.15,319.72
2022/8/10 8:00,248.228,9.396,3.71,319.7,319.7,305,308.35
2022/8/11 8:00,253.597,9.599,3.79,311.43,315.89,305.6,315.02
2022/8/12 8:00,251.11,9.505,3.753,315.02,316.28,310,311.93
2022/8/15 8:00,253.75,9.605,3.792,312.2,319.23,311.22,315.21
2022/8/16 8:00,256.737,9.718,3.837,315.8,321.89,315.5,318.92
2022/8/17 8:00,263.99,9.992,3.945,319.99,329.6,316.72,327.93
2022/8/18 8:00,262.468,9.935,3.923,327,330,323.84,326.04
2022/8/19 8:00,257.115,9.732,3.843,325.03,327.44,317,319.39
2022/8/22 8:00,260.094,9.845,3.887,316,326.09,312.22,323.09
2022/8/23 8:00,258.902,9.8,3.869,324,325.55,318.98,321.61
2022/8/24 8:00,249.153,9.431,3.724,321.68,322.96,309.3,309.5
2022/8/25 8:00,249.218,9.433,3.724,309.56,311.08,302.66,309.58
2022/8/26 8:00,254.169,9.621,3.798,312.99,317.93,310,315.73
2022/8/29 8:00,252.414,9.554,3.772,313.67,316.87,311.49,313.55
2022/8/30 8:00,165.529,9.367,3.28,315.5,318.5,310,310.85
2022/8/31 8:00,153.351,8.678,3.039,291,296.6,284,287.98
2022/9/1 8:00,152.669,8.639,3.025,285,294.6,284.03,286.7
2022/9/2 8:00,150.167,8.498,2.976,288.7,289.6,278.1,282
2022/9/5 8:00,143.116,8.099,2.836,269,270.88,261.1,268.76
2022/9/6 8:00,145.342,8.225,2.88,268.77,274.45,267.21,272.94
2022/9/7 8:00,150.539,8.519,2.983,272,285.05,270.6,282.7
2022/9/8 8:00,148.175,8.385,2.936,283,284.99,277,278.26
2022/9/9 8:00,148.942,8.428,2.952,280.99,281.49,276.99,279.7
2022/9/13 8:00,151.658,8.582,3.005,282,286.69,279.37,284.8
2022/9/14 8:00,148.212,8.387,2.937,282,283.8,276.26,278.33
2022/9/15 8:00,143.51,8.121,2.844,280,280.5,266.91,269.5
2022/9/16 8:00,141.636,8.015,2.807,268,271.45,264.36,265.98
2022/9/19 8:00,143.963,8.147,2.853,268,273.9,266.68,270.35
2022/9/20 8:00,146.018,8.263,2.894,273.8,277.49,272.01,274.21
2022/9/21 8:00,143.776,8.136,2.849,271.8,272.61,267,270
2022/9/22 8:00,143.004,8.092,2.834,267.49,269.38,261.3,268.55
2022/9/23 8:00,141.859,8.028,2.811,267.09,269.77,264.28,266.4
2022/9/26 8:00,145.347,8.225,2.88,266.4,276,263.58,272.95
2022/9/27 8:00,145.885,8.255,2.891,272.96,274.83,270.06,273.96
2022/9/28 8:00,141.444,8.004,2.803,273,273,265.5,265.62
2022/9/29 8:00,140.885,7.972,2.792,270,271.8,264,264.57
2022/9/30 8:00,134.197,7.594,2.659,263,263.55,249,252.01
2022/10/10 8:00,133.765,7.569,2.651,252.27,256.4,249.44,251.2
2022/10/11 8:00,135.794,7.684,2.691,252,257.38,249.33,255.01
2022/10/12 8:00,139.697,7.905,2.768,254,263.25,249.95,262.34
2022/10/13 8:00,137.482,7.78,2.725,260,263,258.08,258.18
2022/10/14 8:00,140.869,7.971,2.792,262.08,269.1,259.95,264.54
2022/10/17 8:00,138.803,7.855,2.751,263,263,256.69,260.66
2022/10/18 8:00,145.731,8.247,2.888,279,279,272.5,273.67
2022/10/19 8:00,142.445,8.061,2.823,273.67,276.44,266.88,267.5
2022/10/20 8:00,140.321,7.94,2.781,264,265.58,257.4,263.51
2022/10/21 8:00,141.806,8.025,2.81,263.52,270.88,262.01,266.3
2022/10/24 8:00,136.092,7.701,2.697,264.9,266.31,253.57,255.57
2022/10/25 8:00,137.338,7.772,2.722,253,260.59,250.03,257.91
2022/10/26 8:00,137.317,7.77,2.721,260,264.04,255.29,257.87
2022/10/27 8:00,135.789,7.684,2.691,258.99,260.72,255,255
2022/10/28 8:00,127.743,7.229,2.532,253,253,235.81,239.89
2022/10/31 8:00,72.436,7.005,2.121,237.5,251,237.11,246.67
2022/11/1 8:00,76.884,7.435,2.251,247.11,262.2,247,261.82
2022/11/2 8:00,78.57,7.598,2.3,261,271.6,258.36,267.56
2022/11/3 8:00,78.693,7.61,2.304,265.02,271.76,264.1,267.98
2022/11/4 8:00,82.282,7.957,2.409,268.98,283.02,268,280.2
2022/11/7 8:00,81.894,7.92,2.397,275,282.03,272.99,278.88
2022/11/8 8:00,81.169,7.849,2.376,279.45,282.6,273.5,276.41
2022/11/9 8:00,79.178,7.657,2.318,278.15,278.88,268.64,269.63
2022/11/10 8:00,76.426,7.391,2.237,264.63,264.97,255.8,260.26
2022/11/11 8:00,78.934,7.633,2.311,270.5,272.97,265.16,268.8
2022/11/14 8:00,77.463,7.491,2.268,269.23,272.54,262.76,263.79
2022/11/15 8:00,78.406,7.582,2.295,263.99,268.3,260.1,267
2022/11/16 8:00,76.667,7.414,2.244,265.78,266.6,260.1,261.08
2022/11/17 8:00,75.469,7.298,2.209,259.91,259.91,253.58,257
2022/11/18 8:00,74.788,7.232,2.189,257.77,259.56,253.5,254.68
2022/11/21 8:00,74.647,7.219,2.185,252.84,254.6,248.51,254.2
2022/11/22 8:00,73.557,7.113,2.153,255,255.25,250,250.49
2022/11/23 8:00,73.854,7.142,2.162,250.49,251.5,247.2,251.5
2022/11/24 8:00,73.234,7.082,2.144,253.35,255,248.28,249.39
2022/11/25 8:00,71.96,6.959,2.107,249,249,245,245.05
2022/11/28 8:00,71.977,6.961,2.107,240,245.13,237.22,245.11
2022/11/29 8:00,72.914,7.051,2.135,246.28,249.68,243,248.3
2022/11/30 8:00,76.209,7.37,2.231,248.36,260,246.48,259.52
2022/12/1 8:00,78.306,7.573,2.292,268,270.95,264.92,266.66
2022/12/2 8:00,76.961,7.442,2.253,264.92,267.57,260.48,262.08
2022/12/5 8:00,77.337,7.479,2.264,265.95,267.59,261.9,263.36
2022/12/6 8:00,78.582,7.599,2.3,260.55,271.63,260.01,267.6
2022/12/7 8:00,80.385,7.774,2.353,267.65,278.28,267.65,273.74
2022/12/8 8:00,80.546,7.789,2.358,273.75,275,270.87,274.29
2022/12/9 8:00,80.667,7.801,2.361,275.48,277.7,271.45,274.7
2022/12/12 8:00,79.251,7.664,2.32,271.96,273.47,268,269.88
2022/12/13 8:00,79.228,7.662,2.319,272,275,269.5,269.8
2022/12/14 8:00,78.229,7.565,2.29,269.41,269.44,263.6,266.4
2022/12/15 8:00,79.715,7.709,2.334,266.33,272.28,263.51,271.46
2022/12/16 8:00,79.436,7.682,2.325,270.07,271.37,267.55,270.51
2022/12/19 8:00,78.259,7.568,2.291,268.99,275,265.61,266.5
2022/12/20 8:00,76.82,7.429,2.249,265.9,265.9,258.68,261.6
2022/12/21 8:00,76.585,7.406,2.242,261.58,262.85,259.6,260.8
2022/12/22 8:00,76.112,7.36,2.228,263,263.5,258.51,259.19
2022/12/23 8:00,74.054,7.161,2.168,256.1,256.4,250.5,252.18
2022/12/26 8:00,77.061,7.452,2.256,252.2,263.5,252.19,262.42
2022/12/27 8:00,76.973,7.444,2.253,263.46,263.98,259.8,262.12
2022/12/28 8:00,74.77,7.231,2.189,257.5,259.2,253,254.62
2022/12/29 8:00,74.811,7.235,2.19,253.99,258.86,252.13,254.76
2022/12/30 8:00,75.46,7.297,2.209,258.5,260.37,256.51,256.97
2023/1/3 8:00,76.491,7.397,2.239,256.41,261.92,250,260.48
2023/1/4 8:00,76.086,7.358,2.227,260,260.48,256.5,259.1
2023/1/5 8:00,77.842,7.528,2.279,262.52,267.59,261.06,265.08
2023/1/6 8:00,78.171,7.559,2.288,267.91,271.2,265.1,266.2
2023/1/9 8:00,77.343,7.479,2.264,268,268,262.29,263.38
2023/1/10 8:00,78.285,7.571,2.292,262.05,269.58,257.31,266.59
2023/1/11 8:00,78.99,7.639,2.312,264.9,271,261.41,268.99
2023/1/12 8:00,81.43,7.875,2.384,271.51,284.45,270.7,277.3
2023/1/13 8:00,81.806,7.911,2.395,277.41,279.93,275,278.58
2023/1/16 8:00,80.402,7.775,2.354,278.58,278.77,272,273.8
2023/1/17 8:00,79.284,7.667,2.321,273.81,274.5,268.93,269.99
2023/1/18 8:00,78.993,7.639,2.312,269.85,272.5,266.49,269
2023/1/19 8:00,79.433,7.682,2.325,267.88,270.85,266.52,270.5
2023/1/20 8:00,79.307,7.669,2.322,271,271.88,267.02,270.07
2023/1/30 8:00,82.807,8.008,2.424,285,288,281,281.99
2023/1/31 8:00,83.926,8.116,2.457,285,288.8,280.39,285.8
2023/2/1 8:00,89.368,8.642,2.616,287.98,304.33,286.14,304.33
2023/2/2 8:00,88.866,8.594,2.602,305.87,306.13,299.96,302.62
2023/2/3 8:00,86.628,8.377,2.536,299.95,299.95,292.8,295
2023/2/6 8:00,85.154,8.235,2.493,291.69,291.69,287.61,289.98
2023/2/7 8:00,84.866,8.207,2.484,291.99,292.48,287.6,289
2023/2/8 8:00,83.885,8.112,2.456,289,289,282.8,285.66
2023/2/9 8:00,84.669,8.188,2.479,284,288.82,282.3,288.33
2023/2/10 8:00,82.769,8.004,2.423,285.88,285.9,280,281.86
2023/2/13 8:00,82.904,8.017,2.427,279.01,283.29,277.06,282.32
2023/2/14 8:00,82.802,8.007,2.424,284,284.5,279.1,281.97
2023/2/15 8:00,81.929,7.923,2.398,283,283.9,278.56,279
2023/2/16 8:00,81.348,7.867,2.381,280,281.79,274.85,277.02
2023/2/17 8:00,79.774,7.715,2.335,276.49,278.1,271.28,271.66
2023/2/20 8:00,80.109,7.747,2.345,271.59,273.3,267,272.8
2023/2/21 8:00,80.681,7.802,2.362,272,276.56,270.28,274.75
2023/2/22 8:00,79.41,7.679,2.325,271.9,272.62,268.9,270.42
2023/2/23 8:00,79.416,7.68,2.325,269.9,271.67,268.5,270.44
2023/2/24 8:00,78.576,7.599,2.3,269.02,269.88,267,267.58
2023/2/27 8:00,76.294,7.378,2.233,265,265.89,258,259.81
2023/2/28 8:00,76.585,7.406,2.242,261,262,257.57,260.8
2023/3/1 8:00,77.965,7.54,2.282,260.75,266.54,257.76,265.5
2023/3/2 8:00,77.439,7.489,2.267,266.12,268.13,262,263.71
2023/3/3 8:00,77.463,7.491,2.268,264.99,265.23,262.08,263.79
2023/3/6 8:00,77.604,7.505,2.272,264,264.63,258,264.27
2023/3/7 8:00,76.55,7.403,2.241,264.18,266.99,260.5,260.68
2023/3/8 8:00,75.466,7.298,2.209,258.5,259.79,255,256.99
2023/3/9 8:00,75.196,7.272,2.201,256.5,259.83,254.01,256.07
2023/3/10 8:00,71.399,6.905,2.09,252,253,242.3,243.14
2023/3/13 8:00,70.621,6.829,2.067,241.72,242.95,237,240.49
2023/3/14 8:00,70.471,6.815,2.063,240,242.5,233.03,239.98
2023/3/15 8:00,70.072,6.776,2.051,241.5,242.48,237.41,238.62
2023/3/16 8:00,68.947,6.667,2.018,235,239.62,234,234.79
2023/3/17 8:00,69.863,6.756,2.045,236.78,240.98,235.53,237.91
2023/3/20 8:00,69.176,6.69,2.025,237.91,239.36,234.6,235.57
2023/3/21 8:00,70.333,6.802,2.059,236.89,239.51,234.79,239.51
2023/3/22 8:00,71.417,6.906,2.091,242.2,247.58,242.08,243.2
2023/3/23 8:00,72.089,6.971,2.11,242.99,245.5,239.5,245.49
2023/3/24 8:00,72.245,6.986,2.115,245.5,247.63,243.49,246.02
2023/3/27 8:00,71.549,6.919,2.095,245.99,245.99,240.3,243.65
2023/3/28 8:00,71.948,6.958,2.106,244.5,245.67,242.4,245.01
2023/3/29 8:00,43.381,6.495,1.7,246.55,250.25,246.55,247.7
2023/3/30 8:00,45.044,6.744,1.766,250,257.2,250,257.2
2023/3/31 8:00,44.838,6.713,1.758,258.97,260.86,255,256.02
2023/4/3 8:00,44.82,6.71,1.757,256,258.24,252.26,255.92
2023/4/4 8:00,43.945,6.579,1.723,255.81,255.81,247.99,250.92
2023/4/6 8:00,43.783,6.555,1.716,248,250.88,245.68,250
2023/4/7 8:00,43.657,6.536,1.711,250.05,252.13,248.33,249.28
2023/4/10 8:00,43.959,6.581,1.723,249.28,251.2,246,251
2023/4/11 8:00,43.754,6.55,1.715,252.15,254.49,248.6,249.83
2023/4/12 8:00,42.628,6.382,1.671,248.8,248.8,243.33,243.4
2023/4/13 8:00,42.526,6.367,1.667,240.58,243,237.77,242.82
2023/4/14 8:00,43.093,6.452,1.689,243.4,247.47,242.99,246.06
2023/4/17 8:00,43.685,6.54,1.712,245,249.68,244.21,249.44
2023/4/18 8:00,43.608,6.529,1.709,250.4,252.18,248.44,249
2023/4/19 8:00,43.932,6.577,1.722,249,253.2,246.09,250.85
2023/4/20 8:00,42.911,6.424,1.682,249.93,249.93,245,245.02
2023/4/21 8:00,42.557,6.371,1.668,244.5,248.95,243,243
2023/4/24 8:00,44.395,6.646,1.74,244.1,258.6,243.18,253.49
2023/4/25 8:00,42.785,6.405,1.677,251,251.8,242.2,244.3
2023/4/26 8:00,43.959,6.581,1.723,243,254.54,241,251
2023/4/27 8:00,45.346,6.789,1.777,250,258.99,249.55,258.92
2023/4/28 8:00,37.347,6.445,1.56,261.47,262.97,254,255.86
2023/5/4 8:00,36.859,6.36,1.54,255,257.61,251.4,252.52
2023/5/5 8:00,36.502,6.299,1.525,252.55,253.8,247.95,250.07
2023/5/8 8:00,37.08,6.399,1.549,253,259.1,252.52,254.03
2023/5/9 8:00,36.507,6.3,1.525,250.04,253.36,249,250.11
2023/5/10 8:00,37.92,6.544,1.584,251,262.18,249.2,259.79
2023/5/11 8:00,38.498,6.643,1.608,260.77,269.8,258.68,263.75
2023/5/12 8:00,37.966,6.551,1.586,266,268.25,259.52,260.1
2023/5/15 8:00,38.666,6.672,1.615,260.1,266.55,258.7,264.9
2023/5/16 8:00,38.7,6.678,1.617,264.39,267.42,263.2,265.13
2023/5/17 8:00,38.097,6.574,1.592,264.99,265.8,259.01,261
2023/5/18 8:00,37.817,6.526,1.58,262.3,263.88,256.56,259.08
2023/5/19 8:00,37.831,6.528,1.58,258.18,260.92,256.3,259.18
2023/5/22 8:00,38.695,6.677,1.617,260.92,266,257.08,265.1
2023/5/23 8:00,38.379,6.623,1.603,265.04,266.88,262.93,262.93
2023/5/24 8:00,38.23,6.597,1.597,261.6,265,259.52,261.91
2023/5/25 8:00,37.309,6.438,1.559,261.96,263.85,255.14,255.6
2023/5/26 8:00,36.052,6.221,1.506,253,253,242.8,246.99
2023/5/29 8:00,35.751,6.169,1.494,250,250.55,242,244.93
2023/5/30 8:00,36.813,6.352,1.538,245.95,255,245.83,252.2
2023/5/31 8:00,37.026,6.389,1.547,252.2,254.9,249.65,253.66
2023/6/1 8:00,37.287,6.434,1.558,253.66,257.88,253.23,255.45
2023/6/2 8:00,37.814,6.525,1.58,257.88,259.59,255.6,259.06
2023/6/5 8:00,37.706,6.507,1.575,259,259.06,251.67,258.32
2023/6/6 8:00,38.079,6.571,1.591,257.95,265,256.18,260.88
2023/6/7 8:00,37.447,6.462,1.564,262,263.44,255.5,256.55
2023/6/8 8:00,37.221,6.423,1.555,256.19,258.84,254.47,255
2023/6/9 8:00,37.659,6.499,1.573,258.8,259.1,252.5,258
2023/6/12 8:00,38.025,6.562,1.589,256.5,263,255.5,260.51
2023/6/13 8:00,38.129,6.58,1.593,260.5,262,257.13,261.22
2023/6/14 8:00,38.389,6.624,1.604,262.68,265.39,261.5,263
2023/6/15 8:00,39.685,6.848,1.658,263.5,275.01,263.29,271.88
2023/6/16 8:00,39.568,6.828,1.653,273.86,275.86,270,271.08
2023/6/19 8:00,39.295,6.781,1.642,271.08,274.99,267.88,269.21
2023/6/20 8:00,39.155,6.757,1.636,269.01,269.2,264.9,268.25
2023/6/21 8:00,39.087,6.745,1.633,267.01,273.28,266.25,267.78
2023/6/26 8:00,38.373,6.622,1.603,262.43,268.69,262.3,262.89
2023/6/27 8:00,37.958,6.55,1.586,262.02,263.85,257.08,260.05
2023/6/28 8:00,37.988,6.555,1.587,260,262.5,258.1,260.25
2023/6/29 8:00,37.323,6.441,1.559,260.25,260.78,255.23,255.7
2023/6/30 8:00,37.699,6.505,1.575,254.13,260,253.7,258.27
2023/7/3 8:00,39.043,6.737,1.631,258.88,269.27,258.88,267.48
2023/7/4 8:00,39.63,6.839,1.656,268.5,275,266.51,271.5
2023/7/5 8:00,38.973,6.725,1.628,271.51,272.48,265.69,267
2023/7/6 8:00,39.133,6.753,1.635,267,272,266.8,268.1
2023/7/7 8:00,38.593,6.66,1.612,267,267.66,264.11,264.4
2023/7/10 8:00,38.469,6.638,1.607,267,269.5,262.75,263.55
2023/7/11 8:00,39.313,6.784,1.642,265,270.69,263.8,269.33
2023/7/12 8:00,38.77,6.69,1.62,270.5,271.15,264.66,265.61
2023/7/13 8:00,39.094,6.746,1.633,267.5,269.5,265.01,267.83
2023/7/14 8:00,38.595,6.66,1.612,267.8,267.8,263.5,264.41
2023/7/17 8:00,38.606,6.662,1.613,267,267,262.35,264.49
2023/7/18 8:00,38.751,6.687,1.619,265.25,267.57,260.5,265.48
2023/7/19 8:00,38.656,6.671,1.615,265.49,265.9,262.74,264.83
2023/7/20 8:00,38.674,6.674,1.616,265.5,269.5,264,264.95
2023/7/21 8:00,38.582,6.658,1.612,264,264.8,261.55,264.32
2023/7/24 8:00,37.586,6.486,1.57,261.01,262.77,257.49,257.5
2023/7/25 8:00,38.621,6.665,1.613,262.68,266.99,262.65,264.59
2023/7/26 8:00,38.256,6.602,1.598,263.76,263.76,260.6,262.09
2023/7/27 8:00,38.189,6.59,1.595,264.5,265.77,260.8,261.63
2023/7/28 8:00,38.973,6.924,1.628,260,267.65,258.22,267
2023/7/31 8:00,39.703,7.054,1.659,270,276.58,269.88,272
2023/8/1 8:00,39.192,6.963,1.637,271.76,272.76,266.5,268.5
2023/8/2 8:00,39.119,6.95,1.634,270.7,272,266.36,268
2023/8/3 8:00,39.152,6.956,1.636,267.28,268.48,265.51,268.23
2023/8/4 8:00,39.162,6.958,1.636,268.99,270.07,266.65,268.3
2023/8/7 8:00,38.971,6.924,1.628,267.93,267.93,265.19,266.99
2023/8/8 8:00,38.433,6.828,1.606,265.2,266.5,262.51,263.3
2023/8/9 8:00,38.374,6.818,1.603,262,263.5,260.23,262.9
2023/8/10 8:00,38.345,6.813,1.602,263,264.87,260.74,262.7
2023/8/11 8:00,37.841,6.723,1.581,262.69,262.7,259.01,259.25
2023/8/14 8:00,35.881,6.375,1.499,255,256.99,243.49,245.82
2023/8/15 8:00,35.694,6.342,1.491,245.82,246.13,241.9,244.54
2023/8/16 8:00,35.645,6.333,1.489,243.28,245.5,242.21,244.2
2023/8/17 8:00,35.909,6.38,1.5,243.37,246.34,240.4,246.01
2023/8/18 8:00,35.074,6.232,1.465,245.56,245.56,240,240.29
2023/8/21 8:00,34.216,6.079,1.429,239.8,239.88,234.05,234.41
2023/8/22 8:00,34.235,6.083,1.43,237.97,238.5,230.9,234.54
2023/8/23 8:00,33.585,5.967,1.403,234.54,234.54,230.03,230.09
2023/8/24 8:00,34.287,6.092,1.432,231.01,237,231.01,234.9
2023/8/25 8:00,33.951,6.032,1.418,233.28,234.33,231.5,232.6
2023/8/28 8:00,34.379,6.108,1.436,248,248,234.25,235.53
2023/8/29 8:00,29.949,6.398,1.346,236.81,247.5,236.81,246.71
2023/8/30 8:00,30.324,6.077,1.363,249.33,251.47,247.84,249.8
2023/8/31 8:00,30.275,6.067,1.361,250.51,250.99,248,249.4
2023/9/1 8:00,30.241,6.06,1.359,253,254.47,248,249.12
2023/9/4 8:00,30.645,6.141,1.377,251.6,253,248.88,252.45
2023/9/5 8:00,30.23,6.058,1.359,252.2,252.2,248.69,249.03
2023/9/6 8:00,30.403,6.093,1.366,250,252.3,249.3,250.45
2023/9/7 8:00,30.154,6.043,1.355,250.42,250.42,248.11,248.4
2023/9/8 8:00,29.626,5.937,1.332,247.01,247.01,242.69,244.05
2023/9/11 8:00,29.985,6.009,1.348,243.7,248.5,242.2,247.01
2023/9/12 8:00,30.59,6.13,1.375,248.7,253.37,247.1,251.99
2023/9/13 8:00,30.536,6.12,1.372,252,254.28,250.4,251.55
2023/9/14 8:00,29.575,5.927,1.329,246.8,246.95,242,243.63
