date,open,high,low,close,PE,PB,PS
2018/1/2,69.42,69.85,68.2,68.67,64.735,13.406,13.981
2018/1/3,68.69,70,68.6,68.83,64.885,13.438,14.014
2018/1/4,69.12,70.69,68.83,70.57,66.526,13.777,14.368
2018/1/5,71.55,71.78,69.88,70.32,66.29,13.728,14.317
2018/1/8,70.41,71.35,69.9,71.26,67.176,13.912,14.508
2018/1/9,71.69,75.19,71.07,74.7,70.419,14.583,15.209
2018/1/10,74.6,75.66,74,74.9,70.608,14.623,15.249
2018/1/11,74.6,75.18,73.77,74.27,70.014,14.5,15.121
2018/1/12,74.27,75,73.96,74.61,70.334,14.566,15.19
2018/1/15,74.4,76,73.61,74.49,70.221,14.542,15.166
2018/1/16,74.19,76.99,73.86,75.1,70.796,14.662,15.29
2018/1/17,75.59,75.67,73.24,73.54,69.326,14.357,14.972
2018/1/18,73.7,74.97,71.93,72.8,68.628,14.213,14.905
2018/1/19,72.88,74.77,72.05,74.36,70.099,14.517,15.224
2018/1/22,74.36,76.48,74.19,76.39,72.415,14.472,15.64
2018/1/23,76.3,77.98,75.51,76.69,72.7,14.528,15.701
2018/1/24,76.83,78.4,76.32,78.07,74.008,14.79,15.984
2018/1/25,78.68,78.75,75.47,76.06,72.102,14.409,15.572
2018/1/26,76.08,77.76,75.75,77.15,73.136,15.146,15.795
2018/1/29,77.51,78,72.9,73.24,69.429,14.378,14.995
2018/1/30,73.24,74.82,73.05,74.1,70.244,14.547,15.171
2018/1/31,73.99,75.9,73.9,75.69,71.752,14.339,15.496
2018/2/1,76.19,76.9,73.2,74.23,70.368,14.062,15.198
2018/2/2,74.81,75.99,73.71,74.28,70.415,14.072,15.208
2018/2/5,73.45,73.66,71.7,73.37,69.552,13.9,15.021
2018/2/6,71.49,71.49,67.18,69.01,65.419,13.074,14.129
2018/2/7,71.08,71.2,67.08,67.69,64.168,12.823,13.859
2018/2/8,67.97,69.89,67.78,69.11,65.514,13.092,14.149
2018/2/9,66.7,68.87,66.12,67.56,64.045,12.799,13.832
2018/2/12,67.89,71.4,67.85,70.97,67.277,13.445,14.53
2018/2/13,71.57,72.99,70.97,71.23,67.524,13.494,14.583
2018/2/14,71.7,72.42,71.3,71.93,68.187,13.627,14.727
2018/2/22,72,73.18,70.97,72.47,68.699,13.729,14.837
2018/2/23,72.98,74.88,72.43,73.28,69.467,13.882,15.003
2018/2/26,73.5,75,72.55,74.76,70.87,14.163,15.306
2018/2/27,75.02,75.5,73.61,73.67,69.837,13.956,15.083
2018/2/28,73.5,74.3,72.37,72.48,68.709,13.731,14.839
2018/3/1,72.3,74.28,72.2,74.19,70.33,14.055,15.189
2018/3/2,73.85,74.5,73.54,73.77,69.932,13.975,15.103
2018/3/5,73.8,74.72,73.11,74.47,70.595,14.108,15.247
2018/3/6,74.44,76.76,74.41,76.19,72.226,14.434,15.599
2018/3/7,75.89,76.66,75.15,75.4,71.477,14.284,15.437
2018/3/8,76.35,78.98,75.82,78.26,74.188,14.826,16.023
2018/3/9,78.26,79.57,77.7,79.39,75.259,15.04,16.254
2018/3/12,80,80.49,79.05,79.97,75.809,15.15,16.373
2018/3/13,79.67,80.2,78.5,78.81,74.709,14.93,16.135
2018/3/14,78.65,80.25,78.32,79.91,75.752,15.138,16.36
2018/3/15,79.57,83,79.5,82.69,78.387,15.665,16.93
2018/3/16,82.2,83.33,81.66,81.95,77.686,15.525,16.778
2018/3/19,82.21,86.39,81.58,86.35,81.857,16.358,17.679
2018/3/20,85.63,88.86,85.51,87.49,82.938,16.574,17.912
2018/3/21,87.8,89.19,86,86.51,82.009,16.389,17.712
2018/3/22,86,87.35,84.77,85.89,81.421,16.271,17.585
2018/3/23,83.33,85.88,82,84.62,80.217,16.031,17.325
2018/3/26,84.61,89.23,84.6,87.34,82.796,16.546,17.882
2018/3/27,88.89,89,85.05,86.71,82.198,16.427,17.753
2018/3/28,86.1,87.53,83,83.25,78.918,15.771,17.044
2018/3/29,84,84.47,79,82.8,78.492,15.686,16.952
2018/3/30,82.77,87.08,82.74,87.01,82.483,16.484,17.814
2018/4/2,87.01,87.89,84.6,84.87,80.454,16.078,17.376
2018/4/3,83.67,85,82.3,84.86,80.445,16.076,17.374
2018/4/4,86.4,86.71,83.79,84.11,79.734,15.934,17.22
2018/4/9,83.8,84.38,82.15,82.61,78.312,15.65,16.913
2018/4/10,83.05,84.73,82.83,84.36,79.971,15.981,17.272
2018/4/11,84.44,86.13,84,85.06,80.634,16.114,17.415
2018/4/12,85.21,86.44,84.21,85.73,81.269,16.241,17.552
2018/4/13,85.8,86.19,81,81.08,76.861,15.36,16.6
2018/4/16,81.65,83.79,80.1,83.29,73.347,15.352,17.052
2018/4/17,83.26,83.73,79.83,80.87,71.216,14.906,16.557
2018/4/18,81.5,82.49,79.99,82.04,72.246,15.122,16.797
2018/4/19,82.2,83.2,81.6,83.03,73.118,15.304,16.999
2018/4/20,83.03,86.15,82.8,84.03,73.999,15.489,17.204
2018/4/23,83.97,85,83.15,84.29,74.228,15.537,17.257
2018/4/24,84.6,86.21,84.01,84.75,74.633,15.621,17.351
2018/4/25,84.54,87.58,84.36,87.46,77.019,16.121,17.906
2018/4/26,87.69,87.69,83.38,83.77,73.77,15.441,17.151
2018/4/27,83,85.19,81.02,83.48,70.498,14.422,17.091
2018/5/2,83.99,84.9,81,81.93,69.189,14.154,16.774
2018/5/3,81.98,83.45,80.1,82.89,70,14.32,16.971
2018/5/4,82.84,83.72,81.81,82.44,69.62,14.243,16.878
2018/5/7,82.68,84.55,82.51,84.51,71.368,14.6,17.302
2018/5/8,84.93,86.05,84.2,85.56,72.255,14.782,17.517
2018/5/9,85.56,86.4,84.68,85.86,72.508,14.833,17.579
2018/5/10,86.82,92.6,86.06,91.59,77.347,15.823,18.752
2018/5/11,91.66,95.6,88.81,89.48,75.565,15.459,18.32
2018/5/14,90,91.49,88.47,91.14,76.967,15.746,18.66
2018/5/15,91.35,93.22,90.59,92.43,78.057,15.968,18.924
2018/5/16,91.8,93.17,91.38,91.62,77.373,15.828,18.758
2018/5/17,91.3,91.56,89.18,89.93,75.945,15.537,18.412
2018/5/18,89.98,92.3,89.22,92.26,77.913,15.939,18.889
2018/5/21,92.8,92.87,91,91.78,77.508,15.856,18.791
2018/5/22,91.72,95.22,91.2,95.14,80.345,16.437,19.479
2018/5/23,94.81,96.43,94.23,94.66,79.94,16.354,19.38
2018/5/24,93,95,93,94.09,79.459,16.255,19.264
2018/5/25,94.3,98.85,93.95,97.37,82.228,16.822,19.935
2018/5/28,98.25,101.5,96.68,101.26,85.514,17.494,20.732
2018/5/29,100.25,102.87,93.16,95.42,80.582,16.485,19.536
2018/5/30,71.55,76.4,70.4,74.52,81.811,17.121,19.834
2018/5/31,74.51,76.22,73.35,76.13,83.579,17.491,20.262
2018/6/1,76.14,76.8,72.7,74.01,81.251,17.004,19.698
2018/6/4,74.59,76.23,73.1,75.74,83.151,17.401,20.159
2018/6/5,76.16,81.99,75.53,80.15,87.992,18.415,21.332
2018/6/6,80.59,83.1,79.7,82.41,90.473,18.934,21.934
2018/6/7,82.45,83.29,81.36,82.01,90.034,18.842,21.827
2018/6/8,81.4,82.62,81.03,81.15,89.09,18.644,21.599
2018/6/11,81.09,81.1,76.34,78.02,85.654,17.925,20.766
2018/6/12,78.15,78.77,77.17,78.66,86.356,18.072,20.936
2018/6/13,78,78.24,75.96,77.03,84.567,17.698,20.502
2018/6/14,77,77.97,75.98,76.29,83.754,17.528,20.305
2018/6/15,76.01,76.98,75.08,75.95,83.381,17.45,20.215
2018/6/19,75.7,77.62,73.5,74.99,82.327,17.229,19.959
2018/6/20,75,79.14,73.6,78.94,86.664,18.137,21.01
2018/6/21,78.94,79.92,77.18,78.19,85.84,17.964,20.811
2018/6/22,77.1,79.29,76.2,78.97,86.697,18.143,21.018
2018/6/25,79.16,81.28,78.6,79.62,87.41,18.293,21.191
2018/6/26,79.01,80.79,77.57,79.75,87.553,18.323,21.226
2018/6/27,79.97,80.05,76,76.45,83.93,17.564,20.348
2018/6/28,74.9,76.1,72.8,72.85,79.978,16.737,19.389
2018/6/29,73.18,76.08,73.18,75.76,83.173,17.406,20.164
2018/7/2,75,77.58,74,75.4,82.777,17.323,20.068
2018/7/3,75.25,75.27,69,72.51,79.605,16.659,19.299
2018/7/4,71.5,72.2,70.03,70.07,76.926,16.099,18.65
2018/7/5,70.2,71.55,67.86,67.99,74.642,15.621,18.096
2018/7/6,68,71.47,67.68,69.98,76.827,16.078,18.626
2018/7/9,69.28,72.46,69.21,72.29,79.363,16.609,19.24
2018/7/10,72.75,73.66,71.84,72.84,79.967,16.735,19.387
2018/7/11,71.5,72.86,70.21,72.37,79.451,16.627,19.262
2018/7/12,72.56,74.66,72.55,73.7,80.911,16.933,19.616
2018/7/13,73.87,75.3,73.1,74.99,82.327,17.229,19.959
2018/7/16,74.5,75.19,73.65,74.71,82.02,17.165,19.885
2018/7/17,74.9,75.07,72.07,72.75,79.868,16.714,19.363
2018/7/18,73.05,75.8,72.5,74.1,81.35,17.025,19.722
2018/7/19,74.6,74.67,72.75,73.22,80.384,16.822,19.488
2018/7/20,73.15,73.86,71.08,73.76,80.977,16.946,19.632
2018/7/23,70.55,71.8,69.17,70.19,77.058,16.126,18.682
2018/7/24,69.7,72.2,69.18,71.01,77.958,16.315,18.9
2018/7/25,70.84,72.29,70.62,71.89,78.924,16.517,19.134
2018/7/26,72.19,72.61,70.4,70.5,77.398,16.197,18.764
2018/7/27,70.22,70.88,69.88,70.4,77.288,16.174,18.737
2018/7/30,70.22,70.5,68.01,69.05,75.806,15.864,18.378
2018/7/31,68.51,70.35,68.5,68.87,75.608,15.823,18.33
2018/8/1,69.78,69.78,68.15,68.31,74.994,15.694,18.181
2018/8/2,68.31,69.43,67.4,69.4,76.19,15.945,18.471
2018/8/3,69,69.99,66.4,66.49,72.996,15.276,17.697
2018/8/6,65.5,65.68,60.8,61.85,67.902,14.21,16.462
2018/8/7,61.6,63.59,60.85,63.44,69.647,14.575,16.885
2018/8/8,63.72,64.29,62.25,62.64,68.769,14.392,16.672
2018/8/9,62.7,67.65,62.35,67.05,73.61,15.405,17.846
2018/8/10,67.05,70.63,67.03,70.03,72.582,15.106,18.639
2018/8/13,69.88,70.7,68.68,70.35,72.913,15.175,18.724
2018/8/14,70.35,71.42,69.7,71.11,73.701,15.339,18.926
2018/8/15,70.84,70.96,67.3,67.53,69.991,14.566,17.974
2018/8/16,66.5,69.41,66.31,67.23,69.68,14.502,17.894
2018/8/17,67.88,67.9,63.6,64.88,67.244,13.995,17.268
2018/8/20,64.54,64.99,61,62.9,65.192,13.568,16.741
2018/8/21,63,67.4,62.95,67,69.441,14.452,17.832
2018/8/22,66.55,67.18,65.38,66.57,68.996,14.359,17.718
2018/8/23,66.81,68.21,66.05,67.56,70.022,14.573,17.982
2018/8/24,67.16,69.01,66.53,67.97,70.447,14.661,18.091
2018/8/27,68.22,71.5,68.15,70.35,72.913,15.175,18.724
2018/8/28,70.48,70.88,69.54,70.53,73.1,15.214,18.772
2018/8/29,70.2,70.5,69.4,69.77,72.312,15.05,18.57
2018/8/30,69.85,70.3,67.8,67.99,70.467,14.666,18.096
2018/8/31,67.5,67.5,64.72,66.15,68.56,14.269,17.606
2018/9/3,65.14,65.8,64.5,65.68,68.073,14.167,17.481
2018/9/4,66,66.44,64.5,65.73,68.125,14.178,17.494
2018/9/5,65.7,66.3,64.78,64.79,67.151,13.975,17.244
2018/9/6,64,64.92,63.5,63.6,65.917,13.719,16.928
2018/9/7,64.05,66.29,64.05,65.62,68.011,14.154,17.465
2018/9/10,65.8,66.25,63.69,63.98,66.311,13.801,17.029
2018/9/11,64.08,65.75,63.52,64.73,67.089,13.962,17.228
2018/9/12,64.65,64.65,61,61.4,63.637,13.244,16.342
2018/9/13,62.58,62.8,55.65,58.9,61.046,12.705,15.677
2018/9/14,58.78,58.95,56.6,58.13,60.248,12.539,15.472
2018/9/17,57.36,58.9,55.19,55.4,57.419,11.95,14.745
2018/9/18,55.4,57.66,54.23,57.46,59.554,12.394,15.293
2018/9/19,57.3,60.36,56.85,59.15,61.305,12.759,15.743
2018/9/20,59.15,60.31,58.51,59.19,61.347,12.767,15.754
2018/9/21,59.28,61.25,58.26,60.82,63.036,13.119,16.188
2018/9/25,60.04,62.17,59.8,61.5,63.741,13.266,16.369
2018/9/26,61.91,63.9,61.18,62.7,64.985,13.525,16.688
2018/9/27,62.56,64,62.08,62.75,65.036,13.535,16.701
2018/9/28,62.13,63.8,62.13,63.5,65.814,13.697,16.901
2018/10/8,62,62,58.19,58.39,60.518,12.595,15.541
2018/10/9,58.2,59.56,58.18,58.77,60.911,12.677,15.642
2018/10/10,59.58,59.9,57,58.14,60.258,12.541,15.474
2018/10/11,54,56.62,53.7,55.55,57.574,11.982,14.785
2018/10/12,55.83,58.11,54.89,57.3,59.388,12.36,15.251
2018/10/15,57.2,59.13,57.11,57.59,59.688,12.422,15.328
2018/10/16,57.8,59.37,57.33,58.01,60.124,12.513,15.44
2018/10/17,58.8,59.65,55.7,58.13,60.248,12.539,15.472
2018/10/18,57.9,58.51,54.91,55.44,57.46,11.959,14.756
2018/10/19,54.99,57.6,54.3,56.6,58.662,12.209,15.064
2018/10/22,57.5,62.26,57.48,61.21,63.44,13.203,16.291
2018/10/23,60.87,61.53,59.2,60.35,62.549,13.018,16.063
2018/10/24,60.27,60.33,56.85,58.56,60.694,12.632,15.586
2018/10/25,56.2,57.37,55.09,56.8,58.87,12.252,15.118
2018/10/26,57.98,58.85,57.02,57.8,56,11.471,15.384
2018/10/29,57.8,57.8,55,56.51,54.75,11.215,15.041
2018/10/30,56.93,59.5,56.05,58.37,56.552,11.584,15.536
2018/10/31,58.9,62,58.8,61.58,59.662,12.221,16.39
2018/11/1,62.36,64.4,61.68,62.5,60.554,12.404,16.635
2018/11/2,65.5,67.85,64.75,67.6,65.495,13.416,17.992
2018/11/5,66.62,66.85,64.82,65.99,63.929,13.102,17.562
2018/11/6,66,66.18,64.55,65.41,63.367,12.986,17.408
2018/11/7,65.7,66.13,64.61,64.87,62.844,12.879,17.264
2018/11/8,65.66,65.9,64.77,65.29,63.251,12.963,17.376
2018/11/9,64.7,65.48,63.79,64.47,62.456,12.8,17.157
2018/11/12,64.45,65.9,63.38,65.03,62.999,12.911,17.306
2018/11/13,63.88,66,63.71,65.4,63.357,12.984,17.405
2018/11/14,65.7,66.09,64,64.13,62.127,12.732,17.067
2018/11/15,63.6,64.23,62.2,64.23,62.224,12.752,17.094
2018/11/16,63.8,63.86,61.68,62.31,60.364,12.371,16.583
2018/11/19,62.48,64.09,62.05,63.31,61.332,12.57,16.849
2018/11/20,62.91,63.61,62.3,62.64,60.683,12.437,16.67
2018/11/21,62,64.45,61.88,64.02,62.02,12.711,17.038
2018/11/22,64,64.65,63.01,63.32,61.342,12.572,16.851
2018/11/23,62.98,63.65,62.37,62.63,60.674,12.435,16.668
2018/11/26,62.99,63.14,62,62.55,60.596,12.419,16.646
2018/11/27,62.79,63.16,62.1,62.51,60.557,12.411,16.636
2018/11/28,62.86,64.76,62.2,64.46,62.446,12.798,17.155
2018/11/29,64.7,65.27,64.04,64.04,62.04,12.714,17.043
2018/11/30,64.4,65.6,63.8,65.45,63.406,12.994,17.418
2018/12/3,67.1,67.5,65.6,66.94,64.849,13.29,17.815
2018/12/4,66.99,67.3,66.01,66.95,64.859,13.292,17.817
2018/12/5,66.01,68.24,65.88,66.91,64.82,13.284,17.807
2018/12/6,65.81,66.39,60.5,62.65,60.693,12.439,16.673
2018/12/7,61.6,61.79,58.04,58.38,56.556,11.591,15.537
2018/12/10,57.48,59.48,56.74,59,57.157,11.714,15.702
2018/12/11,59.05,60.59,59.05,60.12,58.242,11.936,16
2018/12/12,60.81,60.9,58.52,58.84,57.002,11.682,15.659
2018/12/13,59.01,60.69,58.5,59.92,58.048,11.897,15.947
2018/12/14,59.39,59.9,58.27,58.9,57.06,11.694,15.675
2018/12/17,58.42,58.47,55.42,57.19,55.404,11.354,15.22
2018/12/18,57.08,57.8,56.5,56.82,55.045,11.281,15.122
2018/12/19,57,57.19,55,55.11,53.389,10.942,14.666
2018/12/20,54.67,55.11,52.77,52.95,51.296,10.513,14.092
2018/12/21,52.6,52.6,49.89,50.09,48.525,9.945,13.33
2018/12/24,50.6,53.2,50.4,53.16,51.499,10.554,14.147
2018/12/25,52.31,53.78,51.95,53.41,51.742,10.604,14.214
2018/12/26,53.31,53.6,52,52,50.376,10.324,13.839
2018/12/27,52.5,53.3,51.3,51.5,49.891,10.225,13.706
2018/12/28,51.96,52.89,51.71,52.75,51.102,10.473,14.038
2019/1/2,53.29,53.91,52.54,52.97,51.315,10.517,11.198
2019/1/3,52.23,52.68,50.12,51.07,49.475,10.139,10.796
2019/1/4,50.3,54.48,49.78,54.35,52.652,10.791,11.489
2019/1/7,54,54.1,52.9,53.57,51.897,10.636,11.324
2019/1/8,53.35,54.36,53.35,53.98,52.294,10.717,11.411
2019/1/9,54.5,56.22,54.1,55.53,53.795,11.025,11.739
2019/1/10,55.09,57.24,54.72,56.27,54.512,11.172,11.895
2019/1/11,56.2,56.51,55.03,55.95,54.202,11.108,11.828
2019/1/14,55.95,55.95,54.11,54.33,52.633,10.787,11.485
2019/1/15,54.5,56.49,54.33,56.44,54.677,11.206,11.931
2019/1/16,56.43,57.99,55.5,57.47,55.675,11.41,12.149
2019/1/17,57.35,58.44,57.12,57.36,55.568,11.388,12.126
2019/1/18,57.9,59.78,57.52,59.17,57.322,11.748,12.508
2019/1/21,58.96,60.46,58.85,59.07,57.225,11.728,12.487
2019/1/22,59.3,59.3,57.05,57.69,55.888,11.454,12.195
2019/1/23,57.4,58.38,57.23,58.02,56.208,11.519,12.265
2019/1/24,57.9,59.68,57.4,59.38,57.525,11.789,12.553
2019/1/25,59.35,59.78,58.81,58.99,57.147,11.712,12.483
2019/1/28,57.95,57.95,54.5,54.82,53.108,10.884,11.601
2019/1/29,55.01,57.24,54.78,57.18,55.451,11.364,12.1
2019/1/30,57,58.48,56.83,57.4,55.664,11.408,12.147
2019/1/31,58.24,59.45,57.59,59.05,57.264,11.736,12.496
2019/2/1,59.94,60.87,58.84,60.82,58.981,12.088,12.87
2019/2/11,60.07,62.16,59.79,61.85,59.98,12.292,13.088
2019/2/12,62.5,64.23,62,63.5,61.58,12.62,13.437
2019/2/13,64,65.99,64,65.59,63.606,13.036,13.88
2019/2/14,65.5,66.15,64.9,65.8,63.81,13.077,13.924
2019/2/15,65.22,65.75,63.91,64.29,62.346,12.777,13.605
2019/2/18,66.3,67.65,66,66.83,60.588,12.486,14.142
2019/2/19,66.8,67.47,65.6,65.93,59.772,12.318,13.952
2019/2/20,65.6,65.93,64.08,64.95,58.883,12.135,13.744
2019/2/21,65.06,66.5,65,65.44,59.328,12.226,13.848
2019/2/22,65.77,66.3,64.6,66.3,60.107,12.387,14.03
2019/2/25,66,68.9,65.8,68.5,62.102,12.798,14.496
2019/2/26,67.69,73.44,67.31,68,61.648,12.705,14.39
2019/2/27,67.95,70.28,67.77,68.8,62.374,12.854,14.559
2019/2/28,68.8,72.2,68.52,71.9,65.184,13.433,15.215
2019/3/1,72.8,73,70.88,72,65.275,13.452,15.236
2019/3/4,72.41,74,71.67,72.27,65.52,13.502,15.293
2019/3/5,72.12,72.88,71.6,72.12,65.384,13.474,15.262
2019/3/6,72.2,72.8,70.4,71.25,64.595,13.312,15.077
2019/3/7,71.24,71.24,69.75,70.38,63.806,13.149,14.893
2019/3/8,69,71.45,68.65,69.66,63.153,13.015,14.741
2019/3/11,70.01,70.88,69.3,70.3,63.734,13.134,14.876
2019/3/12,71.3,71.54,69.38,69.81,63.289,13.043,14.773
2019/3/13,69.87,70.65,69.4,69.88,63.353,13.056,14.788
2019/3/14,70.18,71.11,69.73,70.06,63.516,13.089,14.826
2019/3/15,70.3,72.81,69.75,71.52,64.84,13.362,15.135
2019/3/18,72.2,75.05,71.14,74.1,67.179,13.844,15.681
2019/3/19,73.95,73.96,71.64,72.1,65.366,13.471,15.257
2019/3/20,71.66,73,71.16,72.72,65.928,13.586,15.389
2019/3/21,73.03,73.56,71.88,72.4,65.637,13.527,15.321
2019/3/22,72.9,73.49,72.05,73.13,66.299,13.663,15.475
2019/3/25,72.1,73.1,71.18,71.2,64.55,13.302,15.067
2019/3/26,71.9,72.48,70.86,71.55,64.867,13.368,15.141
2019/3/27,72.14,75.55,72.14,74.36,67.414,13.893,15.736
2019/3/28,61.68,65.45,61,64.65,70.334,15.116,16.417
2019/3/29,63.88,66.01,62.65,65.42,71.171,15.296,16.613
2019/4/1,66,67.95,65.46,65.75,71.53,15.373,16.696
2019/4/2,66,66.01,64.6,65.28,71.019,15.263,16.577
2019/4/3,65.25,65.93,64.91,65.58,71.345,15.333,16.653
2019/4/4,65.5,66.25,64.9,66.14,71.955,15.464,16.795
2019/4/8,66.5,66.5,63.45,63.98,69.605,14.959,16.247
2019/4/9,63.53,65.1,62.6,64.82,70.519,15.156,16.46
2019/4/10,64.96,67.03,64.01,65.73,71.509,15.368,16.691
2019/4/11,65.73,66.5,63.8,63.98,69.605,14.959,16.247
2019/4/12,64.3,65.12,63.53,64.62,70.301,15.109,16.409
2019/4/15,65.62,65.98,63.13,63.35,68.919,14.812,16.087
2019/4/16,63.34,64.86,63.05,64.86,70.562,15.165,16.47
2019/4/17,65.5,65.5,64.21,64.53,66.241,13.974,16.386
2019/4/18,64.75,64.75,63.77,64.13,65.831,13.887,16.285
2019/4/19,64,65.08,63.78,64.45,66.159,13.957,16.366
2019/4/22,64.3,64.4,62.07,62.14,63.788,13.456,15.78
2019/4/23,62.08,63.55,62.01,62.84,64.507,13.608,15.957
2019/4/24,63.26,63.69,62.5,62.85,64.517,13.61,15.96
2019/4/25,63.03,64.87,62.9,63.9,65.595,13.837,16.227
2019/4/26,63.01,63.81,61.6,62.33,63.983,13.497,15.828
2019/4/29,62.48,66.44,62.48,65.32,67.052,14.145,16.587
2019/4/30,65,66.3,64.64,65.75,67.494,14.238,16.696
2019/5/6,65,65,63.02,64.2,65.903,13.902,16.303
2019/5/7,64.8,68.48,64.52,66.14,67.894,14.322,16.795
2019/5/8,64.57,65.6,64,64.23,65.933,13.909,16.31
2019/5/9,63.7,64.75,62,62.5,64.158,13.534,15.871
2019/5/10,63.38,64.3,61.36,64.12,65.821,13.885,16.282
2019/5/13,63.4,64.76,62.71,64.17,65.872,13.896,16.295
2019/5/14,63.84,65.66,63,63.03,64.702,13.649,16.006
2019/5/15,63.53,65.41,63.51,65.41,67.145,14.164,16.61
2019/5/16,64.89,65.18,63.72,64.28,65.985,13.92,16.323
2019/5/17,63.8,63.96,62.6,62.76,64.424,13.591,15.937
2019/5/20,62.7,63.47,59.66,60.25,61.848,13.047,15.3
2019/5/21,60.26,61.55,60.26,60.81,62.423,13.168,15.442
2019/5/22,60.8,61.6,60.1,61.06,62.679,13.222,15.505
2019/5/23,61,61,59.58,59.61,61.191,12.908,15.137
2019/5/24,59.87,60.7,59.65,60.07,61.663,13.008,15.254
2019/5/27,60.15,61.6,59,61.2,62.823,13.253,15.541
2019/5/28,61.2,62.68,61.11,62.52,64.178,13.539,15.876
2019/5/29,62,62.57,61.59,61.91,63.552,13.406,15.721
2019/5/30,61.2,61.99,60.82,61.91,63.549,13.409,15.72
2019/5/31,62.9,63.88,62.16,62.16,63.805,13.463,15.784
2019/6/3,62.36,63.5,62.26,63.22,64.893,13.693,16.053
2019/6/4,63.35,63.68,61.5,62.03,63.672,13.435,15.751
2019/6/5,62,62.36,58.89,59,60.562,12.779,14.981
2019/6/6,59.05,59.39,57.18,57.98,59.515,12.558,14.722
2019/6/10,57.97,59.37,57.38,58.63,60.182,12.698,14.888
2019/6/11,58.99,60.33,58.71,60.12,61.711,13.021,15.266
2019/6/12,59.97,60.83,59.1,60.35,61.947,13.071,15.324
2019/6/13,60.8,61.75,60,61.3,62.923,13.277,15.566
2019/6/14,61.4,62.48,61,61.28,62.902,13.272,15.56
2019/6/17,61.95,62.48,61.5,61.6,63.231,13.342,15.642
2019/6/18,62,62.83,61.86,62.59,64.247,13.556,15.893
2019/6/19,63.68,65.11,63.68,64.38,66.084,13.944,16.348
2019/6/20,64.7,66,64.03,65.51,67.244,14.189,16.635
2019/6/21,65.4,66.63,65.34,65.9,67.644,14.273,16.734
2019/6/24,66.41,66.95,65.58,66.06,67.809,14.308,16.774
2019/6/25,66.13,67.16,65.09,66.03,67.778,14.301,16.767
2019/6/26,66.2,66.98,65.7,66.5,68.26,14.403,16.886
2019/6/27,66.34,67.58,66.34,66.9,68.671,14.49,16.987
2019/6/28,66.9,66.9,64.75,66,67.747,14.295,16.759
2019/7/1,67,68.63,66.98,68.23,70.036,14.778,17.325
2019/7/2,68,70.47,67.9,70.21,72.068,15.207,17.828
2019/7/3,70,70,68.02,68.37,70.18,14.808,17.361
2019/7/4,68.37,68.5,65.7,66.11,67.86,14.319,16.787
2019/7/5,66.35,67.9,66.25,67.4,69.184,14.598,17.114
2019/7/8,66.67,67.78,66,66.5,68.26,14.403,16.886
2019/7/9,66.94,67.4,66.27,66.48,68.24,14.399,16.881
2019/7/10,67.06,68.33,66.6,67.41,69.194,14.6,17.117
2019/7/11,67.7,67.95,66.4,66.66,68.424,14.438,16.927
2019/7/12,66.49,67.39,66.1,66.45,68.209,14.392,16.873
2019/7/15,66.89,67.73,65.55,67.38,69.164,14.594,17.109
2019/7/16,67.2,67.5,66.05,66.06,67.809,14.308,16.774
2019/7/17,66.11,66.82,65.28,66.24,67.993,14.347,16.82
2019/7/18,66.1,66.43,65.65,66.02,67.768,14.299,16.764
2019/7/19,66.5,67.02,65.85,66.02,67.768,14.299,16.764
2019/7/22,65.99,67.02,65.35,66.54,68.301,14.412,16.896
2019/7/23,66.54,66.81,65.8,66.05,67.798,14.306,16.772
2019/7/24,66.42,66.92,66.06,66.6,68.363,14.425,16.911
2019/7/25,66.59,66.99,66.4,66.72,68.486,14.451,16.942
2019/7/26,66.45,67.16,66.45,66.82,68.589,14.472,16.967
2019/7/29,66.82,67.45,66.2,66.65,68.414,14.435,16.924
2019/7/30,66.75,67.25,66.63,66.96,68.732,14.503,17.003
2019/7/31,66.4,66.99,65.67,66.94,68.712,14.498,16.998
2019/8/1,66.6,67.34,66.48,66.73,68.496,14.453,16.944
2019/8/2,65.73,66.53,65.19,66.04,67.788,14.303,16.769
2019/8/5,65.7,65.99,63.91,64.1,65.797,13.883,16.276
2019/8/6,63,65.42,61.85,64.74,66.454,14.022,16.439
2019/8/7,65,65.98,64.7,65.5,67.234,14.186,16.632
2019/8/8,65.88,66.8,65.88,66.66,68.424,14.438,16.927
2019/8/9,67.08,67.81,66.69,66.88,68.65,14.485,16.982
2019/8/12,66.73,67.32,66.65,67.25,69.03,14.565,17.076
2019/8/13,67.25,67.64,66.9,67.06,68.835,14.524,17.028
2019/8/14,67.59,69.4,67.59,68.69,70.508,14.877,17.442
2019/8/15,68.05,69.3,68,69,70.826,14.944,17.521
2019/8/16,69,69.7,68.33,69.12,70.95,14.97,17.551
2019/8/19,69.51,72.15,69.3,71.94,73.844,15.581,18.267
2019/8/20,71.95,72.45,71.1,71.96,73.865,15.586,18.272
2019/8/21,72.2,72.3,70.96,71.71,73.608,15.531,18.209
2019/8/22,72.99,72.99,71.2,71.73,73.629,15.536,18.214
2019/8/23,72.5,77.8,72.3,76.6,78.628,16.591,19.451
2019/8/26,76.06,76.61,75.17,75.55,77.55,16.363,19.184
2019/8/27,76.1,77.78,75.6,75.8,77.806,16.417,19.247
2019/8/28,76.05,77.83,75.51,77.12,79.161,16.703,19.583
2019/8/29,76.03,78.1,75.7,76.94,78.977,16.664,19.537
2019/8/30,77.88,80.56,77.5,80.05,77.501,16.264,20.327
2019/9/2,80.49,80.68,78.83,79.61,77.075,16.175,20.215
2019/9/3,79.73,79.86,78,78.5,76,15.949,19.933
2019/9/4,78.78,79.49,77.31,78.28,75.787,15.905,19.877
2019/9/5,78.79,78.96,78,78.48,75.981,15.945,19.928
2019/9/6,79.14,80.18,77.8,80.11,77.559,16.276,20.342
2019/9/9,80.23,80.23,78.33,79.25,76.726,16.102,20.123
2019/9/10,79.56,81.25,79.15,80.57,78.004,16.37,20.459
2019/9/11,80.35,80.35,77.3,78.09,75.603,15.866,19.829
2019/9/12,78.48,78.95,77.58,78.6,76.097,15.97,19.958
2019/9/16,79.4,80.47,78.5,79.76,77.22,16.205,20.253
2019/9/17,79.6,80.38,78.82,79.03,76.513,16.057,20.068
2019/9/18,79,80.1,78.68,79.81,77.268,16.215,20.266
2019/9/19,80.16,81.37,79.47,80.14,77.588,16.282,20.349
2019/9/20,80.14,83.44,80,81.5,78.904,16.559,20.695
2019/9/23,82.04,82.04,80.58,81.1,78.517,16.477,20.593
2019/9/24,81,83.38,80.75,82.5,79.873,16.762,20.949
2019/9/25,82.14,83.78,81.58,82.83,80.192,16.829,21.032
2019/9/26,83.5,83.83,81.06,81.31,78.72,16.52,20.647
2019/9/27,81.4,82,80.66,81.05,78.469,16.467,20.58
2019/9/30,80.8,82.4,80.55,80.68,78.111,16.392,20.487
2019/10/8,80.12,81.65,80.12,80.35,77.791,16.325,20.403
2019/10/9,80.35,80.36,77.57,78.69,76.184,15.988,19.981
2019/10/10,78.78,83.37,78.7,83,80.357,16.864,21.076
2019/10/11,83.9,84.3,82.62,83.39,80.734,16.943,21.175
2019/10/14,83.82,84.9,82.68,83.56,80.899,16.977,21.218
2019/10/15,84.17,85.95,83.74,85.25,82.535,17.321,21.647
2019/10/16,85.6,86.34,84.25,85.97,83.232,17.467,21.83
2019/10/17,86.24,86.86,84.6,85.8,83.067,17.432,21.787
2019/10/18,85.8,85.88,83.66,84.27,81.586,17.122,21.398
2019/10/21,84.26,84.7,81.8,82.61,79.979,16.784,20.977
2019/10/22,83.4,83.82,82.53,83.69,81.025,17.004,21.251
2019/10/23,83.5,84.42,82.56,82.78,80.144,16.819,21.02
2019/10/24,83.2,83.48,81.65,82.71,80.076,16.805,21.002
2019/10/25,85.1,87.57,85.07,87.54,79.199,16.722,22.228
2019/10/28,87.37,91.15,87.21,91.08,82.402,17.398,23.127
2019/10/29,90.79,91.56,90.19,90.76,82.113,17.337,23.046
2019/10/30,91.73,91.75,89.55,90.18,81.588,17.227,22.899
2019/10/31,91,92.66,89.88,90.88,82.221,17.36,23.077
2019/11/1,90.72,92.5,90.45,92.5,83.687,17.67,23.488
2019/11/4,92.5,93,91.55,92.2,83.415,17.612,23.412
2019/11/5,92,92.16,90.48,91.3,82.601,17.44,23.183
2019/11/6,91.35,91.9,90.5,91.19,82.502,17.419,23.155
2019/11/7,91.49,91.87,90.41,90.58,81.95,17.303,23
2019/11/8,91.5,92.92,90.88,91.3,82.601,17.44,23.183
2019/11/11,90.81,90.81,88,88.88,80.412,16.978,22.569
2019/11/12,89.45,89.91,88.09,89.67,81.127,17.129,22.769
2019/11/13,89.58,92,88.36,91.39,82.683,17.458,23.206
2019/11/14,92,94.99,92,94.33,85.343,18.019,23.953
2019/11/15,94.1,94.65,92.69,92.7,83.868,17.708,23.539
2019/11/18,93.7,93.85,92.3,92.9,84.049,17.746,23.589
2019/11/19,92.9,95.63,92.7,95.63,86.519,18.268,24.283
2019/11/20,95.02,96.47,94.51,95,85.949,18.147,24.123
2019/11/21,95,95,91.8,92.6,83.777,17.689,23.513
2019/11/22,93,93.65,88.03,88.98,80.502,16.997,22.594
2019/11/25,89,89.49,86.58,88.12,79.724,16.833,22.376
2019/11/26,88.88,90.1,88.18,88.9,80.43,16.982,22.574
2019/11/27,88.91,90.25,88.18,89.65,81.108,17.125,22.764
2019/11/28,89.66,90.14,88.79,89.68,81.136,17.131,22.772
2019/11/29,89,89,83.72,85.9,77.716,16.409,21.812
2019/12/2,83.08,85.49,83.04,83.73,75.752,15.994,21.261
2019/12/3,83.48,84.78,81.49,84.55,76.494,16.151,21.469
2019/12/4,84.5,86.24,83.77,85.65,77.49,16.361,21.749
2019/12/5,85.99,87.28,85.73,85.91,77.725,16.411,21.815
2019/12/6,86.42,87.13,85.65,87.1,78.801,16.638,22.117
2019/12/9,87.4,87.4,82.98,83.62,75.653,15.973,21.233
2019/12/10,83,84.6,82.88,84.5,76.449,16.142,21.457
2019/12/11,85.28,85.4,84.11,85,76.901,16.237,21.583
2019/12/12,85.84,85.84,84.3,85.1,76.992,16.256,21.609
2019/12/13,85.59,87,85.11,86.85,78.575,16.59,22.053
2019/12/16,86.72,86.79,84.7,85.25,77.128,16.285,21.647
2019/12/17,85.22,86.55,84.06,86.04,77.842,16.436,21.848
2019/12/18,86,86,84.33,84.75,76.675,16.189,21.52
2019/12/19,85.16,85.16,84.2,84.86,76.775,16.21,21.548
2019/12/20,85.2,85.25,84.3,84.9,76.811,16.218,21.558
2019/12/23,84.91,85.92,84.45,85.23,77.11,16.281,21.642
2019/12/24,84.89,85.43,84.47,84.5,76.449,16.142,21.457
2019/12/25,84.1,84.16,82,83.38,75.436,15.928,21.172
2019/12/26,83.5,84.72,83.4,84.38,76.341,16.119,21.426
2019/12/27,84,85.08,83.99,84.38,76.341,16.119,21.426
2019/12/30,84.3,85.58,83.24,85.5,77.354,16.333,21.71
2019/12/31,85.27,88.18,85.27,87.52,79.181,16.718,22.223
2020/1/2,88,88.1,86.85,87.68,79.326,16.749,16.652
2020/1/3,88.02,88.2,85.7,85.95,77.761,16.418,16.323
2020/1/6,85.55,85.71,83.55,84.09,76.078,16.063,15.97
2020/1/7,84.1,85.43,83.68,84.87,76.784,16.212,16.118
2020/1/8,84.03,84.84,84,84.68,76.612,16.176,16.082
2020/1/9,85,87.2,84.97,86.88,78.602,16.596,16.5
2020/1/10,87.4,88.5,87.1,87.5,79.163,16.715,16.617
2020/1/13,88.38,88.48,86.5,87.84,79.471,16.78,16.682
2020/1/14,87.8,87.8,86.08,86.51,78.268,16.525,16.429
2020/1/15,86.65,87.95,86.06,86.93,78.648,16.606,16.509
2020/1/16,87.64,87.75,85.6,86.44,78.204,16.512,16.416
2020/1/17,86.5,90.68,86.5,90.66,82.022,17.318,17.218
2020/1/20,92.78,93.48,89.08,90.1,81.516,17.211,17.111
2020/1/21,90.1,91.99,89.86,90.37,81.76,17.263,17.162
2020/1/22,90.35,91.18,89.51,90.33,81.724,17.255,17.155
2020/1/23,90.02,90.6,87.2,87.99,79.607,16.808,16.71
2020/2/3,80.58,86.88,80.4,85.46,77.318,16.325,16.23
2020/2/4,85.44,88.08,83.46,86.75,78.485,16.571,16.475
2020/2/5,87,88.97,86.29,88.91,80.439,16.984,16.885
2020/2/6,89.45,91.4,88.29,90.09,81.507,17.209,17.109
2020/2/7,90.5,90.6,87.84,89.65,81.108,17.125,17.026
2020/2/10,88.7,88.9,87.3,88.5,80.068,16.906,16.807
2020/2/11,89,90.89,88.51,90.15,81.561,17.221,17.121
2020/2/12,90.51,92.96,90.3,92.96,84.103,17.758,17.654
2020/2/13,93.21,93.64,91.26,91.45,82.737,17.469,17.368
2020/2/14,91.65,92.45,91.01,91.55,82.827,17.488,17.387
2020/2/17,91.55,92.79,91.05,92.38,83.578,17.647,17.544
2020/2/18,92.39,93.55,90.24,90.6,81.968,17.307,17.206
2020/2/19,90.39,90.9,89.39,89.68,81.136,17.131,17.031
2020/2/20,90.18,91.08,89.25,90.8,82.149,17.345,17.244
2020/2/21,90.31,90.7,89.88,90.2,81.606,17.23,17.13
2020/2/24,89.97,90.05,87.55,88.38,79.959,16.883,16.785
2020/2/25,87.37,89.99,87.2,88.31,79.896,16.869,16.771
2020/2/26,87.9,87.99,86.5,86.68,78.421,16.558,16.462
2020/2/27,87,88,86.3,87.21,78.901,16.659,16.562
2020/2/28,86,86.58,83.66,84.09,76.078,16.063,15.97
2020/3/2,85.05,86.41,83.12,85.2,77.082,16.275,16.181
2020/3/3,86.26,89.25,86.26,88.34,79.923,16.875,16.777
2020/3/4,88,88.11,86.4,87.8,79.435,16.772,16.674
2020/3/5,89.61,92.5,89.01,91.7,82.963,17.517,17.415
2020/3/6,92,93.8,91.7,92.25,83.461,17.622,17.52
2020/3/9,90.05,91.3,88.79,88.89,80.421,16.98,16.881
2020/3/10,89.25,91.6,88.15,90.6,81.968,17.307,17.206
2020/3/11,91.79,91.79,88.81,89.03,80.548,17.007,16.908
2020/3/12,87.51,89,86,86.38,78.15,16.501,16.405
2020/3/13,82.2,86,82,84.7,76.63,16.18,16.086
2020/3/16,85,85.7,81.55,82.05,74.233,15.673,15.582
2020/3/17,82.05,83.96,79.08,81.09,73.364,15.49,15.4
2020/3/18,81.2,84.26,80.29,80.6,72.921,15.397,15.307
2020/3/19,80.5,81.8,77.18,79,71.473,15.091,15.003
2020/3/20,79.98,80.99,78.66,80.16,72.523,15.312,15.223
2020/3/23,80,83.49,79.31,82.3,68.318,14.692,15.63
2020/3/24,83.04,86,82.88,85.66,71.107,15.292,16.268
2020/3/25,88.15,89.98,86.61,88.97,73.854,15.883,16.897
2020/3/26,88.9,91.5,88.15,90.28,74.942,16.117,17.145
2020/3/27,91.05,93.25,90.08,90.89,75.448,16.225,17.261
2020/3/30,90,92.45,88.68,90.7,75.29,16.191,17.225
2020/3/31,91.17,92.18,90,92.03,76.394,16.429,17.478
2020/4/1,91.38,91.49,89.2,90,74.709,16.067,17.092
2020/4/2,90.05,91.99,89.62,91.85,76.245,16.397,17.444
2020/4/3,91.8,95,91.53,93.73,77.806,16.732,17.801
2020/4/7,94.5,95.98,93.58,95.5,79.275,17.048,18.137
2020/4/8,94.9,96.5,94.23,94.78,78.677,16.92,18
2020/4/9,94.79,97.8,94.45,96.79,80.346,17.279,18.382
2020/4/10,96.78,99.68,95.9,96.21,79.864,17.175,18.272
2020/4/13,96.98,97.37,95.28,96.67,80.246,17.257,18.359
2020/4/14,97.72,98.54,96.08,98.49,81.757,17.582,18.705
2020/4/15,98.51,99.55,96.88,97.43,80.877,17.393,18.503
2020/4/16,96.17,97.92,95.52,97.41,80.86,17.389,18.499
2020/4/17,97.55,98.2,96.36,96.6,80.188,17.245,18.346
2020/4/20,96.6,97.5,96.01,96.7,80.271,17.263,18.365
2020/4/21,97,97.02,94.25,95.3,79.109,17.013,18.099
2020/4/22,95.29,97.5,94.11,97.5,80.926,17.412,18.514
2020/4/23,98,98.77,95,96.05,79.722,17.153,18.239
2020/4/24,95.98,95.99,94.5,95.28,79.083,17.015,18.093
2020/4/27,95.9,97.3,94.29,96.35,79.971,17.206,18.296
2020/4/28,96.4,97,95.05,96.05,77.926,16.272,18.239
2020/4/29,95.56,96,91.65,93.39,75.768,15.822,17.734
2020/4/30,93.4,94.6,92.44,93,75.451,15.756,17.66
2020/5/6,92.51,96.42,92.1,96.42,78.226,16.335,18.309
2020/5/7,96.55,97.33,95.6,96.6,78.372,16.366,18.343
2020/5/8,96.96,98.69,96.43,97.05,78.737,16.442,18.429
2020/5/11,96.7,96.78,93.39,93.68,76.003,15.871,17.789
2020/5/12,93.68,95.53,93.52,95.44,77.431,16.169,18.123
2020/5/13,95.44,97,94.1,95.7,77.642,16.213,18.173
2020/5/14,95.46,98,94.7,97.2,78.859,16.467,18.457
2020/5/15,97.8,98.15,94.51,94.83,76.936,16.066,18.007
2020/5/18,94.95,98.2,94.1,97.2,78.859,16.467,18.457
2020/5/19,99,99.97,97.31,97.94,79.459,16.593,18.598
2020/5/20,98.52,99.97,97.15,97.9,79.427,16.586,18.59
2020/5/21,98.3,101,98.03,99.74,80.919,16.898,18.94
2020/5/22,99.77,99.88,95.38,95.88,77.788,16.244,18.207
2020/5/25,80.6,81.73,80.05,80.95,78.81,17.124,18.446
2020/5/26,80.65,81.9,80.26,81.5,79.345,17.241,18.571
2020/5/27,81.13,81.13,78.41,79.87,77.759,16.896,18.2
2020/5/28,79.71,79.93,77.33,78.5,76.425,16.606,17.888
2020/5/29,78.1,79.35,77.8,78.7,76.619,16.648,17.933
2020/6/1,79.8,80.8,79.59,80.22,78.099,16.97,18.28
2020/6/2,80.27,80.6,79.53,80.4,78.275,17.008,18.321
2020/6/3,80.66,80.79,79.9,80.17,78.051,16.959,18.268
2020/6/4,80.58,81.26,79.91,81.2,79.053,17.177,18.503
2020/6/5,81.2,82.32,80.42,82.3,80.124,17.41,18.754
2020/6/8,82.52,82.69,79.68,80.3,78.177,16.987,18.298
2020/6/9,80.3,83,80.3,82.97,80.777,17.552,18.906
2020/6/10,83.01,85.5,82.54,84.54,82.305,17.884,19.264
2020/6/11,84.35,85.36,83.58,84.46,82.227,17.867,19.246
2020/6/12,83.11,85.85,83.11,85.84,83.571,18.159,19.56
2020/6/15,85.1,86.6,84.08,84.24,82.013,17.82,19.196
2020/6/16,85.1,87.61,84.58,87.14,84.836,18.434,19.857
2020/6/17,87.3,90.05,87.15,89.65,87.28,18.965,20.428
2020/6/18,89.6,89.96,87.58,89.3,86.939,18.891,20.349
2020/6/19,89.5,93.32,89.3,92.98,90.522,19.669,21.187
2020/6/22,92.9,95.41,92.2,93.23,90.765,19.722,21.244
2020/6/23,92.27,94.5,92,94.5,92.002,19.991,21.534
2020/6/24,94,94.4,92.03,92.95,90.493,19.663,21.18
2020/6/29,92.4,93.44,91.4,92.23,89.792,19.51,21.016
2020/6/30,92.88,93.6,91.75,92.3,89.86,19.525,21.032
2020/7/1,92.4,92.56,89.31,91.05,88.643,19.261,20.747
2020/7/2,90.98,91.75,90,91.2,88.789,19.293,20.782
2020/7/3,91.32,92,90.5,91.88,89.451,19.436,20.937
2020/7/6,92,93.4,91.15,93.13,90.668,19.701,21.221
2020/7/7,93.47,98.22,92.95,97.29,94.718,20.581,22.169
2020/7/8,97.97,99.76,96.06,97.06,94.494,20.532,22.117
2020/7/9,97.1,99.22,96.61,98.51,95.906,20.839,22.447
2020/7/10,98.6,100.41,98.05,99.35,96.724,21.017,22.639
2020/7/13,99.58,100.88,99.05,99.82,97.181,21.116,22.746
2020/7/14,99.8,99.8,97,98.43,95.828,20.822,22.429
2020/7/15,99.9,105,99.06,102.99,100.267,21.787,23.468
2020/7/16,103.3,104.16,96.26,96.35,93.803,20.382,21.955
2020/7/17,95.91,97.88,95,96.33,93.783,20.378,21.951
2020/7/20,96.46,97.58,94.22,96.49,93.939,20.412,21.987
2020/7/21,97.4,99.98,96.48,99.3,96.675,21.006,22.627
2020/7/22,98.99,101.06,97.47,99.37,96.743,21.021,22.643
2020/7/23,98.81,100.88,98,99.37,96.743,21.021,22.643
2020/7/24,98.11,98.79,94,94.79,92.284,20.052,21.6
2020/7/27,94.78,96.96,94.49,95.39,92.868,20.179,21.736
2020/7/28,95.4,96.21,94.2,94.6,92.099,20.012,21.556
2020/7/29,94.24,96.38,94,95.85,93.316,20.276,21.841
2020/7/30,95.86,96.29,94.61,94.97,92.459,20.09,21.641
2020/7/31,94.87,95.48,91.84,94.38,91.885,19.965,21.506
2020/8/3,92.7,93.74,91.5,93.2,88.676,18.631,21.237
2020/8/4,93.5,95.82,93.45,93.98,89.418,18.787,21.415
2020/8/5,93.89,94.11,92.39,92.79,88.286,18.549,21.144
2020/8/6,93.01,93.29,90.51,91,86.583,18.191,20.736
2020/8/7,91.3,91.97,89.52,91.2,86.773,18.231,20.782
2020/8/10,91.32,91.59,89.73,90.79,86.383,18.149,20.688
2020/8/11,91.47,93.12,91.2,91.78,87.325,18.347,20.914
2020/8/12,91.78,92.17,89,90.01,85.641,17.993,20.511
2020/8/13,90.93,90.93,88.8,88.88,84.566,17.767,20.253
2020/8/14,88.98,89.8,87.97,89.5,85.156,17.891,20.394
2020/8/17,89.98,91.49,89.18,90.9,86.488,18.171,20.713
2020/8/18,91.2,94.66,91.2,93.4,88.866,18.671,21.283
2020/8/19,93.8,94.86,92.52,92.73,88.229,18.537,21.13
2020/8/20,92.73,93.34,91.2,91.7,87.249,18.331,20.896
2020/8/21,93.09,93.65,90.8,91.8,87.344,18.351,20.918
2020/8/24,92.98,93,91.65,92.42,87.934,18.475,21.06
2020/8/25,92.99,94.65,92.8,93.99,89.428,18.789,21.417
2020/8/26,94.03,95.94,93.7,94.58,89.989,18.907,21.552
2020/8/27,94.58,94.88,92.59,94.11,89.542,18.813,21.445
2020/8/28,93.3,95.5,92.91,95.39,90.76,19.069,21.736
2020/8/31,95.8,96.55,94.71,94.87,90.265,18.965,21.618
2020/9/1,94.49,95.55,93.34,93.99,89.428,18.789,21.417
2020/9/2,95,95,92.61,94.7,90.103,18.931,21.579
2020/9/3,94.7,95.88,93.88,95,90.389,18.991,21.648
2020/9/4,93.88,94.3,92.37,93.51,88.971,18.693,21.308
2020/9/7,93,93.79,91.5,91.6,87.154,18.311,20.873
2020/9/8,91.62,92.89,91.2,92.33,87.848,18.457,21.039
2020/9/9,91.54,92.07,89.5,90.3,85.917,18.051,20.577
2020/9/10,91.5,91.96,90.31,90.74,86.335,18.139,20.677
2020/9/11,89.6,92.26,89.6,91.81,87.354,18.353,20.921
2020/9/14,92.1,92.38,91.32,91.36,86.925,18.263,20.818
2020/9/15,91.3,91.33,90.02,91.1,86.678,18.211,20.759
2020/9/16,91.4,91.9,89.6,89.74,85.384,17.939,20.449
2020/9/17,89.08,89.64,86,86.29,82.101,17.249,19.663
2020/9/18,86.4,88.98,86.22,88.98,84.661,17.787,20.276
2020/9/21,88.8,89.46,87.75,88.5,84.204,17.691,20.166
2020/9/22,88,90.1,87.99,89.3,84.965,17.851,20.349
2020/9/23,89.45,90.5,88.85,89.84,85.479,17.959,20.472
2020/9/24,89.55,89.55,87.3,87.86,83.595,17.563,20.021
2020/9/25,88.3,88.62,87.35,88.45,84.157,17.681,20.155
2020/9/28,88.49,89.57,88.11,88.58,84.28,17.707,20.185
2020/9/29,89.28,90.4,88.9,89.89,85.527,17.969,20.483
2020/9/30,90.39,91.98,89.5,89.82,85.46,17.955,20.467
2020/10/9,92,92.44,90.85,91.95,87.487,18.381,20.953
2020/10/12,92.39,94.3,92.38,94.2,89.628,18.831,21.465
2020/10/13,94.2,94.69,93.11,93.7,89.152,18.731,21.351
2020/10/14,93.49,94.07,92.76,93,88.486,18.591,21.192
2020/10/15,93,93.65,92.56,93.16,88.638,18.623,21.228
2020/10/16,93.96,94.2,92.12,93.1,88.581,18.611,21.215
2020/10/19,93.68,94,91.11,91.52,87.078,18.295,20.855
2020/10/20,91.39,91.52,89.66,91.01,82.534,17.098,20.738
2020/10/21,91.02,91.2,89.01,89.58,81.237,16.83,20.413
2020/10/22,89.54,89.56,88.5,89.56,81.219,16.826,20.408
2020/10/23,89.56,89.86,88.08,88.15,79.941,16.561,20.181
2020/10/26,88.1,89.54,87.6,89.18,80.875,16.755,20.417
2020/10/27,89.16,89.75,88.31,89.23,81.301,16.172,20.428
2020/10/28,89.23,92,88.51,91.36,83.241,16.558,20.916
2020/10/29,90.69,92,89.8,91.04,82.95,16.5,20.843
2020/10/30,91.16,91.39,88.33,88.84,80.945,16.102,20.339
2020/11/2,88.58,89.5,87.8,89.23,81.301,16.172,20.428
2020/11/3,89.43,90.43,89.01,90.15,82.139,16.339,20.639
2020/11/4,90.19,90.5,89.58,90.17,82.157,16.343,20.644
2020/11/5,91.38,92.2,90.66,91.2,83.096,16.529,20.879
2020/11/6,91.7,91.79,88,88.89,80.991,16.111,20.351
2020/11/9,89.08,89.94,88.61,89.37,81.428,16.198,20.46
2020/11/10,89.6,89.84,87.67,87.95,80.134,15.94,20.135
2020/11/11,87.95,87.95,85.9,86.17,78.513,15.618,19.728
2020/11/12,86.5,87.17,86.2,86.55,78.859,15.687,19.815
2020/11/13,86.6,86.74,85.18,85.5,77.902,15.496,19.574
2020/11/16,86.1,86.35,84.94,85.63,78.021,15.52,19.604
2020/11/17,85.64,85.83,84.9,85.53,77.929,15.502,19.581
2020/11/18,85.55,87.28,85.55,86.61,78.913,15.697,19.829
2020/11/19,87,87.6,86.5,87.3,79.542,15.823,19.987
2020/11/20,87.3,87.68,86.67,86.91,79.187,15.752,19.897
2020/11/23,86.91,87,85,86.12,78.467,15.609,19.716
2020/11/24,86.11,87.21,85.53,87.17,79.424,15.799,19.957
2020/11/25,87.17,87.33,85.9,86.13,78.476,15.61,19.719
2020/11/26,86.79,86.96,85.09,86,78.358,15.587,19.689
2020/11/27,85.88,86.99,85.03,86.95,79.223,15.759,19.906
2020/11/30,86.7,87.5,85.99,85.99,78.349,15.585,19.687
2020/12/1,86.29,87.88,86.15,87.61,79.825,15.879,20.058
2020/12/2,87.81,87.88,86.97,87.53,79.752,15.864,20.039
2020/12/3,87.8,90.1,87.62,89.99,81.993,16.31,20.602
2020/12/4,89.89,91.5,89.5,91.32,83.205,16.551,20.907
2020/12/7,91.78,91.78,89.31,89.88,81.893,16.29,20.577
2020/12/8,90.76,90.79,89.7,90.07,82.066,16.325,20.621
2020/12/9,90.66,90.66,88.13,88.24,80.399,15.993,20.202
2020/12/10,88,89.7,87.58,89,81.091,16.131,20.376
2020/12/11,89.6,90.83,88.6,89.5,81.547,16.221,20.49
2020/12/14,89.02,90.39,88.03,90.11,82.102,16.332,20.63
2020/12/15,90.12,97.29,90.12,97.02,88.398,17.584,22.212
2020/12/16,97.08,97.88,95.58,97.01,88.389,17.582,22.21
2020/12/17,102,106.71,101.01,105.18,95.833,19.063,24.08
2020/12/18,105.81,107.45,104.42,105.66,96.271,19.15,24.19
2020/12/21,105.75,108.58,104.88,107.86,98.275,19.549,24.694
2020/12/22,107.8,108.98,106,106.2,96.763,19.248,24.314
2020/12/23,107.39,108.15,105.35,106,96.58,19.212,24.268
2020/12/24,106.5,111.11,106.11,108.8,99.132,19.719,24.909
2020/12/25,108.82,116.5,108.5,115.01,104.79,20.845,26.331
2020/12/28,116,116.45,110,111,101.136,20.118,25.412
2020/12/29,111.82,112.63,106.05,108.28,98.658,19.625,24.79
2020/12/30,108.98,113.39,108.8,112.7,102.685,20.426,25.802
2020/12/31,112.55,112.66,110.01,111.46,101.555,20.201,25.518
2021/1/4,111.99,113.69,111,111.2,101.318,20.154,21.377
2021/1/5,111.2,116.66,111.19,113.23,103.168,20.522,21.767
2021/1/6,113.25,115.87,112,113.72,103.614,20.611,21.862
2021/1/7,114.86,115,111.8,115,104.781,20.843,22.108
2021/1/8,115.12,116.87,112.15,113.22,103.159,20.52,21.765
2021/1/11,112.32,114.15,110,111.3,101.409,20.172,21.396
2021/1/12,111.29,114.52,110,114.1,103.961,20.68,21.935
2021/1/13,114.01,114.49,111.62,112.57,102.567,20.403,21.641
2021/1/14,112.57,112.93,108.6,110.18,100.389,19.969,21.181
2021/1/15,111.5,111.5,108.01,109.83,100.07,19.906,21.114
2021/1/18,109.03,110.34,107.39,107.83,98.248,19.543,20.729
2021/1/19,108.5,108.5,104.28,104.95,95.624,19.021,20.176
2021/1/20,105.9,107.53,105,105.97,96.553,19.206,20.372
2021/1/21,106,108.8,105.38,108.15,98.539,19.601,20.791
2021/1/22,107.96,113,107.11,112.6,102.594,20.408,21.646
2021/1/25,112.78,113.63,109.5,111.45,101.546,20.2,21.425
2021/1/26,110.55,111.28,106.75,107,97.492,19.393,20.57
2021/1/27,107.7,108.18,105.5,106.62,97.145,19.324,20.497
2021/1/28,106.55,107.99,103.38,104.66,95.359,18.969,20.12
2021/1/29,104.25,105.12,101.01,103.76,94.539,18.806,19.947
2021/2/1,102.46,104.09,101,102.55,93.437,18.586,19.714
2021/2/2,103.71,107,102.05,106,96.58,19.212,20.378
2021/2/3,105.94,106.95,104.52,105,95.669,19.031,20.185
2021/2/4,104,104.4,101.51,102.8,93.665,18.632,19.762
2021/2/5,103.95,108.29,102.5,107.3,97.765,19.447,20.627
2021/2/8,107.31,109.35,105.85,106.28,96.836,19.263,20.431
2021/2/9,107.75,110.82,105.8,109.74,99.988,19.89,21.096
2021/2/10,109.2,110.75,107.12,109.2,99.496,19.792,20.993
2021/2/18,111.4,111.4,104.5,104.9,95.578,19.012,20.166
2021/2/19,104.57,105.78,102.81,105.16,95.815,19.06,20.216
2021/2/22,106.4,106.4,100,100.01,91.123,18.126,19.226
2021/2/23,99.34,101.96,99,100.7,91.751,18.251,19.359
2021/2/24,100.99,101,98.6,99.7,90.84,18.07,19.166
2021/2/25,100,102.24,99.15,101.05,92.07,18.315,19.426
2021/2/26,99.01,103.66,99.01,101.8,92.754,18.451,19.57
2021/3/1,102.8,102.8,99.31,100.31,91.396,18.181,19.284
2021/3/2,100.31,100.81,97.5,98.35,89.61,17.825,18.907
2021/3/3,98.5,101.48,97.54,101.35,92.344,18.369,19.484
2021/3/4,100.18,101.35,98.59,100.5,91.569,18.215,19.32
2021/3/5,98.52,101.13,98.49,100.3,91.387,18.179,19.282
2021/3/8,100.71,101.55,91.7,92.12,83.934,16.696,17.709
2021/3/9,92.88,94.69,89.39,91.78,83.624,16.634,17.644
2021/3/10,93.99,94.53,92.54,93.4,85.1,16.928,17.955
2021/3/11,93.99,94.88,92.5,93.48,85.173,16.943,17.971
2021/3/12,94.5,95.3,91.58,92.19,83.998,16.709,17.723
2021/3/15,91.13,92.05,88.57,89.59,81.629,16.238,17.223
2021/3/16,90.5,90.78,88.1,89.19,81.264,16.165,17.146
2021/3/17,89.2,89.76,87.58,88.62,80.745,16.062,17.036
2021/3/18,89.01,90.49,88.3,89.21,81.282,16.169,17.15
2021/3/19,88,88.94,87.2,88.05,80.226,15.958,16.927
2021/3/22,88.05,90.29,87.6,88.11,80.28,15.969,16.938
2021/3/23,87.06,88.45,87.01,87.65,79.861,15.886,16.85
2021/3/24,87.65,88.2,85.75,86.52,78.831,15.681,16.633
2021/3/25,85.7,87.87,85.09,87.23,79.478,15.81,16.769
2021/3/26,87.59,92.1,87.39,91.22,83.114,16.533,17.536
2021/3/29,91.3,91.9,90.13,90.53,82.485,16.408,17.404
2021/3/30,90.36,93.68,90,93.6,85.282,16.964,17.994
2021/3/31,93.21,93.21,91.01,92.09,83.906,16.691,17.703
2021/4/1,91.6,94.5,91.6,93.85,85.51,17.01,18.042
2021/4/2,94,94.84,91.88,92.68,84.444,16.798,17.817
2021/4/6,92.4,92.43,90.66,90.9,82.822,16.475,17.475
2021/4/7,91.2,91.3,89.74,90.68,82.622,16.435,17.432
2021/4/8,90.3,92.85,89.7,92.44,84.225,16.754,17.771
2021/4/9,93,93.2,90.5,91.2,83.096,16.529,17.532
2021/4/12,90.85,91.98,88.88,89.53,81.574,16.227,17.211
2021/4/13,89.39,90.3,87.66,88.98,81.073,16.127,17.106
2021/4/14,89.45,89.45,82.22,85.52,77.92,15.5,16.44
2021/4/15,84.52,84.58,82.06,82.18,74.877,14.895,15.798
2021/4/16,82.35,82.35,79.31,80.62,73.456,14.612,15.498
2021/4/19,80.7,82.21,79.5,82.09,74.795,14.878,15.781
2021/4/20,81.89,81.89,79.4,80.31,65.779,13.302,15.439
2021/4/21,80.19,83.36,79.61,83.18,68.13,13.778,15.991
2021/4/22,82.68,82.9,81.8,82.2,67.327,13.615,15.802
2021/4/23,82.9,83.98,82,83,67.983,13.748,15.956
2021/4/26,83.18,84.57,81.38,81.52,66.77,13.503,15.671
2021/4/27,81.54,83.18,80.85,83.05,68.023,13.756,15.966
2021/4/28,83.1,83.38,81.9,82.86,67.868,13.725,15.929
2021/4/29,82.99,83.1,81.8,82.35,67.45,13.64,15.831
2021/4/30,83,85.3,82.41,84.1,68.883,13.93,16.167
2021/5/6,84.1,85.3,82.01,82.12,67.262,13.602,15.787
2021/5/7,82.12,82.35,79.99,79.99,65.517,13.249,15.377
2021/5/10,79.9,80.88,78.01,80.33,65.796,13.306,15.443
2021/5/11,79.5,83.8,79.35,83.71,68.564,13.865,16.092
2021/5/12,83.63,83.94,82.5,83.18,68.13,13.778,15.991
2021/5/13,82.62,82.91,81.13,81.73,66.942,13.537,15.712
2021/5/14,82.31,84.2,81.41,83.83,68.662,13.885,16.116
2021/5/17,84.4,86.65,84.36,85.38,69.932,14.142,16.414
2021/5/18,85.4,86.34,84.54,85.73,70.219,14.2,16.481
2021/5/19,85.7,85.7,84.5,85.05,69.662,14.087,16.35
2021/5/20,85.17,85.34,83.3,83.71,68.564,13.865,16.092
2021/5/21,84.05,85.25,82,82.17,67.303,13.61,15.796
2021/5/24,81.91,83.36,80.9,83.36,68.277,13.807,16.025
2021/5/25,83.35,86.66,83.25,86.25,70.644,14.286,16.581
2021/5/26,87.08,87.47,85.63,86.29,70.677,14.293,16.588
2021/5/27,85.96,86.9,85.14,86.31,70.687,14.299,16.591
2021/5/28,86.89,87.32,85.26,85.85,70.31,14.223,16.502
2021/5/31,85.7,86.38,85.01,86.3,70.679,14.297,16.589
2021/6/1,86.39,87.5,85.6,87.47,71.637,14.491,16.814
2021/6/2,87.51,87.75,83.6,84.36,69.09,13.976,16.216
2021/6/3,83.53,83.9,82.56,82.58,67.632,13.681,15.874
2021/6/4,82.07,83.49,81.69,82.65,67.69,13.692,15.887
2021/6/7,82.5,82.53,81.25,82.44,67.518,13.658,15.847
2021/6/8,82.85,84.33,82.61,82.98,67.96,13.747,15.951
2021/6/9,83.09,84.5,83.09,84.15,68.918,13.941,16.176
2021/6/10,71.01,75.46,70.12,73,71.744,15.01,16.839
2021/6/11,73.1,73.45,71.1,72.96,71.704,15.002,16.83
2021/6/15,72.96,74.15,71.55,71.88,70.643,14.78,16.58
2021/6/16,71.88,72.4,70.5,70.81,69.591,14.56,16.334
2021/6/17,70.84,71.29,70.16,71.15,69.926,14.629,16.412
2021/6/18,71.5,72.45,70.83,71.44,70.211,14.689,16.479
2021/6/21,71.2,71.2,69.11,69.51,68.314,14.292,16.034
2021/6/22,69.51,70.49,69,70.48,69.267,14.492,16.257
2021/6/23,70.57,72.46,70.55,71.15,69.926,14.629,16.412
2021/6/24,69.99,69.99,67.87,68,66.83,13.982,15.685
2021/6/25,67.67,68.44,66.98,68.06,66.889,13.994,15.699
2021/6/28,68.06,68.6,67.5,68.6,67.419,14.105,15.824
2021/6/29,68.61,68.82,67.81,68.2,67.026,14.023,15.732
2021/6/30,68.25,68.7,67.9,67.97,66.8,13.976,15.678
2021/7/1,68,70.8,67.75,69.69,68.491,14.329,16.075
2021/7/2,69.03,69.29,66.85,66.91,65.758,13.758,15.434
2021/7/5,66.66,66.66,62.32,62.95,61.867,12.943,14.521
2021/7/6,62.6,62.6,60.83,62.06,60.992,12.76,14.315
2021/7/7,62.29,63.49,62.26,62.45,61.375,12.841,14.405
2021/7/8,62.46,62.88,61.17,61.37,60.314,12.619,14.156
2021/7/9,61.02,62.32,60.9,62.1,61.031,12.769,14.324
2021/7/12,63.5,64.5,62.99,63.12,62.034,12.978,14.56
2021/7/13,63.12,63.41,61.76,61.94,60.874,12.736,14.288
2021/7/14,61.7,61.8,60,60.11,59.076,12.359,13.865
2021/7/15,59.8,60.29,58.38,60.27,59.233,12.392,13.902
2021/7/16,60.27,60.27,59,60.1,59.066,12.357,13.863
2021/7/19,59.84,61,59.01,60.96,59.911,12.534,14.062
2021/7/20,60.85,63.18,60.5,63.18,62.093,12.991,14.574
2021/7/21,64,64.47,62.66,62.98,61.896,12.95,14.527
2021/7/22,62.96,62.96,61.27,61.28,60.225,12.6,14.135
2021/7/23,61.19,61.85,60.23,61.49,60.432,12.643,14.184
2021/7/26,61.3,61.3,58.59,59.22,58.201,12.176,13.66
2021/7/27,59.21,59.58,54.11,54.5,53.562,11.206,12.571
2021/7/28,53.97,56.27,53.6,55.91,54.948,11.496,12.897
2021/7/29,57.6,57.9,54.67,55.11,54.162,11.331,12.712
2021/7/30,54.58,54.88,53,54.38,53.444,11.181,12.544
2021/8/2,53.98,56.25,52.25,55.25,54.299,11.36,12.744
2021/8/3,55.11,57.4,54.6,57.4,56.412,11.802,13.24
2021/8/4,57.6,57.77,55.8,56.33,55.361,11.582,12.994
2021/8/5,56.34,57.48,55.49,55.8,54.84,11.473,12.871
2021/8/6,55.5,55.54,54.28,54.8,53.857,11.268,12.641
2021/8/9,54.5,57.92,54.26,56.92,55.94,11.704,13.13
2021/8/10,57.09,57.8,55.74,57.74,56.746,11.872,13.319
2021/8/11,57.2,58.37,56.77,56.89,55.911,11.697,13.123
2021/8/12,56.53,57.67,55.62,55.8,54.84,11.473,12.871
2021/8/13,55.56,56.65,55.28,56.53,55.557,11.623,13.04
2021/8/16,56.53,57.1,56.05,56.47,55.498,11.611,13.026
2021/8/17,56.2,56.43,54.65,54.75,53.808,11.257,12.629
2021/8/18,54.82,55.21,53.76,54.99,54.044,11.307,12.684
2021/8/19,54.66,55.46,53.78,53.84,52.913,11.07,12.419
2021/8/20,50,50.32,48.46,48.46,48.945,9.456,11.178
2021/8/23,47.55,48.2,45.5,47.18,47.652,9.206,10.883
2021/8/24,46.91,48.16,46.1,47.2,47.673,9.21,10.888
2021/8/25,47.21,48.11,46.71,47.41,47.885,9.251,10.936
2021/8/26,47.01,47.1,45.25,45.31,45.764,8.841,10.452
2021/8/27,45.5,46.9,45.49,46.05,46.511,8.986,10.622
2021/8/30,45.82,46.28,45.26,45.6,46.057,8.898,10.518
2021/8/31,45.45,46.14,44.33,45.2,45.653,8.82,10.426
2021/9/1,45.4,47.2,44.92,46.59,47.056,9.091,10.747
2021/9/2,46.6,46.6,45.5,45.86,46.319,8.949,10.578
2021/9/3,45.32,46.84,45.05,46.1,46.562,8.995,10.634
2021/9/6,46.19,48.89,46.19,48.1,48.582,9.386,11.095
2021/9/7,48.1,48.33,47.18,48.08,48.561,9.382,11.091
2021/9/8,48.08,48.32,47.6,47.75,48.228,9.317,11.014
2021/9/9,47.72,48.16,47.3,47.44,47.915,9.257,10.943
2021/9/10,47.4,47.95,47.09,47.45,47.925,9.259,10.945
2021/9/13,47.45,47.94,46.5,46.75,47.218,9.122,10.784
2021/9/14,46.77,47.52,46.73,46.8,47.269,9.132,10.795
2021/9/15,46.68,46.71,45.5,45.72,46.178,8.921,10.546
2021/9/16,45.9,46.45,45.38,46.15,46.612,9.005,10.645
2021/9/17,45.83,47.6,45.7,46.95,47.42,9.161,10.83
2021/9/22,46.95,48.15,46.61,47.9,48.38,9.347,11.049
2021/9/23,48,48.79,47.28,47.79,48.268,9.325,11.024
2021/9/24,47.7,50.1,47.55,49.8,50.299,9.717,11.487
2021/9/27,49.84,52.16,49.2,50.75,51.258,9.903,11.706
2021/9/28,51.5,51.5,49.33,50.39,50.895,9.833,11.623
2021/9/29,49.9,50.44,48.76,49.92,50.42,9.741,11.515
2021/9/30,49.94,50.63,49.44,50.23,50.733,9.801,11.586
2021/10/8,50.86,54.72,50.08,54.19,54.733,10.574,12.5
2021/10/11,54.19,55.54,53.01,53.61,54.147,10.461,12.366
2021/10/12,53.75,54.7,53.1,53.8,54.339,10.498,12.41
2021/10/13,53.55,53.55,51.55,52.95,53.48,10.332,12.214
2021/10/14,52.45,52.69,51.06,51.06,51.571,9.963,11.778
2021/10/15,50.4,51.37,49.74,50.05,50.551,9.766,11.545
2021/10/18,49.74,50,48.53,49.1,49.592,9.581,11.326
2021/10/19,48.74,50.74,48.66,49.61,50.107,9.68,11.443
2021/10/20,49,51.89,47.8,51.58,52.57,9.638,11.898
2021/10/21,50.96,51.32,50.37,50.5,51.469,9.436,11.649
2021/10/22,50.61,51.86,50.41,51.3,52.285,9.586,11.833
2021/10/25,51,52.3,50.8,51.21,52.193,9.569,11.812
2021/10/26,51.26,51.39,49.4,49.4,50.348,9.231,11.395
2021/10/27,49.3,49.87,48.68,49.06,50.002,9.167,11.317
2021/10/28,48.56,50.15,48.48,48.76,49.696,9.111,11.247
2021/10/29,48.5,49.88,48.5,49.24,50.185,9.201,11.358
2021/11/1,49.02,50.1,48.55,49.8,50.756,9.305,11.487
2021/11/2,49.51,50.28,48,48.5,49.431,9.063,11.187
2021/11/3,48.51,50.18,48.51,49.12,50.063,9.178,11.33
2021/11/4,49.25,51.8,49,51.21,52.193,9.569,11.812
2021/11/5,51.25,53.68,51.22,51.81,52.804,9.681,11.951
2021/11/8,52,52.23,49.5,49.62,50.572,9.272,11.446
2021/11/9,49.68,50.38,49.5,49.81,50.766,9.307,11.49
2021/11/10,49.81,54.5,49.7,53.73,54.761,10.04,12.394
2021/11/11,53.5,53.79,52.56,53,54.017,9.903,12.225
2021/11/12,53.05,53.45,52.01,52.55,53.559,9.819,12.122
2021/11/15,52.57,53.95,52.39,53.37,54.394,9.973,12.311
2021/11/16,53.4,54.97,53.37,54.35,55.393,10.156,12.537
2021/11/17,54.5,55.15,53.78,53.92,54.955,10.075,12.438
2021/11/18,53.5,53.58,51.6,51.78,52.774,9.675,11.944
2021/11/19,51.32,52.22,51.24,51.99,52.988,9.715,11.992
2021/11/22,52.59,53.17,51.85,52.02,53.019,9.72,11.999
2021/11/23,51.81,52.45,51.61,52.08,53.08,9.731,12.013
2021/11/24,51.95,52.2,51.5,51.88,52.876,9.694,11.967
2021/11/25,51.9,53.1,51.63,52.99,54.007,9.902,12.223
2021/11/26,53.18,53.2,52.25,52.35,53.355,9.782,12.075
2021/11/29,52.38,53.19,50.83,51.09,52.071,9.546,11.785
2021/11/30,50.65,51.1,50.06,50.17,51.133,9.375,11.573
2021/12/1,50.18,50.65,49.71,50.5,51.469,9.436,11.649
2021/12/2,49.93,49.93,49.02,49.06,50.002,9.167,11.317
2021/12/3,49.03,49.42,48.88,49.2,50.144,9.193,11.349
2021/12/6,49.2,49.8,49.19,49.28,50.226,9.208,11.367
2021/12/7,49.68,50.28,49.29,50.18,51.143,9.376,11.575
2021/12/8,50.19,50.38,49.4,50.36,51.315,9.424,11.614
2021/12/9,50.4,51.61,50.01,51.39,52.364,9.616,11.851
2021/12/10,51.01,51.68,50.91,51.26,52.232,9.592,11.821
2021/12/13,51.49,52,50.88,51,51.967,9.543,11.761
2021/12/14,50.65,51.48,50.62,51,51.967,9.543,11.761
2021/12/15,50.67,51,49.56,50,50.948,9.356,11.531
2021/12/16,49.7,50.3,49.33,50.23,51.182,9.399,11.584
2021/12/17,50.28,50.49,49.78,49.78,50.724,9.315,11.48
2021/12/20,49.45,50.45,49.36,49.88,50.826,9.334,11.503
2021/12/21,49.47,50.18,49.46,50.04,50.989,9.364,11.54
2021/12/22,50,50.09,49.56,49.66,50.602,9.293,11.452
2021/12/23,49.71,49.9,49.2,49.41,50.347,9.246,11.395
2021/12/24,49.3,50.33,49.25,50.12,51.07,9.379,11.558
2021/12/27,50.12,50.5,49.9,50.41,51.366,9.433,11.625
2021/12/28,50.41,50.77,49.92,50.17,51.121,9.388,11.57
2021/12/29,50.17,50.17,49.63,49.72,50.663,9.304,11.466
2021/12/30,49.74,50.46,49.43,50.01,50.958,9.358,11.533
2021/12/31,50.2,50.98,49.99,50.71,51.672,9.489,11.694
2023/1/3,38.62,39.05,38.11,38.44,70.132,6.672,11.526
2023/1/4,38.63,38.99,38.41,38.77,70.734,6.729,11.624
2023/1/5,39,39.87,38.71,39.55,72.157,6.864,11.858
2023/1/6,39.7,39.84,39.21,39.31,71.719,6.823,11.786
2023/1/9,39.28,39.8,38.77,39.55,72.157,6.864,11.858
2023/1/10,39.53,39.9,39.3,39.38,71.847,6.835,11.807
2023/1/11,39.38,39.65,38.33,38.45,70.15,6.674,11.529
2023/1/12,38.47,38.54,37.74,37.79,68.946,6.559,11.331
2023/1/13,38.45,39.51,37.84,39.27,71.646,6.816,11.774
2023/1/16,39.27,43.2,39.27,43.13,78.688,7.486,12.932
2023/1/17,42.79,43.33,41.88,42.18,76.955,7.321,12.647
2023/1/18,42.28,42.66,41.33,41.57,75.842,7.215,12.464
2023/1/19,42.16,44.77,41.66,43.64,79.619,7.574,13.085
2023/1/20,43.68,44.88,43.39,43.54,79.436,7.557,13.055
2023/1/30,43.9,44.44,43.09,43.25,78.907,7.507,12.968
2023/1/31,43.27,43.8,42.14,42.21,77.01,7.326,12.656
2023/2/1,42.23,42.7,41.98,42.64,77.794,7.401,12.785
2023/2/2,42.7,44.1,42.45,43,78.451,7.463,12.893
2023/2/3,43.07,43.59,42.72,42.8,78.086,7.429,12.833
2023/2/6,42.8,42.97,41.9,42.49,77.521,7.375,12.74
2023/2/7,42.39,43.18,41.84,42.1,76.809,7.307,12.623
2023/2/8,42.19,43.5,42.15,42.96,78.378,7.456,12.881
2023/2/9,42.82,43.87,42.67,43.65,79.637,7.576,13.088
2023/2/10,43.64,43.96,43.23,43.6,79.546,7.567,13.073
2023/2/13,44.31,45.99,44.31,44.97,82.045,7.805,13.483
2023/2/14,44.93,45.4,44.54,45.22,82.501,7.849,13.558
2023/2/15,45.2,45.53,44.45,44.81,81.753,7.777,13.435
2023/2/16,44.8,45.07,43.31,43.79,79.892,7.6,13.13
2023/2/17,43.7,44.9,43.38,44.17,80.586,7.666,13.244
2023/2/20,44.16,45.45,43.69,45.22,82.501,7.849,13.558
2023/2/21,45.02,45.44,44.3,44.5,81.188,7.724,13.343
2023/2/22,44.4,44.8,44,44.11,80.476,7.656,13.226
2023/2/23,44.02,44.32,43.18,43.52,79.4,7.554,13.049
2023/2/24,43.39,44.19,43.09,43.19,78.798,7.496,12.95
2023/2/27,42.9,43.4,42.6,43.13,78.688,7.486,12.932
2023/2/28,43.23,44.43,42.92,43.5,79.363,7.55,13.043
2023/3/1,43.43,44.14,43.18,43.77,79.856,7.597,13.124
2023/3/2,43.49,43.77,42.88,43.19,78.798,7.496,12.95
2023/3/3,43.16,43.98,43.1,43.4,79.181,7.533,13.013
2023/3/6,43.5,43.76,43.08,43.42,79.217,7.536,13.019
2023/3/7,43.4,43.8,42.11,42.12,76.846,7.311,12.629
2023/3/8,42.11,42.33,41.59,41.96,76.554,7.283,12.581
2023/3/9,41.93,42.23,41.7,41.73,76.134,7.243,12.512
2023/3/10,41.36,42.21,41.33,41.86,76.371,7.265,12.551
2023/3/13,41.53,41.9,41.21,41.42,75.569,7.189,12.419
2023/3/14,41.42,42.46,41.28,41.48,75.678,7.199,12.437
2023/3/15,41.85,42.27,41.26,41.38,75.496,7.182,12.407
2023/3/16,41.15,41.95,41.06,41.19,75.149,7.149,12.35
2023/3/17,41.55,41.79,40.7,40.82,74.474,7.085,12.239
2023/3/20,40.88,41.09,40.09,40.4,73.708,7.012,12.113
2023/3/21,40.35,41.78,40.35,41.6,75.897,7.22,12.473
2023/3/22,41.61,42.76,41.61,42.63,77.776,7.399,12.782
2023/3/23,42.59,42.96,42.29,42.67,77.849,7.406,12.794
2023/3/24,42.6,42.87,41.63,41.7,76.079,7.238,12.503
2023/3/27,41.7,43.3,40.9,43.28,78.962,7.512,12.977
2023/3/28,43.09,43.2,42.32,43,78.451,7.463,12.893
2023/3/29,43.35,43.46,42.78,43.16,78.743,7.491,12.941
2023/3/30,43.16,43.25,42.51,43.01,78.469,7.465,12.896
2023/3/31,43.01,43.44,42.5,42.82,78.123,7.432,12.839
2023/4/3,42.65,43.18,42.4,42.56,77.648,7.387,12.761
2023/4/4,42.56,43.16,42.1,43.15,78.725,7.489,12.938
2023/4/6,43.2,43.25,42.3,42.78,78.05,7.425,12.827
2023/4/7,42.79,45.3,42.79,45.15,82.374,7.836,13.537
2023/4/10,45.15,46.69,44.9,46.27,84.417,8.031,13.873
2023/4/11,46.2,46.66,45.72,46.01,83.943,7.986,13.795
2023/4/12,46.1,47.35,45.56,45.63,83.249,7.92,13.681
2023/4/13,45.63,47.75,45.47,47.35,86.387,8.218,14.197
2023/4/14,47.94,48.63,47,47.72,87.063,8.282,14.308
2023/4/17,47.8,50.3,47.8,49.29,89.927,8.555,14.779
2023/4/18,49.3,49.7,48.38,48.93,89.27,8.492,14.671
2023/4/19,48.8,49.2,48.41,48.66,88.778,8.446,14.59
2023/4/20,48.5,48.91,47.53,47.8,87.208,8.296,14.332
2023/4/21,47.8,48.35,47.32,47.32,86.333,8.213,14.188
2023/4/24,47.33,49.32,47.33,48.35,78.912,7.93,14.497
2023/4/25,48.35,48.96,47.28,47.98,78.308,7.87,14.386
2023/4/26,48,48.77,47.02,48.2,78.667,7.906,14.452
2023/4/27,48.18,48.75,47.41,48.2,78.667,7.906,14.452
2023/4/28,48.2,48.95,47.83,48.65,79.402,7.98,14.587
2023/5/4,48.55,49.9,48.48,49.27,80.414,8.081,14.773
2023/5/5,49.38,49.48,47.08,47.47,77.476,7.786,14.233
2023/5/8,47.47,47.6,46.07,46.51,75.909,7.629,13.945
2023/5/9,46.39,46.82,45.7,45.93,74.962,7.533,13.771
2023/5/10,46,46.7,45.65,46.35,75.648,7.602,13.897
2023/5/11,46.35,47.99,46.21,46.43,75.778,7.615,13.921
2023/5/12,46.44,46.87,45.37,45.51,74.277,7.465,13.645
2023/5/15,45.51,47.61,45.5,47.44,77.427,7.781,14.224
2023/5/16,49.1,49.71,48.7,49.13,80.185,8.058,14.731
2023/5/17,49.25,49.35,48.16,48.5,79.157,7.955,14.542
2023/5/18,48.5,48.87,47.78,48.02,78.373,7.876,14.398
2023/5/19,48.08,49.75,48.08,49.13,80.185,8.058,14.731
2023/5/22,49.18,50.2,48.33,48.7,79.483,7.988,14.602
2023/5/23,48.75,49.9,48.74,49.1,80.136,8.053,14.722
2023/5/24,49.1,49.18,47.63,47.96,78.276,7.866,14.38
2023/5/25,47.67,48.25,47.18,48.06,78.439,7.883,14.41
2023/5/26,47.95,49.05,47.89,48.4,78.994,7.939,14.512
2023/5/29,48.45,49.03,47.83,48.3,78.83,7.922,14.482
2023/5/30,48.3,49.2,47.3,48.29,78.814,7.92,14.479
2023/5/31,48.5,48.63,45.01,45.55,74.342,7.471,13.657
2023/6/1,45.56,46.89,45.45,45.93,74.962,7.533,13.771
2023/6/2,46.18,46.84,45.87,46.03,75.126,7.55,13.801
2023/6/5,46.2,46.9,46.04,46.5,75.893,7.627,13.942
2023/6/6,46.54,47.17,46.15,46.31,75.583,7.596,13.885
2023/6/7,46.3,46.69,45.35,45.5,74.261,7.463,13.642
2023/6/8,45.5,45.68,44.85,45.59,74.407,7.679,13.669
2023/6/9,45.34,46.15,45.11,45.79,74.734,7.713,13.729
2023/6/12,45.63,45.63,43.7,44.7,72.955,7.529,13.402
2023/6/13,44.61,45.34,44.27,45,73.445,7.58,13.492
2023/6/14,45.1,46.38,44.82,46,75.077,7.748,13.792
2023/6/15,46.4,46.99,46.04,46.93,76.594,7.905,14.071
2023/6/16,46.8,48.48,46.7,47.5,77.525,8.001,14.242
2023/6/19,47.5,47.88,46.63,46.88,76.513,7.896,14.056
2023/6/20,46.97,47.49,46.7,46.78,76.35,7.879,14.026
2023/6/21,46.51,47.17,46.4,46.4,75.729,7.815,13.912
2023/6/26,46.28,47.08,45.68,46.36,75.664,7.809,13.9
2023/6/27,46.18,46.8,45.83,45.95,74.995,7.74,13.777
2023/6/28,46.13,46.4,45.71,46.2,75.403,7.782,13.852
2023/6/29,46.15,47.44,46.1,47.05,76.79,7.925,14.107
2023/6/30,46.9,48.48,46.86,47.9,78.178,8.068,14.362
2023/7/3,47.92,47.92,47.03,47.36,77.296,7.977,14.2
2023/7/4,47.3,50.5,46.51,48.85,79.728,8.228,14.647
2023/7/5,48.85,49.85,48.53,49.19,80.283,8.285,14.749
2023/7/6,49.16,49.2,47.89,48.11,78.52,8.103,14.425
2023/7/7,48,48.59,47.81,48.39,78.977,8.151,14.509
2023/7/10,48.38,48.49,47.36,47.61,77.704,8.019,14.275
2023/7/11,48,48.56,47.21,48.24,78.733,8.125,14.464
2023/7/12,48.24,48.4,47.55,47.77,77.965,8.046,14.323
2023/7/13,47.94,48.2,47.5,48.01,78.357,8.087,14.395
2023/7/14,47.98,47.99,47.5,47.52,77.557,8.004,14.248
2023/7/17,47.52,47.52,46.73,47.2,77.035,7.95,14.152
2023/7/18,47.4,47.85,47,47.2,77.035,7.95,14.152
2023/7/19,47,47.37,46.55,46.69,76.203,7.864,13.999
2023/7/20,46.99,47.4,45.87,45.96,75.011,7.741,13.78
2023/7/21,46.03,46.3,45.65,45.93,74.962,7.736,13.771
2023/7/24,45.9,48,45.89,47.29,77.182,7.965,14.179
2023/7/25,47.75,47.9,47.13,47.76,77.949,8.045,14.32
2023/7/26,47.77,48.16,47.55,48.08,78.471,8.098,14.416
2023/7/27,48.33,48.47,47.8,48.11,78.52,8.103,14.425
2023/7/28,47.88,49.2,47.59,49.05,80.055,8.262,14.707
2023/7/31,49.04,49.33,44.22,44.58,72.759,7.509,13.367
2023/8/1,44.31,44.31,42.3,43.38,70.8,7.307,13.007
2023/8/2,43.25,43.99,42.06,42.28,69.005,7.121,12.677
2023/8/3,41.85,42.89,41.18,42.27,68.989,7.12,12.674
2023/8/4,42.55,42.67,41,41.07,67.03,6.918,12.314
2023/8/7,40.66,40.66,38.56,39.13,63.864,6.591,11.732
2023/8/8,38.6,40.69,38.58,40.14,65.512,6.761,12.035
2023/8/9,39.9,40.67,39.8,40.21,65.627,6.773,12.056
2023/8/10,40.21,40.38,39.6,39.9,65.121,6.721,11.963
2023/8/11,39.96,40.23,39.2,39.2,63.978,6.603,11.753
2023/8/14,38.83,40.79,38.8,40.62,66.296,6.842,12.179
2023/8/15,40.61,41.1,39.98,40.5,66.1,6.822,12.143
2023/8/16,40.39,41.91,40.25,41.01,66.932,6.908,12.296
2023/8/17,40.72,40.86,40.1,40.57,66.214,6.833,12.164
2023/8/18,40.5,40.58,39.8,39.95,65.202,6.729,11.978
2023/8/21,37.96,39.33,37.1,38.8,60.437,6.369,11.633
2023/8/22,39.15,39.4,38.33,39.15,60.983,6.427,11.738
2023/8/23,39.1,39.31,38.68,38.7,60.282,6.353,11.603
2023/8/24,38.71,40.88,38.4,40.44,62.992,6.638,12.125
2023/8/25,40.26,41.33,40.16,40.72,63.428,6.684,12.209
2023/8/28,42.99,43.35,41.52,41.92,65.297,6.881,12.569
2023/8/29,41.91,42.49,41.6,42.25,65.811,6.935,12.668
2023/8/30,42.5,42.5,42,42.15,65.656,6.919,12.638
2023/8/31,42.15,42.24,41.7,41.78,65.079,6.858,12.527
2023/9/1,41.85,42.02,41.43,41.53,64.69,6.817,12.452
2023/9/4,41.93,41.97,41.1,41.2,64.176,6.763,12.353
2023/9/5,41.21,41.58,41.09,41.21,64.191,6.765,12.356
2023/9/6,41.01,41.19,40.6,40.73,63.444,6.686,12.212
2023/9/7,40.88,40.88,39.93,40.29,62.758,6.614,12.08
2023/9/8,40.25,40.61,40,40.58,63.21,6.661,12.167
2023/9/11,40.75,43.16,40.75,43,66.98,7.058,12.893
2023/9/12,42.81,43.18,42.68,42.91,66.839,7.044,12.866
2023/9/13,42.85,43.08,42.01,42.2,65.733,6.927,12.653
2023/9/14,42.33,42.79,42.05,42.59,66.341,6.991,12.77
2023/9/15,42.7,43.95,42.35,43.6,67.914,7.157,13.073
