date,open,high,low,close,CJL,PE,PB,MC
2019-01-02,36.45,36.45,35.7,35.8,"42,478,984",7.675,2.484,"21,536,316.54"
2019-01-03,35.8,36.19,35.75,35.92,"25,879,802",7.701,2.493,"21,608,505.31"
2019-01-04,35.72,36.7,35.56,36.65,"48,961,213",7.858,2.543,"22,047,653.67"
2019-01-07,36.88,36.96,36.25,36.48,"39,269,076",7.821,2.532,"21,945,386.24"
2019-01-08,36.41,36.42,36.03,36.34,"19,302,164",7.791,2.522,"21,861,166.01"
2019-01-09,37.2,38.06,37.07,37.51,"105,806,077",8.042,2.603,"22,565,006.52"
2019-01-10,37.38,37.93,37.29,37.76,"47,756,614",8.095,2.62,"22,715,399.80"
2019-01-11,37.96,37.96,37.39,37.73,"33,092,589",8.089,2.618,"22,697,352.60"
2019-01-14,37.77,37.97,37.54,37.68,"21,177,348",8.078,2.615,"22,667,273.95"
2019-01-15,37.84,38.88,37.71,38.78,"61,271,292",8.314,2.691,"23,329,004.34"
2019-01-16,38.8,39.5,38.65,39.31,"50,192,876",8.428,2.728,"23,647,838.08"
2019-01-17,38.1,38.88,37.84,38.66,"92,745,328",8.288,2.683,"23,256,815.57"
2019-01-18,38.68,39.15,38.43,38.97,"56,937,644",8.355,2.704,"23,443,303.23"
2019-01-21,39.03,40.15,38.85,39.48,"58,980,901",8.464,2.74,"23,750,105.51"
2019-01-22,39.47,39.47,38.67,38.91,"31,945,881",8.342,2.7,"23,407,208.85"
2019-01-23,38.72,39.46,38.48,39.19,"34,826,523",8.402,2.72,"23,575,649.31"
2019-01-24,39.46,39.5,39.0,39.38,"29,729,031",8.443,2.733,"23,689,948.20"
2019-01-25,39.56,40.1,39.23,39.9,"48,283,883",8.554,2.769,"24,002,766.20"
2019-01-28,40.1,41.29,40.05,40.29,"51,847,665",8.638,2.796,"24,237,379.71"
2019-01-29,40.25,41.17,40.12,41.1,"52,298,077",8.812,2.852,"24,724,653.91"
2019-01-30,40.83,41.05,40.44,40.7,"33,230,654",8.726,2.824,"24,484,024.67"
2019-01-31,41.08,41.75,40.88,41.75,"47,374,589",8.951,2.897,"25,115,676.42"
2019-02-01,42.35,42.35,41.65,41.96,"40,894,729",8.996,2.912,"25,242,006.76"
2019-02-11,41.87,43.28,41.79,43.07,"39,917,349",9.234,2.989,"25,909,752.89"
2019-02-12,43.07,43.45,42.82,43.22,"36,698,352",9.266,2.999,"25,999,988.85"
2019-02-13,43.37,43.65,42.83,43.51,"41,802,503",9.328,3.019,"26,174,445.05"
2019-02-14,43.46,44.5,43.21,44.35,"43,546,157",9.508,3.078,"26,679,766.44"
2019-02-15,44.24,44.25,42.66,42.75,"64,381,715",9.165,2.967,"25,717,249.50"
2019-02-18,43.29,44.28,43.21,44.09,"48,026,017",9.453,3.06,"26,523,357.44"
2019-02-19,44.5,45.5,44.25,44.62,"53,235,010",9.566,3.097,"26,842,191.18"
2019-02-20,44.99,45.08,44.25,44.99,"33,464,112",9.646,3.122,"27,064,773.22"
2019-02-21,45.1,45.5,44.62,44.84,"44,965,515",9.613,3.112,"26,974,537.26"
2019-02-22,44.79,45.0,43.99,44.96,"45,113,200",9.639,3.12,"27,046,726.03"
2019-02-25,45.11,46.1,44.4,46.08,"93,008,257",9.879,3.337,"27,720,487.89"
2019-02-26,46.02,46.02,44.81,44.93,"67,527,001",9.633,3.253,"27,028,678.83"
2019-02-27,45.3,45.36,44.2,44.55,"46,966,648",9.551,3.226,"26,800,081.06"
2019-02-28,44.5,45.13,44.44,44.8,"34,638,053",9.605,3.244,"26,950,474.33"
2019-03-01,45.16,45.86,45.03,45.73,"64,503,002",9.804,3.311,"27,509,937.31"
2019-03-04,46.27,47.74,46.0,46.65,"88,029,512",10.001,3.378,"28,063,384.55"
2019-03-05,47.05,47.47,46.7,47.08,"53,711,471",10.094,3.409,"28,322,060.97"
2019-03-06,47.3,47.8,46.71,47.1,"47,632,361",10.098,3.411,"28,334,092.44"
2019-03-07,47.1,47.11,45.5,45.74,"63,612,511",9.806,3.312,"27,515,953.04"
2019-03-08,44.76,45.39,44.43,44.51,"63,223,056",9.543,3.223,"26,776,018.14"
2019-03-11,44.51,45.46,44.51,45.37,"42,744,102",9.727,3.285,"27,293,370.99"
2019-03-12,45.73,45.75,44.6,44.8,"70,191,342",9.605,3.244,"26,950,474.33"
2019-03-13,44.88,45.25,44.8,44.95,"39,902,264",9.637,3.255,"27,040,710.30"
2019-03-14,44.9,46.0,44.83,45.46,"51,368,856",9.746,3.292,"27,347,512.57"
2019-03-15,45.5,47.68,45.5,46.92,"83,975,319",10.059,3.398,"28,225,809.28"
2019-03-18,46.9,48.11,46.54,47.9,"65,350,732",10.269,3.469,"28,815,350.91"
2019-03-19,47.93,48.43,46.91,47.21,"50,703,847",10.122,3.419,"28,400,265.48"
2019-03-20,47.01,47.1,46.11,46.61,"46,049,241",9.993,3.375,"28,039,321.62"
2019-03-21,46.4,46.57,45.98,46.27,"46,690,937",9.92,3.351,"27,834,786.77"
2019-03-22,46.4,46.74,45.8,46.16,"42,619,203",9.896,3.343,"27,768,613.73"
2019-03-25,45.47,45.67,44.88,44.99,"57,037,810",9.646,3.258,"27,064,773.22"
2019-03-26,45.28,45.43,44.26,44.8,"49,095,354",9.605,3.244,"26,950,474.33"
2019-03-27,45.08,45.78,44.85,45.6,"43,079,560",9.776,3.302,"27,431,732.80"
2019-03-28,45.37,45.98,45.04,45.63,"34,626,542",9.783,3.304,"27,449,780.00"
2019-03-29,45.66,47.3,45.66,47.21,"79,588,027",10.122,3.419,"28,400,265.48"
2019-04-01,47.21,47.21,47.21,47.21,"10,843,642",10.122,3.419,"28,400,265.48"
2019-04-02,47.21,47.21,47.21,47.21,"322,875,034",10.122,3.419,"28,400,265.48"
2019-04-03,47.21,47.21,47.21,47.21,"174,327,744",10.122,3.419,"28,400,265.48"
2019-04-04,47.21,47.21,47.21,47.21,"109,251,512",10.122,3.419,"28,400,265.48"
2019-04-08,47.21,47.21,47.21,47.21,"138,528,609",10.122,3.419,"28,400,265.48"
2019-04-09,51.93,51.93,51.93,51.93,"10,843,642",11.133,3.76,"31,239,690.45"
2019-04-10,57.12,57.12,54.56,57.12,"322,875,034",12.246,4.136,"34,361,854.78"
2019-04-11,57.33,58.39,54.7,55.2,"174,327,744",11.835,3.997,"33,206,834.45"
2019-04-12,54.81,56.0,52.9,54.55,"109,251,512",11.695,3.95,"32,815,811.94"
2019-04-15,55.76,58.55,55.21,56.7,"138,528,609",12.156,4.106,"34,109,194.08"
2019-04-16,56.3,58.28,55.73,58.24,"90,534,495",12.486,4.217,"35,035,616.63"
2019-04-17,58.24,58.34,57.0,57.46,"71,134,936",12.319,4.161,"34,566,389.62"
2019-04-18,58.46,60.1,58.16,59.5,"96,045,516",12.756,4.309,"35,793,598.72"
2019-04-19,59.5,65.4,58.68,65.0,"104,428,516",13.936,4.707,"39,102,250.71"
2019-04-22,63.73,64.29,60.88,61.14,"126,873,432",13.108,4.427,"36,780,178.59"
2019-04-23,60.9,61.5,59.49,60.99,"87,488,196",13.076,4.416,"36,689,942.62"
2019-04-24,61.7,61.88,59.72,59.91,"83,847,354",12.844,4.338,"36,040,243.69"
2019-04-25,59.3,59.6,57.3,57.75,"88,811,027",12.381,4.182,"34,740,845.82"
2019-04-26,57.73,58.28,56.1,56.18,"72,059,629",12.045,4.068,"33,796,376.07"
2019-04-29,55.75,58.59,55.01,57.31,"94,751,043",13.157,3.93,"34,476,153.66"
2019-04-30,54.85,57.14,54.5,55.58,"85,342,281",12.716,3.576,"33,435,432.22"
2019-05-06,53.38,54.66,51.2,51.53,"135,811,358",11.79,3.316,"30,999,061.21"
2019-05-07,52.05,54.22,52.05,53.42,"92,700,222",12.222,3.437,"32,136,034.35"
2019-05-08,52.0,53.66,51.7,52.33,"55,479,012",11.973,3.367,"31,480,319.68"
2019-05-09,51.88,52.52,50.52,51.8,"73,733,501",11.852,3.333,"31,161,485.95"
2019-05-10,53.0,56.15,51.76,55.25,"90,050,525",12.641,3.555,"33,236,913.10"
2019-05-13,53.22,55.29,53.22,54.1,"45,334,447",12.378,3.481,"32,545,104.05"
2019-05-14,53.25,54.49,53.02,53.36,"50,839,633",12.209,3.434,"32,099,939.97"
2019-05-15,54.5,56.25,54.2,55.94,"73,830,878",12.799,3.6,"33,651,998.53"
2019-05-16,55.7,56.58,55.5,56.19,"43,178,158",12.856,3.616,"33,802,391.80"
2019-05-17,56.2,56.42,54.15,54.8,"49,182,968",12.538,3.526,"32,966,205.21"
2019-05-20,54.35,55.19,52.82,53.64,"46,021,753",12.273,3.452,"32,268,380.43"
2019-05-21,53.84,56.24,53.82,55.45,"51,895,127",12.687,3.568,"33,357,227.72"
2019-05-22,55.6,55.95,54.7,55.0,"27,649,662",12.584,3.539,"33,086,519.83"
2019-05-23,55.0,55.1,52.88,52.88,"52,302,950",12.099,3.403,"31,811,184.88"
2019-05-24,53.05,54.45,53.05,53.9,"42,952,023",12.332,3.468,"32,424,789.43"
2019-05-27,54.01,54.5,52.98,54.05,"35,229,427",12.366,3.478,"32,515,025.40"
2019-05-28,54.0,55.33,53.8,54.9,"39,962,173",12.561,3.533,"33,026,362.52"
2019-05-29,54.13,54.66,53.7,54.1,"29,526,221",12.378,3.481,"32,545,104.05"
2019-05-30,53.64,53.79,52.63,52.94,"45,544,777",12.112,3.406,"31,847,279.27"
2019-05-31,52.9,53.53,52.17,52.31,"37,422,212",11.968,3.366,"31,468,288.22"
2019-06-03,52.71,53.14,51.9,52.5,"36,729,313",12.012,3.378,"31,582,587.11"
2019-06-04,52.5,53.18,51.03,51.48,"37,091,546",11.778,3.313,"30,968,982.56"
2019-06-05,52.2,53.31,50.99,52.35,"49,629,698",11.977,3.369,"31,492,351.15"
2019-06-06,52.35,53.1,51.99,52.6,"28,839,261",12.035,3.385,"31,642,744.42"
2019-06-10,53.1,53.25,52.42,53.04,"35,932,314",12.135,3.413,"31,907,436.58"
2019-06-11,52.9,54.07,52.37,53.95,"70,345,156",12.344,3.471,"32,454,868.09"
2019-06-12,53.82,53.83,52.51,52.78,"48,630,704",12.076,3.396,"31,751,027.57"
2019-06-13,52.4,52.41,50.77,51.27,"68,976,808",11.73,3.299,"30,842,652.21"
2019-06-14,51.28,51.94,51.08,51.16,"32,945,834",11.705,3.292,"30,776,479.17"
2019-06-17,51.2,51.65,50.57,50.74,"38,691,309",11.609,3.265,"30,523,818.47"
2019-06-18,50.86,51.21,50.41,51.03,"28,522,558",11.675,3.284,"30,698,274.67"
2019-06-19,52.25,52.98,52.01,52.11,"57,329,404",11.923,3.353,"31,347,973.61"
2019-06-20,52.11,54.26,52.02,54.0,"72,059,196",12.355,3.475,"32,484,946.74"
2019-06-21,54.35,54.8,53.21,53.31,"54,778,165",12.197,3.43,"32,069,861.31"
2019-06-24,53.8,54.87,53.3,54.35,"50,235,311",12.435,3.497,"32,695,497.32"
2019-06-25,54.35,54.66,53.19,54.1,"41,615,080",12.378,3.481,"32,545,104.05"
2019-06-26,53.56,54.6,53.53,54.47,"30,717,055",12.462,3.505,"32,767,686.09"
2019-06-27,54.7,55.5,54.5,54.99,"41,458,493",12.581,3.538,"33,080,504.10"
2019-06-28,55.15,55.36,54.32,55.0,"26,937,806",12.584,3.539,"33,086,519.83"
2019-07-01,56.24,59.0,56.18,58.59,"87,895,488",13.405,3.77,"35,246,167.21"
2019-07-02,58.33,58.95,58.21,58.57,"44,028,866",13.401,3.769,"35,234,135.75"
2019-07-03,58.28,58.5,56.9,57.33,"40,891,086",13.117,3.689,"34,488,185.12"
2019-07-04,57.6,58.16,56.43,56.88,"37,364,879",13.014,3.66,"34,217,477.23"
2019-07-05,57.08,58.18,56.75,58.1,"30,627,920",13.293,3.739,"34,951,396.40"
2019-07-08,57.7,57.74,55.89,56.48,"40,525,020",12.922,3.634,"33,976,848.00"
2019-07-09,56.49,56.88,55.51,55.99,"24,496,735",12.81,3.603,"33,682,077.19"
2019-07-10,56.54,56.66,55.76,56.29,"24,756,619",12.879,3.622,"33,862,549.11"
2019-07-11,56.83,57.57,55.75,56.0,"40,924,543",12.813,3.603,"33,688,092.92"
2019-07-12,56.0,56.87,55.58,56.48,"29,430,754",12.922,3.634,"33,976,848.00"
2019-07-15,55.89,56.6,54.6,55.88,"43,097,748",12.785,3.596,"33,615,904.15"
2019-07-16,56.0,56.09,54.64,54.81,"37,620,864",12.54,3.527,"32,972,220.94"
2019-07-17,54.72,54.79,54.1,54.53,"28,145,938",12.476,3.509,"32,803,780.48"
2019-07-18,54.49,54.5,53.7,54.4,"28,354,936",12.446,3.5,"32,725,575.98"
2019-07-19,54.7,54.79,54.02,54.2,"37,702,991",12.401,3.488,"32,605,261.36"
2019-07-22,54.2,54.5,53.53,54.0,"21,306,432",12.355,3.475,"32,484,946.74"
2019-07-23,54.01,54.4,53.81,54.4,"22,905,722",12.446,3.5,"32,725,575.98"
2019-07-24,54.68,55.55,54.56,54.76,"35,588,642",12.529,3.524,"32,942,142.29"
2019-07-25,54.76,55.35,54.41,55.12,"22,567,722",12.611,3.547,"33,158,708.60"
2019-07-26,54.71,55.56,54.67,55.46,"25,461,600",12.689,3.569,"33,363,243.45"
2019-07-29,55.45,55.68,54.2,54.62,"35,937,720",12.497,3.515,"32,857,922.06"
2019-07-30,54.64,55.3,54.4,55.08,"27,330,263",12.602,3.544,"33,134,645.68"
2019-07-31,55.31,55.89,54.9,55.09,"28,726,324",12.604,3.545,"33,140,661.41"
2019-08-01,55.0,55.0,53.38,53.68,"48,295,672",12.282,3.454,"32,292,443.35"
2019-08-02,52.0,53.63,51.31,53.43,"41,159,955",12.225,3.438,"32,142,050.08"
2019-08-05,53.4,53.8,52.66,52.98,"39,492,869",12.122,3.409,"31,871,342.19"
2019-08-06,50.6,51.3,49.05,50.93,"53,200,343",11.653,3.627,"30,638,117.36"
2019-08-07,51.1,51.45,50.26,50.27,"24,240,284",11.502,3.58,"30,241,079.12"
2019-08-08,50.5,51.44,50.42,51.0,"29,627,086",11.669,3.632,"30,680,227.48"
2019-08-09,51.03,51.29,49.68,49.94,"39,173,018",11.426,3.557,"30,042,560.00"
2019-08-12,49.8,50.49,49.6,50.38,"23,565,461",11.527,3.588,"30,307,252.16"
2019-08-13,50.65,52.3,50.65,51.36,"49,899,952",11.751,3.658,"30,896,793.79"
2019-08-14,52.73,53.0,51.5,51.56,"32,371,561",11.797,3.672,"31,017,108.41"
2019-08-15,50.56,51.35,50.16,51.3,"22,672,742",11.737,3.654,"30,860,699.40"
2019-08-16,51.2,51.68,50.6,51.25,"28,994,905",11.726,3.65,"30,830,620.75"
2019-08-19,51.8,52.5,51.55,52.42,"34,439,780",11.993,3.733,"31,534,461.26"
2019-08-20,52.4,53.09,52.02,52.79,"31,705,827",12.078,3.76,"31,757,043.30"
2019-08-21,52.6,55.2,52.58,54.54,"66,428,454",12.479,3.884,"32,809,796.21"
2019-08-22,54.99,55.45,54.51,54.88,"36,852,326",12.556,3.909,"33,014,331.06"
2019-08-23,55.1,55.39,54.51,54.89,"32,590,986",12.559,3.909,"33,020,346.79"
2019-08-26,53.46,54.48,53.26,54.17,"33,886,436",12.394,3.858,"32,587,214.17"
2019-08-27,54.41,55.99,54.41,55.35,"47,237,259",12.664,3.942,"33,297,070.41"
2019-08-28,55.78,55.79,55.01,55.32,"24,339,573",12.657,3.94,"33,279,023.22"
2019-08-29,55.5,55.74,54.02,54.78,"30,243,057",12.533,3.901,"32,954,173.75"
2019-08-30,55.32,55.95,55.02,55.5,"41,023,831",12.698,3.953,"33,387,306.37"
2019-09-02,56.95,57.82,56.7,57.47,"68,428,871",12.735,3.74,"34,572,405.36"
2019-09-03,58.41,58.43,57.1,57.8,"51,197,807",12.808,3.761,"34,770,924.47"
2019-09-04,57.79,59.85,57.3,59.85,"64,438,069",13.263,3.895,"36,004,149.30"
2019-09-05,59.91,60.56,58.81,58.87,"48,304,061",13.046,3.831,"35,414,607.68"
2019-09-06,59.2,59.2,58.0,58.8,"38,505,025",13.03,3.826,"35,372,497.56"
2019-09-09,59.19,59.89,59.0,59.34,"37,594,350",13.15,3.862,"35,697,347.03"
2019-09-10,59.8,60.12,59.24,59.4,"24,697,865",13.163,3.866,"35,733,441.42"
2019-09-11,59.4,59.44,58.01,58.7,"31,035,493",13.008,3.82,"35,312,340.25"
2019-09-12,59.07,59.79,59.06,59.61,"27,492,619",13.21,3.879,"35,859,771.76"
2019-09-16,59.47,59.5,58.52,58.93,"21,797,160",13.059,3.835,"35,450,702.06"
2019-09-17,58.93,58.93,57.3,57.6,"30,747,274",12.764,3.748,"34,650,609.86"
2019-09-18,58.01,58.5,57.72,58.22,"17,746,711",12.902,3.789,"35,023,585.17"
2019-09-19,58.8,59.45,58.08,58.49,"27,851,670",12.961,3.806,"35,186,009.91"
2019-09-20,58.51,58.58,57.62,58.04,"23,762,232",12.862,3.777,"34,915,302.02"
2019-09-23,58.4,58.44,57.0,57.71,"21,558,059",12.789,3.756,"34,716,782.90"
2019-09-24,58.06,58.61,57.6,58.16,"22,127,577",12.888,3.785,"34,987,490.79"
2019-09-25,57.88,58.2,57.68,57.82,"15,651,474",12.813,3.763,"34,782,955.94"
2019-09-26,58.0,58.34,57.19,57.62,"19,327,108",12.769,3.75,"34,662,641.32"
2019-09-27,57.62,57.77,56.36,56.9,"22,351,001",12.609,3.703,"34,229,508.70"
2019-09-30,56.9,58.08,56.58,57.3,"22,611,865",12.698,3.729,"34,470,137.93"
2019-10-08,57.5,58.9,57.18,58.15,"26,662,839",12.886,3.784,"34,981,475.06"
2019-10-09,58.0,58.18,57.0,57.02,"21,980,778",12.636,3.711,"34,301,697.47"
2019-10-10,57.0,58.06,56.51,57.71,"21,612,513",12.789,3.756,"34,716,782.90"
2019-10-11,58.39,58.68,57.54,58.57,"29,427,423",12.979,3.811,"35,234,135.75"
2019-10-14,59.2,59.59,58.4,58.7,"22,992,186",13.008,3.82,"35,312,340.25"
2019-10-15,58.69,59.15,58.15,58.9,"17,720,436",13.052,3.833,"35,432,654.87"
2019-10-16,58.9,59.58,58.5,59.02,"21,181,293",13.079,3.841,"35,504,843.64"
2019-10-17,58.9,58.96,58.08,58.25,"18,251,814",12.908,3.791,"35,041,632.36"
2019-10-18,58.5,59.0,57.69,57.8,"21,160,901",12.808,3.761,"34,770,924.47"
2019-10-21,57.72,58.65,57.4,58.44,"14,817,663",12.95,3.803,"35,155,931.25"
2019-10-22,58.99,59.0,58.1,58.81,"16,834,937",13.032,3.827,"35,378,513.29"
2019-10-23,58.91,59.33,58.52,58.73,"16,097,186",13.015,3.822,"35,330,387.45"
2019-10-24,58.7,58.93,58.04,58.18,"15,531,165",12.893,3.786,"34,999,522.25"
2019-10-25,58.38,58.41,56.04,57.15,"47,698,396",12.664,3.719,"34,379,901.97"
2019-10-28,57.15,57.67,56.46,56.9,"24,127,334",12.609,3.703,"34,229,508.70"
2019-10-29,58.5,60.04,57.26,59.39,"80,580,401",13.161,3.865,"35,727,425.68"
2019-10-30,59.71,60.39,58.35,58.67,"41,022,862",13.001,3.818,"35,294,293.06"
2019-10-31,58.01,59.22,58.0,58.7,"36,031,249",12.982,3.503,"35,312,340.25"
2019-11-01,59.0,64.4,58.83,63.78,"117,531,572",14.105,3.807,"38,368,331.54"
2019-11-04,64.1,64.98,63.21,64.45,"57,382,773",14.253,3.847,"38,771,385.51"
2019-11-05,64.46,65.16,63.5,64.08,"53,592,751",14.171,3.825,"38,548,803.47"
2019-11-06,64.1,64.45,63.36,63.5,"33,586,554",14.043,3.79,"38,199,891.08"
2019-11-07,63.7,63.8,62.8,63.71,"31,761,678",14.09,3.802,"38,326,221.42"
2019-11-08,64.0,64.63,63.2,63.61,"34,120,324",14.067,3.797,"38,266,064.11"
2019-11-11,62.3,62.45,60.7,61.17,"68,135,187",13.528,3.651,"36,798,225.78"
2019-11-12,59.8,60.08,58.62,59.16,"63,653,713",13.083,3.531,"35,589,063.87"
2019-11-13,59.45,59.53,58.48,58.85,"36,477,612",13.015,3.512,"35,402,576.22"
2019-11-14,59.18,59.55,58.68,59.13,"35,394,497",13.077,3.529,"35,571,016.68"
2019-11-15,59.45,59.49,58.7,58.86,"20,210,432",13.017,3.513,"35,408,591.95"
2019-11-18,58.79,58.99,58.3,58.99,"22,598,461",13.046,3.521,"35,486,796.45"
2019-11-19,59.18,59.97,58.91,59.46,"35,236,916",13.15,3.549,"35,769,535.80"
2019-11-20,59.3,59.4,58.73,58.86,"22,170,600",13.017,3.513,"35,408,591.95"
2019-11-21,58.51,58.51,57.03,57.45,"43,953,533",12.705,3.429,"34,560,373.89"
2019-11-22,57.5,58.13,56.2,56.72,"36,853,490",12.544,3.385,"34,121,225.54"
2019-11-25,56.72,57.84,56.36,57.81,"35,129,885",12.785,3.45,"34,776,940.21"
2019-11-26,58.21,58.76,57.85,58.54,"34,575,480",12.946,3.494,"35,216,088.56"
2019-11-27,57.8,57.9,56.9,57.64,"34,987,041",12.747,3.44,"34,674,672.78"
2019-11-28,57.71,58.61,57.71,58.45,"29,821,772",12.926,3.489,"35,161,946.98"
2019-11-29,58.38,58.78,56.95,57.71,"33,734,840",12.763,3.444,"34,716,782.90"
2019-12-02,57.71,57.71,57.71,57.71,"33,734,840",12.763,3.444,"34,716,782.90"
2019-12-03,60.0,61.19,59.2,60.8,"90,032,586",13.446,3.629,"36,575,643.74"
2019-12-04,60.78,63.46,60.37,62.58,"78,496,569",13.84,3.735,"37,646,443.83"
2019-12-05,62.7,63.05,61.82,62.27,"45,272,936",13.771,3.717,"37,459,956.18"
2019-12-06,62.36,62.88,62.02,62.39,"31,248,306",13.798,3.724,"37,532,144.95"
2019-12-09,62.39,62.85,61.9,62.15,"29,023,155",13.745,3.709,"37,387,767.41"
2019-12-10,62.44,62.45,61.7,62.16,"23,523,685",13.747,3.71,"37,393,783.14"
2019-12-11,62.51,62.59,61.12,61.4,"29,139,937",13.579,3.665,"36,936,587.59"
2019-12-12,61.8,62.0,61.12,61.48,"20,259,366",13.596,3.669,"36,984,713.44"
2019-12-13,61.9,63.39,61.9,62.99,"44,235,877",13.93,3.76,"37,893,088.80"
2019-12-16,63.38,63.65,62.72,63.1,"30,559,075",13.955,3.766,"37,959,261.84"
2019-12-17,63.1,64.51,63.01,64.11,"39,262,639",14.178,3.826,"38,566,850.66"
2019-12-18,64.39,66.1,64.12,64.37,"45,151,830",14.236,3.842,"38,723,259.66"
2019-12-19,64.65,65.5,64.41,65.0,"28,146,343",14.375,3.879,"39,102,250.71"
2019-12-20,64.99,65.42,64.33,64.51,"23,427,839",14.266,3.85,"38,807,479.89"
2019-12-23,65.07,65.6,64.5,64.5,"33,770,991",14.264,3.85,"38,801,464.16"
2019-12-24,64.93,65.49,64.66,65.02,"19,121,619",14.379,3.881,"39,114,282.17"
2019-12-25,65.0,65.19,64.15,64.4,"19,837,240",14.242,3.844,"38,741,306.85"
2019-12-26,64.46,64.8,64.25,64.78,"16,533,953",14.326,3.866,"38,969,904.63"
2019-12-27,65.15,65.76,64.4,64.53,"24,979,335",14.271,3.851,"38,819,511.36"
2019-12-30,64.57,65.7,64.05,65.58,"26,457,981",14.503,3.914,"39,451,163.10"
2019-12-31,65.35,65.86,64.8,65.58,"20,930,799",14.503,3.914,"39,451,163.10"
2020-01-02,65.99,68.09,65.9,67.9,"46,361,443",15.016,4.053,"40,846,812.66"
2020-01-03,68.38,68.7,66.9,67.1,"36,870,373",14.839,4.005,"40,365,554.19"
2020-01-06,66.8,67.07,65.0,65.88,"46,780,255",14.569,3.932,"39,631,635.02"
2020-01-07,66.17,67.55,66.0,67.32,"41,076,595",14.888,4.018,"40,497,900.27"
2020-01-08,66.6,69.67,66.6,68.8,"48,780,896",15.215,4.106,"41,388,228.44"
2020-01-09,69.66,70.56,69.06,69.88,"34,853,812",15.454,4.171,"42,037,927.38"
2020-01-10,70.01,70.55,69.42,69.75,"20,032,474",15.425,4.163,"41,959,722.87"
2020-01-13,69.92,70.2,69.16,69.76,"27,115,151",15.428,4.164,"41,965,738.60"
2020-01-14,70.05,70.44,69.4,69.81,"21,307,675",15.439,4.167,"41,995,817.26"
2020-01-15,70.13,70.16,68.47,68.9,"27,853,363",15.237,4.112,"41,448,385.75"
2020-01-16,69.34,69.34,66.94,67.32,"45,958,549",14.888,4.018,"40,497,900.27"
2020-01-17,67.99,68.56,67.45,67.91,"30,055,306",15.018,4.053,"40,852,828.39"
2020-01-20,68.3,68.39,67.03,68.35,"25,946,658",15.116,4.079,"41,117,520.55"
2020-01-21,67.8,67.8,66.3,66.5,"37,020,861",14.707,3.969,"40,004,610.34"
2020-01-22,66.15,67.1,64.8,66.64,"39,241,238",14.738,3.977,"40,088,830.57"
2020-01-23,65.93,66.0,63.52,63.94,"53,157,650",14.14,3.816,"38,464,583.23"
2020-02-03,58.0,62.0,57.55,58.77,"109,790,930",12.997,3.508,"35,354,450.37"
2020-02-04,59.97,62.2,59.64,61.57,"65,983,247",13.616,3.675,"37,038,855.02"
2020-02-05,62.0,63.5,61.6,62.85,"56,278,881",13.899,3.751,"37,808,868.57"
2020-02-06,63.5,63.71,61.7,63.24,"49,492,478",13.986,3.774,"38,043,482.07"
2020-02-07,62.4,62.8,61.78,62.38,"47,544,410",13.795,3.723,"37,526,129.22"
2020-02-10,62.0,62.3,61.27,62.1,"33,848,905",13.734,3.706,"37,357,688.75"
2020-02-11,62.76,64.45,62.51,63.92,"44,717,625",14.136,3.815,"38,452,551.77"
2020-02-12,63.89,64.39,62.78,63.82,"34,994,937",14.114,3.809,"38,392,394.46"
2020-02-13,63.73,64.38,62.56,62.9,"38,606,706",13.91,3.754,"37,838,947.22"
2020-02-14,62.6,63.42,62.31,62.73,"30,018,493",13.873,3.744,"37,736,679.80"
2020-02-17,61.5,63.23,61.41,63.12,"51,407,393",13.959,3.767,"37,971,293.30"
2020-02-18,63.0,63.02,61.9,62.16,"49,901,464",13.747,3.71,"37,393,783.14"
2020-02-19,62.0,62.3,61.11,61.67,"39,945,190",13.638,3.681,"37,099,012.32"
2020-02-20,61.9,63.5,61.73,63.5,"58,676,248",14.043,3.79,"38,199,891.08"
2020-02-21,63.33,63.33,62.2,62.64,"54,346,991",13.853,3.739,"37,682,538.22"
2020-02-24,62.12,62.3,61.32,61.57,"66,204,780",13.616,3.675,"37,038,855.02"
2020-02-25,60.85,60.85,59.6,60.25,"73,307,798",13.324,3.596,"36,244,778.54"
2020-02-26,59.2,61.28,59.0,60.29,"56,646,370",13.333,3.598,"36,268,841.46"
2020-02-27,60.03,61.1,60.03,60.71,"35,634,798",13.426,3.623,"36,521,502.16"
2020-02-28,59.44,60.0,58.4,59.2,"51,370,598",13.092,3.533,"35,613,126.80"
2020-03-02,59.1,60.37,58.7,60.03,"50,283,937",13.276,3.583,"36,112,432.46"
2020-03-03,60.99,61.0,59.37,59.99,"47,456,276",13.267,3.58,"36,088,369.54"
2020-03-04,59.55,59.9,59.02,59.82,"42,339,393",13.229,3.57,"35,986,102.11"
2020-03-05,60.51,63.0,59.85,62.99,"101,844,526",13.93,3.76,"37,893,088.80"
2020-03-06,62.15,62.6,61.31,61.48,"50,353,322",13.596,3.669,"36,984,713.44"
2020-03-09,60.0,60.0,59.0,59.23,"58,723,190",13.099,3.535,"35,631,173.99"
2020-03-10,58.99,61.18,58.95,60.77,"54,143,802",13.439,3.627,"36,557,596.55"
2020-03-11,60.78,60.88,59.56,59.63,"36,194,722",13.187,3.559,"35,871,803.23"
2020-03-12,58.88,59.05,57.98,58.22,"49,656,245",12.875,3.475,"35,023,585.17"
2020-03-13,55.42,57.6,55.0,56.91,"54,346,379",12.586,3.397,"34,235,524.43"
2020-03-16,57.37,57.38,54.36,54.4,"56,240,633",12.031,3.247,"32,725,575.98"
2020-03-17,53.7,55.61,51.95,52.95,"60,590,194",11.71,3.16,"31,853,295.00"
2020-03-18,53.0,55.17,51.92,52.44,"70,323,091",11.597,3.13,"31,546,492.72"
2020-03-19,51.6,51.95,48.4,50.3,"109,883,799",11.124,3.002,"30,259,126.32"
2020-03-20,50.68,51.8,50.24,51.57,"63,267,049",11.405,3.078,"31,023,124.14"
2020-03-23,50.0,50.31,49.08,49.22,"48,467,133",10.885,2.938,"29,609,427.38"
2020-03-24,50.1,51.4,49.83,51.14,"60,043,635",11.31,3.052,"30,764,447.71"
2020-03-25,53.0,53.75,52.68,53.48,"63,587,783",11.827,3.192,"32,172,128.74"
2020-03-26,53.0,53.85,52.59,52.83,"35,392,957",11.683,3.153,"31,781,106.23"
2020-03-27,53.85,54.7,52.29,52.57,"58,661,530",11.626,3.138,"31,624,697.23"
2020-03-30,51.85,52.13,51.09,52.08,"37,727,448",11.518,3.108,"31,329,926.41"
2020-03-31,52.89,52.89,52.11,52.2,"31,237,383",11.544,3.116,"31,402,115.18"
2020-04-01,51.55,52.9,51.55,51.99,"35,684,224",11.498,3.103,"31,275,784.83"
2020-04-02,51.48,52.3,50.88,52.3,"39,875,302",11.566,3.121,"31,462,272.49"
2020-04-03,52.49,52.5,51.81,51.96,"30,594,728",11.491,3.101,"31,257,737.64"
2020-04-07,52.99,53.41,52.52,52.72,"49,804,116",11.659,3.147,"31,714,933.19"
2020-04-08,52.48,52.5,51.53,51.8,"43,137,244",11.456,3.092,"31,161,485.95"
2020-04-09,52.07,52.3,51.75,51.88,"33,019,936",11.473,3.096,"31,209,611.80"
2020-04-10,51.98,55.22,51.79,53.74,"77,923,258",11.885,3.207,"32,328,537.74"
2020-04-13,55.0,56.99,54.88,56.51,"85,781,913",12.497,3.373,"33,994,895.19"
2020-04-14,57.35,57.6,55.6,56.4,"61,676,496",12.473,3.366,"33,928,722.15"
2020-04-15,54.8,55.66,53.8,54.41,"97,474,198",13.267,2.972,"32,731,591.71"
2020-04-16,53.96,55.05,53.85,54.98,"49,171,857",13.406,3.003,"33,074,488.37"
2020-04-17,55.29,55.49,54.56,54.7,"45,970,331",13.337,2.988,"32,906,047.90"
2020-04-20,54.75,54.89,54.21,54.48,"36,752,123",13.284,2.976,"32,773,701.82"
2020-04-21,54.4,54.4,53.0,53.4,"41,966,538",13.02,2.917,"32,124,002.89"
2020-04-22,53.07,54.2,52.75,54.2,"32,078,808",13.215,2.961,"32,605,261.36"
2020-04-23,54.2,55.1,54.2,54.87,"47,484,132",13.379,2.997,"33,008,315.33"
2020-04-24,55.01,55.1,53.95,54.15,"28,787,951",13.203,2.958,"32,575,182.70"
2020-04-27,53.98,54.68,53.62,54.08,"24,465,486",13.186,2.954,"32,533,072.59"
2020-04-28,54.08,55.1,53.56,54.99,"40,855,500",13.408,3.004,"33,080,504.10"
2020-04-29,54.79,55.88,54.64,55.22,"32,044,017",13.464,3.016,"33,218,865.91"
2020-04-30,54.08,55.66,54.0,54.77,"63,145,363",16.008,2.917,"32,948,158.02"
2020-05-06,53.82,54.46,53.82,54.46,"60,318,237",15.917,2.901,"32,761,670.36"
2020-05-07,54.48,54.97,54.02,54.1,"43,538,631",15.812,2.882,"32,545,104.05"
2020-05-08,54.31,57.58,53.99,56.99,"123,373,707",16.656,3.035,"34,283,650.27"
2020-05-11,57.98,59.23,57.8,58.21,"87,171,582",17.013,3.1,"35,017,569.44"
2020-05-12,58.61,59.28,58.05,59.0,"65,911,559",17.244,3.143,"35,492,812.18"
2020-05-13,58.99,58.99,57.78,58.39,"48,190,420",17.066,3.11,"35,125,852.60"
2020-05-14,58.41,59.36,58.36,58.57,"40,248,472",17.118,3.12,"35,234,135.75"
2020-05-15,59.0,59.02,57.7,57.93,"38,278,425",16.931,3.086,"34,849,128.98"
2020-05-18,58.0,58.44,57.0,57.99,"40,813,065",16.949,3.089,"34,885,223.36"
2020-05-19,59.0,59.0,57.91,58.02,"35,141,548",16.958,3.09,"34,903,270.55"
2020-05-20,58.0,58.0,57.04,57.38,"37,054,258",16.77,3.056,"34,518,263.78"
2020-05-21,57.7,57.7,56.76,57.01,"28,257,617",16.662,3.037,"34,295,681.74"
2020-05-22,57.02,57.03,55.61,55.62,"39,114,075",16.256,2.962,"33,459,495.14"
2020-05-25,55.64,55.95,54.39,54.9,"39,373,644",16.046,2.924,"33,026,362.52"
2020-05-26,55.5,56.9,55.46,56.88,"44,497,025",16.624,3.03,"34,217,477.23"
2020-05-27,56.8,57.46,56.0,56.24,"35,057,418",16.437,2.996,"33,832,470.46"
2020-05-28,56.29,57.6,56.05,56.82,"41,975,732",16.607,3.026,"34,181,382.85"
2020-05-29,56.31,57.03,56.22,56.94,"29,169,129",16.642,3.033,"34,253,571.62"
2020-06-01,57.51,58.26,57.19,57.97,"57,925,071",16.943,3.088,"34,873,191.90"
2020-06-02,58.88,58.98,57.71,58.09,"46,837,490",16.978,3.094,"34,945,380.67"
2020-06-03,58.1,58.49,57.51,58.02,"45,819,960",16.958,3.09,"34,903,270.55"
2020-06-04,58.6,59.69,58.4,59.65,"65,622,849",17.434,3.177,"35,883,834.69"
2020-06-05,60.0,61.01,59.89,60.17,"58,536,642",17.586,3.205,"36,196,652.69"
2020-06-08,61.58,63.0,61.0,62.39,"69,837,724",18.235,3.323,"37,532,144.95"
2020-06-09,62.61,62.65,61.33,61.92,"42,343,080",18.097,3.298,"37,249,405.60"
2020-06-10,62.46,62.47,60.88,61.33,"41,414,208",17.925,3.267,"36,894,477.47"
2020-06-11,60.13,60.15,58.38,58.92,"50,272,548",17.221,3.353,"35,444,686.33"
2020-06-12,57.55,59.0,57.07,58.92,"45,814,513",17.221,3.353,"35,444,686.33"
2020-06-15,58.12,58.54,57.23,57.29,"43,486,456",16.744,3.26,"34,464,122.20"
2020-06-16,58.0,58.17,57.3,57.84,"37,333,377",16.905,3.291,"34,794,987.40"
2020-06-17,57.73,57.79,57.12,57.77,"34,059,687",16.884,3.287,"34,752,877.28"
2020-06-18,57.5,58.53,57.5,58.06,"35,416,346",16.969,3.304,"34,927,333.48"
2020-06-19,58.5,58.99,58.2,58.84,"55,418,363",17.197,3.348,"35,396,560.49"
2020-06-22,57.81,57.89,56.85,57.26,"73,739,030",16.735,3.258,"34,446,075.01"
2020-06-23,57.0,57.3,56.2,56.23,"71,733,841",16.434,3.199,"33,826,454.73"
2020-06-24,56.3,57.25,56.3,57.22,"53,712,688",16.724,3.256,"34,422,012.08"
2020-06-29,57.0,57.01,56.23,56.46,"37,301,744",16.502,3.213,"33,964,816.54"
2020-06-30,56.76,57.1,56.18,56.57,"42,914,148",16.534,3.219,"34,030,989.58"
2020-07-01,56.6,57.8,56.0,57.41,"72,233,256",16.779,3.267,"34,536,310.97"
2020-07-02,57.19,58.28,56.9,58.21,"102,071,153",17.013,3.312,"35,017,569.44"
2020-07-03,58.4,59.5,58.04,58.44,"93,973,703",17.08,3.325,"35,155,931.25"
2020-07-06,58.15,61.47,57.9,61.26,"142,141,613",17.904,3.486,"36,852,367.36"
2020-07-07,62.05,63.0,60.05,60.08,"146,240,576",17.56,3.419,"36,142,511.12"
2020-07-08,60.0,60.8,58.65,59.49,"127,042,154",17.387,3.385,"35,787,582.99"
2020-07-09,59.63,59.89,59.16,59.82,"104,182,511",17.484,3.404,"35,986,102.11"
2020-07-10,60.52,61.19,58.88,58.99,"120,513,278",17.241,3.357,"35,486,796.45"
2020-07-13,59.2,59.78,58.52,59.45,"124,377,102",17.375,3.383,"35,763,520.07"
2020-07-14,59.43,59.77,58.0,58.52,"94,871,962",17.104,3.33,"35,204,057.10"
2020-07-15,58.0,59.5,57.51,58.68,"113,275,617",17.15,3.339,"35,300,308.79"
2020-07-16,59.0,59.5,55.48,55.99,"124,051,109",16.364,3.186,"33,682,077.19"
2020-07-17,56.8,57.5,56.45,57.21,"76,939,167",16.721,3.255,"34,415,996.35"
2020-07-20,57.21,59.11,56.53,58.93,"88,620,390",17.223,3.353,"35,450,702.06"
2020-07-21,59.26,59.79,58.39,58.91,"68,467,522",17.218,3.352,"35,438,670.60"
2020-07-22,59.0,60.25,58.95,59.52,"94,278,638",17.396,3.387,"35,805,630.19"
2020-07-23,59.6,60.3,58.56,60.09,"93,755,412",17.563,3.419,"36,148,526.85"
2020-07-24,59.57,59.69,56.59,57.16,"101,520,091",16.706,3.252,"34,385,917.70"
2020-07-27,57.35,57.87,56.4,56.78,"53,875,430",16.595,3.231,"34,157,319.93"
2020-07-28,57.4,57.5,56.57,56.97,"44,074,090",16.651,3.242,"34,271,618.81"
2020-07-29,56.97,60.0,56.8,59.4,"143,014,000",17.361,3.38,"35,733,441.42"
2020-07-30,59.89,59.89,57.25,57.48,"123,686,229",16.8,3.271,"34,578,421.09"
2020-07-31,57.36,57.55,56.45,56.91,"115,564,496",16.633,3.238,"34,235,524.43"
2020-08-03,57.16,57.63,56.86,57.32,"82,389,786",16.753,3.262,"34,482,169.39"
2020-08-04,57.42,57.53,56.78,57.17,"75,142,989",16.709,3.253,"34,391,933.43"
2020-08-05,56.83,57.1,56.5,56.85,"59,413,552",16.616,3.235,"34,199,430.04"
2020-08-06,56.68,56.83,55.81,56.22,"70,954,068",16.431,3.199,"33,820,439.00"
2020-08-07,56.07,56.52,55.49,56.25,"66,863,316",16.44,3.201,"33,838,486.19"
2020-08-10,56.24,56.45,55.62,56.3,"56,139,598",16.455,3.203,"33,868,564.84"
2020-08-11,56.5,56.85,55.81,55.87,"54,666,547",16.329,3.179,"33,609,888.42"
2020-08-12,55.65,56.02,55.04,55.74,"60,200,918",16.291,3.172,"33,531,683.91"
2020-08-13,55.9,56.39,55.75,55.78,"34,203,870",16.303,3.174,"33,555,746.84"
2020-08-14,55.78,56.29,55.51,56.25,"31,724,476",16.44,3.201,"33,838,486.19"
2020-08-17,56.25,57.18,56.0,56.8,"67,772,412",16.601,3.232,"34,169,351.39"
2020-08-18,56.59,56.77,55.9,56.02,"61,849,450",16.373,3.188,"33,700,124.38"
2020-08-19,55.85,55.85,55.18,55.19,"50,098,471",16.13,3.14,"33,200,818.72"
2020-08-20,54.96,54.96,54.02,54.13,"62,631,331",15.821,3.08,"32,563,151.24"
2020-08-21,54.95,54.96,54.01,54.22,"38,246,503",15.847,3.085,"32,617,292.82"
2020-08-24,54.51,54.71,54.0,54.14,"45,509,578",15.823,3.081,"32,569,166.97"
2020-08-25,54.02,54.43,54.02,54.29,"35,115,499",15.867,3.089,"32,659,402.94"
2020-08-26,54.3,54.56,53.0,53.4,"61,686,565",15.607,3.038,"32,124,002.89"
2020-08-27,53.4,53.47,52.37,52.94,"52,794,831",15.473,3.012,"31,847,279.27"
2020-08-28,53.01,55.06,52.88,55.04,"82,688,619",16.087,3.132,"33,110,582.75"
2020-08-31,55.95,56.3,54.27,54.5,"74,345,155",18.942,2.886,"32,785,733.29"
2020-09-01,54.3,54.9,54.04,54.75,"32,527,930",19.029,2.899,"32,936,126.56"
2020-09-02,55.18,55.29,54.03,54.53,"38,087,260",18.952,2.887,"32,803,780.48"
2020-09-03,54.94,55.12,54.46,54.75,"48,893,478",19.029,2.899,"32,936,126.56"
2020-09-04,54.28,55.0,53.85,54.83,"37,360,185",19.057,2.903,"32,984,252.40"
2020-09-07,55.0,55.8,54.83,55.01,"56,450,197",19.119,2.913,"33,092,535.56"
2020-09-08,55.28,55.56,55.0,55.48,"41,897,242",19.282,2.938,"33,375,274.91"
2020-09-09,54.7,55.25,54.08,54.5,"36,494,736",18.942,2.886,"32,785,733.29"
2020-09-10,54.67,54.84,54.41,54.6,"34,310,821",18.977,2.891,"32,845,890.59"
2020-09-11,54.68,55.1,54.31,54.86,"32,475,203",19.067,2.905,"33,002,299.60"
2020-09-14,54.95,55.71,54.86,55.28,"25,777,547",19.213,2.927,"33,254,960.29"
2020-09-15,55.28,56.08,54.99,55.77,"43,682,624",19.383,2.953,"33,549,731.11"
2020-09-16,55.77,55.94,54.95,55.05,"33,530,584",19.133,2.915,"33,116,598.48"
2020-09-17,55.04,55.29,54.72,54.8,"27,868,080",19.046,2.902,"32,966,205.21"
2020-09-18,55.2,55.72,54.81,55.65,"33,810,238",19.342,2.947,"33,477,542.34"
2020-09-21,55.75,56.95,55.69,56.55,"68,578,241",19.654,2.994,"34,018,958.12"
2020-09-22,56.15,56.46,55.28,55.5,"33,698,049",19.289,2.939,"33,387,306.37"
2020-09-23,55.5,55.69,55.05,55.51,"24,325,856",19.293,2.939,"33,393,322.10"
2020-09-24,55.12,55.26,54.12,54.33,"31,425,891",18.883,2.877,"32,683,465.86"
2020-09-25,54.35,54.56,53.99,54.11,"24,854,488",18.806,2.865,"32,551,119.78"
2020-09-28,54.12,54.45,53.0,53.02,"46,381,353",18.428,2.807,"31,895,405.12"
2020-09-29,53.4,53.61,53.06,53.06,"29,349,466",18.441,2.81,"31,919,468.04"
2020-09-30,53.16,53.42,53.03,53.3,"22,717,205",18.525,2.822,"32,063,845.58"
2020-10-09,54.47,55.2,54.11,54.75,"48,033,764",19.029,2.899,"32,936,126.56"
2020-10-12,55.02,55.9,55.02,55.82,"41,148,508",19.401,2.956,"33,579,809.76"
2020-10-13,55.82,56.04,55.5,55.91,"24,589,778",19.432,2.96,"33,633,951.34"
2020-10-14,57.44,57.98,57.02,57.6,"105,344,906",20.019,3.05,"34,650,609.86"
2020-10-15,57.73,58.47,57.61,57.94,"68,250,028",20.137,3.068,"34,855,144.71"
2020-10-16,58.0,58.78,57.46,57.7,"47,393,523",20.054,3.055,"34,710,767.17"
2020-10-19,58.15,58.34,57.2,57.25,"36,508,836",19.898,3.031,"34,440,059.28"
2020-10-20,57.52,57.86,57.2,57.65,"28,263,303",20.037,3.053,"34,680,688.51"
2020-10-21,58.0,58.5,57.32,58.0,"40,481,052",20.158,3.071,"34,891,239.09"
2020-10-22,57.95,58.7,57.26,58.6,"51,206,321",20.367,3.103,"35,252,182.95"
2020-10-23,58.78,58.8,58.08,58.32,"37,380,071",20.27,3.088,"35,083,742.48"
2020-10-26,58.3,58.8,57.62,58.19,"33,553,983",20.224,3.081,"35,005,537.98"
2020-10-27,58.2,58.5,57.2,57.23,"32,955,304",19.891,3.03,"34,428,027.81"
2020-10-28,57.23,57.8,57.05,57.26,"31,676,747",19.901,3.032,"34,446,075.01"
2020-10-29,56.6,58.28,56.34,57.63,"47,239,897",20.03,3.051,"34,668,657.05"
2020-10-30,58.0,59.56,57.99,58.43,"79,267,809",20.308,3.094,"35,149,915.52"
2020-11-02,58.1,60.65,58.1,60.19,"82,520,570",22.244,3.155,"36,208,684.15"
2020-11-03,60.24,60.35,59.27,60.03,"49,374,257",22.185,3.147,"36,112,432.46"
2020-11-04,60.45,62.73,60.35,62.18,"91,074,682",22.98,3.26,"37,405,814.60"
2020-11-05,62.9,64.22,62.41,62.8,"69,541,553",23.209,3.292,"37,778,789.91"
2020-11-06,63.49,66.5,63.0,66.38,"108,598,632",24.532,3.48,"39,932,421.57"
2020-11-09,67.95,69.28,66.4,67.55,"93,232,831",24.964,3.541,"40,636,262.08"
2020-11-10,67.3,67.3,65.35,65.86,"60,427,872",24.34,3.453,"39,619,603.56"
2020-11-11,65.71,66.86,64.57,65.81,"49,063,011",24.321,3.45,"39,589,524.91"
2020-11-12,65.51,67.09,65.49,66.37,"51,561,805",24.528,3.669,"39,926,405.84"
2020-11-13,65.75,66.58,65.01,66.26,"44,570,665",24.487,3.663,"39,860,232.80"
2020-11-16,67.52,67.99,65.6,66.8,"40,244,531",24.687,3.692,"40,185,082.27"
2020-11-17,66.66,69.5,66.48,68.4,"60,831,533",25.278,3.781,"41,147,599.21"
2020-11-18,68.1,68.5,65.99,66.69,"52,482,888",24.646,3.686,"40,118,909.23"
2020-11-19,66.7,68.34,66.7,67.9,"51,061,352",25.093,3.753,"40,846,812.66"
2020-11-20,67.92,68.29,66.9,67.9,"38,351,303",25.093,3.753,"40,846,812.66"
2020-11-23,67.98,68.3,67.25,68.25,"46,254,238",25.223,3.773,"41,057,363.24"
2020-11-24,68.5,68.69,66.12,66.8,"50,330,930",24.687,3.692,"40,185,082.27"
2020-11-25,67.01,67.85,66.66,66.83,"33,198,075",24.698,3.694,"40,203,129.46"
2020-11-26,67.5,67.96,65.98,66.45,"36,685,810",24.558,3.673,"39,974,531.68"
2020-11-27,66.46,67.32,66.02,66.66,"27,054,195",24.635,3.685,"40,100,862.03"
2020-11-30,67.28,68.17,66.59,66.64,"43,415,990",24.628,3.684,"40,088,830.57"
2020-12-01,66.2,67.2,65.84,67.2,"34,692,992",24.835,3.715,"40,425,711.50"
2020-12-02,67.88,69.79,67.2,69.53,"74,760,101",25.696,3.843,"41,827,376.79"
2020-12-03,68.94,69.6,67.26,68.5,"55,285,651",25.315,3.786,"41,207,756.51"
2020-12-04,68.5,69.08,67.86,69.0,"33,579,371",25.5,3.814,"41,508,543.06"
2020-12-07,68.73,68.95,67.8,68.0,"30,614,271",25.13,3.759,"40,906,969.97"
2020-12-08,68.52,68.54,65.5,65.66,"57,070,900",24.266,3.629,"39,499,288.94"
2020-12-09,65.62,65.62,62.51,62.61,"72,927,772",23.138,3.461,"37,664,491.03"
2020-12-10,63.01,63.78,62.73,62.83,"41,285,201",23.22,3.473,"37,796,837.11"
2020-12-11,63.5,63.99,62.88,63.8,"39,857,593",23.578,3.527,"38,380,363.00"
2020-12-14,63.8,63.99,62.51,62.76,"30,817,278",23.194,3.469,"37,754,726.99"
2020-12-15,62.0,62.1,60.6,60.99,"75,961,321",22.54,3.371,"36,689,942.62"
2020-12-16,61.0,61.78,60.5,61.03,"67,090,874",22.555,3.374,"36,714,005.55"
2020-12-17,61.17,61.86,60.11,61.61,"52,370,703",22.769,3.406,"37,062,917.94"
2020-12-18,61.63,62.01,61.06,61.37,"35,606,623",22.68,3.392,"36,918,540.40"
2020-12-21,61.11,61.13,60.2,60.7,"48,688,161",22.433,3.355,"36,515,486.43"
2020-12-22,60.6,60.97,59.88,60.11,"44,334,856",22.215,3.323,"36,160,558.31"
2020-12-23,59.9,60.58,59.65,60.15,"41,634,389",22.229,3.325,"36,184,621.23"
2020-12-24,60.79,61.13,59.85,60.06,"30,092,212",22.196,3.32,"36,130,479.65"
2020-12-25,59.98,59.98,58.93,59.21,"33,872,995",21.882,3.273,"35,619,142.53"
2020-12-28,59.22,60.96,58.69,60.6,"47,450,431",22.396,3.35,"36,455,329.12"
2020-12-29,60.62,61.76,60.25,60.87,"32,934,223",22.495,3.365,"36,617,753.85"
2020-12-30,60.8,61.27,60.34,61.27,"34,484,268",22.643,3.387,"36,858,383.09"
2020-12-31,60.88,62.39,60.8,61.94,"43,939,294",22.891,3.424,"37,261,437.06"
2021-01-04,61.8,63.33,61.6,62.9,"54,903,578",23.246,3.477,"37,838,947.22"
2021-01-05,62.36,65.53,62.36,65.26,"70,088,887",24.118,3.607,"39,258,659.71"
2021-01-06,66.0,66.78,63.69,64.07,"52,170,379",23.678,3.542,"38,542,787.74"
2021-01-07,64.06,65.04,63.5,64.7,"46,475,055",23.911,3.576,"38,921,778.78"
2021-01-08,64.96,66.37,64.0,64.7,"49,950,205",23.911,3.576,"38,921,778.78"
2021-01-11,64.13,64.88,62.21,62.45,"58,182,903",23.079,3.452,"37,568,239.33"
2021-01-12,62.1,64.08,62.09,63.66,"44,731,442",23.527,3.519,"38,296,142.77"
2021-01-13,64.0,66.0,63.76,64.92,"57,162,721",23.992,3.589,"39,054,124.86"
2021-01-14,65.02,65.57,63.0,63.12,"44,703,512",23.327,3.489,"37,971,293.30"
2021-01-15,62.72,63.69,62.31,63.4,"34,537,150",23.43,3.505,"38,139,733.77"
2021-01-18,63.0,64.2,62.6,63.76,"38,390,498",23.563,3.524,"38,356,300.08"
2021-01-19,63.72,65.09,62.66,62.92,"40,845,405",23.253,3.478,"37,850,978.68"
2021-01-20,62.79,62.85,60.89,61.0,"60,848,099",22.543,3.372,"36,695,958.36"
2021-01-21,60.88,62.18,60.6,61.36,"49,076,291",22.677,3.392,"36,912,524.67"
2021-01-22,61.3,61.5,59.75,60.23,"56,839,104",22.259,3.329,"36,232,747.08"
2021-01-25,60.23,60.79,59.7,60.02,"52,507,666",22.181,3.318,"36,106,416.73"
2021-01-26,59.8,59.8,58.6,59.0,"46,356,422",21.804,3.261,"35,492,812.18"
2021-01-27,59.0,60.46,58.0,59.41,"53,504,324",21.956,3.284,"35,739,457.15"
2021-01-28,58.64,58.7,57.23,57.29,"52,287,008",21.172,3.167,"34,464,122.20"
2021-01-29,57.23,57.79,55.88,56.3,"49,388,880",20.807,3.112,"33,868,564.84"
2021-02-01,56.51,57.2,55.75,56.43,"31,769,343",20.855,3.119,"33,946,769.34"
2021-02-02,56.45,59.67,56.44,59.63,"67,437,831",22.037,3.296,"35,871,803.23"
2021-02-03,59.98,60.37,58.4,58.82,"47,406,154",21.738,3.251,"35,384,529.02"
2021-02-04,58.0,59.39,57.88,58.59,"30,141,987",21.653,3.239,"35,246,167.21"
2021-02-05,58.5,59.52,58.35,58.94,"27,993,334",21.782,3.258,"35,456,717.79"
2021-02-08,59.17,59.87,58.37,58.84,"32,371,043",21.745,3.252,"35,396,560.49"
2021-02-09,59.0,59.25,57.46,59.03,"47,029,019",21.815,3.263,"35,510,859.37"
2021-02-10,59.05,61.3,58.9,60.49,"56,120,470",22.355,3.344,"36,389,156.08"
2021-02-18,61.05,61.8,59.68,60.47,"52,660,810",22.348,3.343,"36,377,124.62"
2021-02-19,60.4,61.5,59.9,61.03,"40,662,851",22.555,3.374,"36,714,005.55"
2021-02-22,60.1,60.14,57.94,58.48,"60,749,622",21.612,3.233,"35,179,994.17"
2021-02-23,58.09,58.48,56.93,57.05,"54,736,080",21.084,3.154,"34,319,744.66"
2021-02-24,57.51,58.21,57.0,57.28,"49,243,904",21.169,3.166,"34,458,106.47"
2021-02-25,57.83,60.49,57.77,59.85,"79,223,818",22.118,3.308,"36,004,149.30"
2021-02-26,59.1,60.89,58.88,59.0,"59,131,818",21.804,3.261,"35,492,812.18"
2021-03-01,59.05,60.95,59.02,60.43,"49,032,424",22.333,3.34,"36,353,061.70"
2021-03-02,60.89,61.5,59.84,60.66,"43,600,108",22.418,3.353,"36,491,423.51"
2021-03-03,60.66,60.68,59.69,60.2,"31,900,104",22.248,3.328,"36,214,699.89"
2021-03-04,59.79,60.19,58.7,58.85,"43,308,280",21.749,3.253,"35,402,576.22"
2021-03-05,58.06,58.6,57.58,58.13,"34,920,904",21.483,3.213,"34,969,443.59"
2021-03-08,58.42,59.14,56.51,56.62,"51,361,782",20.925,3.13,"34,061,068.23"
2021-03-09,56.63,58.87,56.11,58.0,"60,033,488",21.435,3.206,"34,891,239.09"
2021-03-10,58.39,58.85,57.91,58.62,"31,218,528",21.664,3.24,"35,264,214.41"
2021-03-11,58.3,59.2,58.27,58.59,"30,263,702",21.653,3.239,"35,246,167.21"
2021-03-12,58.59,58.81,58.2,58.5,"26,073,195",21.62,3.234,"35,192,025.64"
2021-03-15,58.47,58.81,57.42,57.78,"30,168,745",21.353,3.194,"34,758,893.01"
2021-03-16,59.0,60.24,58.61,60.0,"68,604,906",22.174,3.317,"36,094,385.27"
2021-03-17,60.65,63.31,60.0,62.2,"83,571,760",22.987,3.438,"37,417,846.06"
2021-03-18,62.92,63.48,61.5,62.5,"48,516,782",23.098,3.455,"37,598,317.99"
2021-03-19,62.0,62.0,59.66,60.0,"55,819,039",22.174,3.317,"36,094,385.27"
2021-03-22,60.05,61.19,59.6,60.94,"39,575,697",22.521,3.369,"36,659,863.97"
2021-03-23,60.85,62.0,60.28,61.41,"38,481,259",22.695,3.395,"36,942,603.32"
2021-03-24,61.4,62.0,61.07,61.35,"32,399,326",22.673,3.391,"36,906,508.94"
2021-03-25,60.86,61.63,60.7,61.38,"25,338,726",22.684,3.393,"36,924,556.13"
2021-03-26,62.6,62.93,61.18,61.62,"37,839,591",22.773,3.406,"37,068,933.67"
2021-03-29,61.94,62.7,61.48,62.47,"40,946,837",23.087,3.453,"37,580,270.79"
2021-03-30,62.48,62.5,61.41,62.1,"27,420,306",22.95,3.433,"37,357,688.75"
2021-03-31,62.29,63.27,61.91,62.7,"36,590,634",23.172,3.466,"37,718,632.61"
2021-04-01,62.69,63.0,61.98,62.73,"21,812,025",23.183,3.467,"37,736,679.80"
2021-04-02,62.98,63.5,62.2,62.44,"27,760,233",23.076,3.451,"37,562,223.60"
2021-04-06,62.45,62.69,61.0,61.33,"24,198,358",22.665,3.39,"36,894,477.47"
2021-04-07,61.99,62.1,60.88,61.68,"23,994,960",22.795,3.409,"37,105,028.06"
2021-04-08,61.65,61.98,61.15,61.85,"15,721,246",22.858,3.419,"37,207,295.48"
2021-04-09,62.09,62.18,60.69,61.65,"23,815,344",22.784,3.408,"37,086,980.86"
2021-04-12,61.55,61.83,59.68,60.2,"23,305,064",22.248,3.328,"36,214,699.89"
2021-04-13,60.4,60.5,58.71,59.17,"24,392,820",21.867,3.271,"35,595,079.61"
2021-04-14,59.51,60.15,59.31,59.92,"18,663,520",22.144,3.312,"36,046,259.42"
2021-04-15,61.0,62.33,60.38,60.53,"48,350,030",16.421,3.161,"36,413,219.00"
2021-04-16,61.7,61.88,60.02,60.88,"32,841,159",16.516,3.179,"36,623,769.59"
2021-04-19,60.9,61.36,60.35,60.88,"29,084,209",16.516,3.179,"36,623,769.59"
2021-04-20,60.81,60.82,59.65,59.98,"34,338,610",16.272,3.132,"36,082,353.81"
2021-04-21,59.5,59.98,59.07,59.62,"22,207,693",16.174,3.114,"35,865,787.49"
2021-04-22,59.71,59.9,58.76,59.11,"26,844,357",16.036,3.087,"35,558,985.22"
2021-04-23,59.3,60.2,59.06,59.81,"27,949,161",16.226,3.124,"35,980,086.38"
2021-04-26,59.97,59.99,58.45,58.5,"42,065,369",15.87,3.055,"35,192,025.64"
2021-04-27,58.5,58.73,57.52,57.98,"31,695,564",15.729,3.028,"34,879,207.63"
2021-04-28,58.5,58.66,57.39,58.06,"27,710,952",15.751,3.032,"34,927,333.48"
2021-04-29,59.51,60.67,58.21,59.51,"82,288,716",14.879,3.17,"35,799,614.45"
2021-04-30,60.25,60.6,59.32,59.91,"50,033,512",14.979,3.191,"36,040,243.69"
2021-05-06,59.65,60.38,59.61,59.96,"33,612,713",14.992,3.194,"36,070,322.34"
2021-05-07,60.25,61.13,59.15,59.56,"36,528,167",14.892,3.173,"35,829,693.11"
2021-05-10,59.4,59.84,58.92,59.84,"29,204,133",14.962,3.188,"35,998,133.57"
2021-05-11,59.41,59.99,59.22,59.9,"19,644,907",14.977,3.191,"36,034,227.96"
2021-05-12,59.9,60.1,58.05,59.08,"38,783,902",14.772,3.147,"35,540,938.03"
2021-05-13,58.55,58.7,57.25,57.38,"42,631,676",14.347,3.057,"34,518,263.78"
2021-05-14,57.0,57.75,56.58,57.74,"44,842,349",14.437,3.076,"34,734,830.09"
2021-05-17,57.75,58.8,57.53,58.29,"36,004,033",14.574,3.105,"35,065,695.29"
2021-05-18,58.31,58.68,57.73,57.93,"23,780,945",14.484,3.086,"34,849,128.98"
2021-05-19,57.9,57.92,57.21,57.41,"22,997,505",14.354,3.058,"34,536,310.97"
2021-05-20,57.91,58.19,57.39,58.0,"29,461,064",14.502,3.09,"34,891,239.09"
2021-05-21,58.14,58.57,57.4,57.5,"28,266,741",14.377,3.063,"34,590,452.55"
2021-05-24,57.23,57.24,56.67,56.8,"35,729,612",14.202,3.026,"34,169,351.39"
2021-05-25,56.2,56.5,54.7,55.89,"112,779,263",13.974,2.977,"33,621,919.88"
2021-05-26,55.9,56.37,55.32,56.19,"47,618,606",14.049,2.993,"33,802,391.80"
2021-05-27,58.5,59.27,57.62,58.04,"95,635,438",14.512,3.092,"34,915,302.02"
2021-05-28,58.0,58.0,56.8,56.99,"64,862,635",14.249,3.036,"34,283,650.27"
2021-05-31,57.06,57.21,55.88,56.3,"56,053,396",14.077,2.999,"33,868,564.84"
2021-06-01,56.3,56.53,55.96,56.3,"34,078,014",14.077,2.999,"33,868,564.84"
2021-06-02,56.3,56.39,55.92,56.05,"32,203,750",14.014,2.986,"33,718,171.57"
2021-06-03,56.19,56.5,55.98,55.98,"38,526,612",13.997,2.982,"33,676,061.46"
2021-06-04,55.98,56.28,55.56,55.98,"30,928,663",13.997,2.982,"33,676,061.46"
2021-06-07,55.93,55.93,55.16,55.36,"40,618,895",13.842,2.949,"33,303,086.14"
2021-06-08,55.3,55.69,54.96,55.23,"28,603,661",13.809,2.942,"33,224,881.64"
2021-06-09,55.15,55.45,55.05,55.23,"30,478,659",13.809,2.942,"33,224,881.64"
2021-06-10,55.23,55.32,55.0,55.01,"39,750,717",13.754,2.93,"33,092,535.56"
2021-06-11,55.03,55.15,54.35,54.62,"42,287,234",13.657,2.91,"32,857,922.06"
2021-06-15,54.65,55.38,54.4,55.37,"45,788,692",13.844,2.95,"33,309,101.87"
2021-06-16,55.39,55.97,55.02,55.18,"31,422,940",13.797,2.939,"33,194,802.98"
2021-06-17,55.2,55.2,54.5,54.7,"29,167,028",13.677,2.914,"32,906,047.90"
2021-06-18,54.7,54.91,53.67,53.68,"50,755,026",13.422,2.86,"32,292,443.35"
2021-06-21,52.48,52.48,51.0,51.11,"111,265,588",12.779,2.723,"30,746,400.52"
2021-06-22,51.12,51.36,49.5,49.82,"107,895,588",12.457,2.654,"29,970,371.23"
2021-06-23,49.85,51.72,49.83,51.72,"86,754,969",12.932,2.755,"31,113,360.10"
2021-06-24,51.79,51.86,50.68,51.45,"47,409,864",12.864,2.741,"30,950,935.37"
2021-06-25,51.5,52.56,51.16,52.23,"47,818,455",13.059,2.782,"31,420,162.38"
2021-06-28,53.9,54.46,52.36,52.66,"52,555,025",13.167,2.805,"31,678,838.80"
2021-06-29,52.62,52.62,50.9,51.17,"47,667,186",12.794,2.726,"30,782,494.90"
2021-06-30,51.6,52.29,51.17,52.1,"29,513,260",13.027,2.775,"31,341,957.87"
2021-07-01,52.12,52.5,51.1,51.86,"35,377,220",12.967,2.763,"31,197,580.33"
2021-07-02,51.2,51.49,50.35,50.99,"47,088,482",12.749,2.716,"30,674,211.75"
2021-07-05,51.0,51.2,49.69,49.89,"48,646,874",12.474,2.658,"30,012,481.35"
2021-07-06,49.55,50.26,49.38,50.11,"35,295,781",12.529,2.669,"30,144,827.43"
2021-07-07,49.83,51.08,49.83,50.19,"36,427,130",12.549,2.674,"30,192,953.28"
2021-07-08,50.29,50.29,49.0,49.2,"56,559,795",12.301,2.621,"29,597,395.92"
2021-07-09,49.2,49.44,48.2,49.3,"40,565,516",12.327,2.626,"29,657,553.23"
2021-07-12,49.7,49.8,48.81,48.92,"38,015,124",12.231,2.606,"29,428,955.46"
2021-07-13,49.15,49.67,48.5,49.4,"36,884,269",12.352,2.632,"29,717,710.54"
2021-07-14,49.3,49.9,48.81,49.6,"45,530,753",12.402,2.642,"29,838,025.15"
2021-07-15,49.1,49.8,48.99,49.5,"38,032,397",12.377,2.637,"29,777,867.85"
2021-07-16,49.5,50.16,49.2,49.99,"43,810,409",12.499,2.663,"30,072,638.66"
2021-07-19,50.3,51.73,50.0,51.48,"72,400,272",12.872,2.742,"30,968,982.56"
2021-07-20,51.35,51.94,50.7,51.2,"46,338,532",12.802,2.727,"30,800,542.10"
2021-07-21,51.2,51.49,49.9,49.95,"49,884,429",12.489,2.661,"30,048,575.74"
2021-07-22,49.8,50.45,49.5,49.95,"39,026,330",12.489,2.661,"30,048,575.74"
2021-07-23,49.9,49.91,48.98,49.02,"45,042,135",12.256,2.611,"29,489,112.76"
2021-07-26,48.8,48.83,47.58,47.63,"65,575,533",11.909,2.537,"28,652,926.17"
2021-07-27,47.98,48.1,46.7,46.76,"62,982,578",11.691,2.491,"28,129,557.59"
2021-07-28,46.5,48.08,46.16,47.5,"56,206,051",11.876,2.53,"28,574,721.67"
2021-07-29,47.97,48.18,47.41,47.56,"46,480,637",11.891,2.534,"28,610,816.06"
2021-07-30,47.21,47.68,46.5,47.5,"40,302,543",11.876,2.53,"28,574,721.67"
2021-08-02,47.13,48.9,46.6,48.25,"52,314,589",12.064,2.57,"29,025,901.49"
2021-08-03,47.9,49.5,47.71,49.21,"58,606,350",12.304,2.621,"29,603,411.65"
2021-08-04,49.9,49.9,48.28,48.51,"52,420,801",12.129,2.584,"29,182,310.49"
2021-08-05,48.12,49.29,48.05,48.12,"34,844,584",12.031,2.563,"28,947,696.98"
2021-08-06,48.2,48.26,47.41,47.74,"27,849,370",11.936,2.543,"28,719,099.21"
2021-08-09,47.5,48.82,47.39,48.47,"41,586,777",12.119,2.582,"29,158,247.57"
2021-08-10,48.09,48.59,47.6,48.5,"35,984,735",12.126,2.584,"29,176,294.76"
2021-08-11,48.64,49.23,47.9,48.05,"48,719,161",12.014,2.56,"28,905,586.87"
2021-08-12,48.02,48.24,46.66,46.77,"65,866,726",11.694,2.491,"28,135,573.32"
2021-08-13,46.78,46.95,46.17,46.52,"39,195,008",11.631,2.478,"27,985,180.04"
2021-08-16,46.85,48.18,46.68,47.99,"61,536,863",11.999,2.556,"28,869,492.48"
2021-08-17,48.09,48.2,47.05,47.12,"40,945,935",11.781,2.51,"28,346,123.90"
2021-08-18,47.18,47.74,46.9,47.64,"32,873,879",11.911,2.538,"28,658,941.90"
2021-08-19,47.54,47.88,47.01,47.22,"34,357,648",11.806,2.515,"28,406,281.21"
2021-08-20,47.03,47.11,45.45,46.1,"72,889,342",11.526,2.456,"27,732,519.35"
2021-08-23,44.0,45.15,42.78,44.99,"94,271,239",10.71,2.753,"27,064,773.22"
2021-08-24,45.0,45.98,44.11,44.47,"61,973,416",10.587,2.721,"26,751,955.21"
2021-08-25,44.68,44.78,44.27,44.41,"37,301,721",10.572,2.717,"26,715,860.83"
2021-08-26,44.1,44.1,43.0,43.14,"54,996,625",10.27,2.64,"25,951,863.01"
2021-08-27,43.0,43.45,42.81,42.83,"33,754,969",10.196,2.621,"25,765,375.35"
2021-08-30,42.85,42.96,40.82,41.0,"82,576,878",9.76,2.509,"24,664,496.60"
2021-08-31,41.2,41.96,40.3,41.1,"65,468,076",9.784,2.515,"24,724,653.91"
2021-09-01,41.5,41.88,40.72,41.66,"90,621,797",9.918,2.549,"25,061,534.84"
2021-09-02,41.66,41.66,40.16,40.47,"104,376,928",9.634,2.476,"24,345,662.86"
2021-09-03,40.48,40.88,40.2,40.59,"81,983,523",9.663,2.484,"24,417,851.63"
2021-09-06,40.86,41.57,40.75,41.39,"89,379,170",9.853,2.533,"24,899,110.10"
2021-09-07,41.29,41.83,40.91,41.75,"70,159,754",9.939,2.555,"25,115,676.42"
2021-09-08,41.6,41.67,41.27,41.53,"71,079,050",9.887,2.541,"24,983,330.34"
2021-09-09,41.37,41.79,41.26,41.46,"48,036,806",9.87,2.537,"24,941,220.22"
2021-09-10,41.5,41.66,41.13,41.24,"59,032,322",9.818,2.523,"24,808,874.14"
2021-09-13,41.26,41.39,40.61,40.8,"59,412,607",9.713,2.497,"24,544,181.98"
2021-09-14,40.95,41.3,40.17,40.21,"63,968,409",9.572,2.46,"24,189,253.86"
2021-09-15,40.03,40.05,38.69,38.99,"107,648,800",9.282,2.386,"23,455,334.69"
2021-09-16,38.8,39.09,38.19,38.21,"77,409,322",9.096,2.338,"22,986,107.68"
2021-09-17,38.09,38.38,37.44,38.26,"72,454,537",9.108,2.341,"23,016,186.34"
2021-09-22,37.57,37.92,37.44,37.79,"36,804,323",8.996,2.312,"22,733,446.99"
2021-09-23,37.96,38.48,37.88,38.11,"51,706,366",9.072,2.332,"22,925,950.38"
2021-09-24,38.0,38.43,37.75,37.91,"43,610,921",9.025,2.32,"22,805,635.76"
2021-09-27,37.83,39.25,37.55,38.44,"74,025,028",9.151,2.352,"23,124,469.50"
2021-09-28,38.1,38.53,37.72,38.11,"46,611,034",9.072,2.332,"22,925,950.38"
2021-09-29,38.82,39.6,38.46,39.3,"104,737,322",9.356,2.405,"23,641,822.35"
2021-09-30,39.29,39.46,38.73,38.75,"67,332,578",9.225,2.371,"23,310,957.15"
2021-10-08,38.88,39.96,38.37,39.81,"82,685,450",9.477,2.436,"23,948,624.63"
2021-10-11,39.99,40.12,39.54,39.85,"55,819,304",9.487,2.438,"23,972,687.55"
2021-10-12,39.52,39.88,39.27,39.44,"43,544,252",9.389,2.413,"23,726,042.58"
2021-10-13,39.22,39.43,38.52,39.1,"45,331,658",9.308,2.393,"23,521,507.73"
2021-10-14,39.03,39.32,38.82,38.98,"27,145,697",9.28,2.385,"23,449,318.96"
2021-10-15,38.98,39.49,38.81,39.05,"40,225,796",9.296,2.389,"23,491,429.08"
2021-10-18,39.05,39.1,38.22,38.36,"39,604,481",9.132,2.347,"23,076,343.65"
2021-10-19,38.2,39.26,38.17,39.05,"45,212,364",9.296,2.389,"23,491,429.08"
2021-10-20,39.1,39.3,38.52,38.58,"35,314,668",9.184,2.361,"23,208,689.73"
2021-10-21,38.58,40.1,38.42,40.08,"96,608,729",9.541,2.453,"24,111,049.36"
2021-10-22,40.1,41.06,40.08,40.67,"106,208,914",9.682,2.489,"24,465,977.48"
2021-10-25,40.05,40.21,39.14,39.37,"88,501,906",9.372,2.409,"23,683,932.47"
2021-10-26,39.28,39.56,38.93,38.98,"52,358,763",9.28,2.385,"23,449,318.96"
2021-10-27,38.0,38.01,36.6,36.77,"159,121,075",9.17,2.397,"22,119,842.44"
2021-10-28,36.47,36.75,35.91,36.5,"62,526,929",9.103,2.379,"21,957,417.70"
2021-10-29,36.49,36.83,36.03,36.65,"55,777,086",9.14,2.389,"22,047,653.67"
2021-11-01,36.32,37.29,35.93,36.97,"63,205,279",9.22,2.41,"22,240,157.06"
2021-11-02,36.92,37.19,36.12,36.36,"52,088,926",9.068,2.37,"21,873,197.47"
2021-11-03,36.36,36.55,35.81,36.28,"42,944,962",9.048,2.365,"21,825,071.63"
2021-11-04,36.29,36.43,35.92,36.42,"51,186,105",9.083,2.374,"21,909,291.86"
2021-11-05,36.3,36.75,36.0,36.36,"44,889,821",9.068,2.37,"21,873,197.47"
2021-11-08,36.01,36.23,35.89,36.01,"42,417,886",8.981,2.347,"21,662,646.89"
2021-11-09,36.01,36.17,35.53,35.6,"52,595,435",8.879,2.321,"21,055,509.78"
2021-11-10,35.5,35.51,34.1,34.67,"112,307,310",8.647,2.26,"20,505,464.16"
2021-11-11,34.73,36.12,34.61,36.12,"123,853,844",8.857,2.476,"21,363,062.17"
2021-11-12,36.23,36.23,35.3,35.43,"74,252,446",8.687,2.428,"20,954,963.81"
2021-11-15,35.58,36.29,35.47,36.09,"57,855,616",8.849,2.474,"21,345,318.77"
2021-11-16,36.23,36.64,36.1,36.32,"60,632,615",8.906,2.489,"21,481,351.55"
2021-11-17,36.78,36.99,36.24,36.33,"54,834,802",8.908,2.49,"21,487,266.02"
2021-11-18,36.23,36.33,35.71,35.75,"46,228,070",8.766,2.45,"21,144,226.82"
2021-11-19,35.69,36.04,35.38,35.91,"48,293,262",8.805,2.461,"21,238,858.32"
2021-11-22,35.85,36.08,35.61,35.72,"38,002,268",8.758,2.448,"21,126,483.41"
2021-11-23,35.5,35.98,35.11,35.9,"53,898,686",8.803,2.461,"21,232,943.85"
2021-11-24,35.9,35.96,35.52,35.73,"37,931,737",8.761,2.449,"21,132,397.88"
2021-11-25,35.61,36.08,35.34,35.38,"43,694,681",8.675,2.425,"20,925,391.46"
2021-11-26,35.3,35.32,35.1,35.13,"31,058,588",8.614,2.408,"20,777,529.74"
2021-11-29,34.77,34.83,34.53,34.63,"42,463,194",8.491,2.374,"20,481,806.29"
2021-11-30,34.68,35.08,34.46,34.56,"38,807,856",8.474,2.369,"20,440,405.00"
2021-12-01,34.41,35.19,34.23,35.18,"44,119,093",8.626,2.411,"20,807,102.08"
2021-12-02,35.0,35.28,34.76,35.1,"29,998,239",8.606,2.406,"20,759,786.33"
2021-12-03,35.1,35.25,34.65,34.98,"36,003,323",8.577,2.398,"20,688,812.70"
2021-12-06,34.9,36.0,34.85,35.4,"70,954,142",8.68,2.426,"20,937,220.40"
2021-12-07,35.63,36.64,35.6,36.63,"109,286,243",8.982,2.511,"21,664,700.09"
2021-12-08,36.73,36.78,36.03,36.51,"68,748,868",8.952,2.503,"21,593,726.47"
2021-12-09,36.46,37.42,36.46,36.87,"102,200,855",9.04,2.527,"21,806,647.35"
2021-12-10,36.6,36.87,36.25,36.6,"54,164,487",8.974,2.509,"21,646,956.69"
2021-12-13,36.6,37.34,36.6,36.67,"65,758,977",8.991,2.513,"21,688,357.97"
2021-12-14,36.89,36.89,36.11,36.2,"51,639,732",8.876,2.481,"21,410,377.92"
2021-12-15,36.09,36.33,35.85,35.9,"41,208,897",8.803,2.461,"21,232,943.85"
2021-12-16,35.95,36.14,35.67,36.04,"37,944,055",8.837,2.47,"21,315,746.42"
2021-12-17,36.0,36.0,35.46,35.5,"42,309,705",8.705,2.433,"20,996,365.09"
2021-12-20,35.4,35.77,35.23,35.25,"37,916,678",8.643,2.416,"20,848,503.37"
2021-12-21,35.37,36.1,35.35,35.86,"47,780,525",8.793,2.458,"21,209,285.98"
2021-12-22,35.89,36.12,35.48,35.93,"41,570,413",8.81,2.463,"21,250,687.26"
2021-12-23,35.75,35.98,35.48,35.71,"30,651,996",8.756,2.448,"21,120,568.94"
2021-12-24,35.72,35.72,35.25,35.6,"35,083,489",8.729,2.44,"21,055,509.78"
2021-12-27,35.68,37.6,35.6,37.59,"139,888,858",9.217,2.577,"22,232,489.12"
2021-12-28,37.59,38.14,37.13,37.8,"116,218,921",9.268,2.591,"22,356,692.97"
2021-12-29,37.6,37.64,36.82,36.82,"72,674,514",9.028,2.524,"21,777,075.01"
2021-12-30,36.9,37.1,36.67,36.83,"45,854,381",9.031,2.524,"21,782,989.47"
2021-12-31,36.83,37.19,36.62,37.03,"41,765,621",9.08,2.538,"21,901,278.86"
2022-01-04,37.03,37.75,36.84,37.58,"66,231,709",9.215,2.576,"22,226,574.65"
2022-01-05,37.6,39.75,37.45,39.05,"182,268,902",9.575,2.677,"23,096,001.60"
2022-01-06,39.05,39.12,38.38,38.61,"86,819,500",9.467,2.646,"22,835,764.96"
2022-01-07,38.92,40.4,38.66,40.14,"164,665,655",9.842,2.751,"23,740,678.73"
2022-01-10,40.14,41.11,39.8,40.27,"110,096,660",9.874,2.76,"23,817,566.82"
2022-01-11,40.05,40.75,39.63,39.96,"66,151,341",9.798,2.739,"23,634,218.28"
2022-01-12,39.96,39.99,39.01,39.52,"64,504,932",9.69,2.709,"23,373,981.65"
2022-01-13,39.5,40.0,38.98,39.1,"51,823,072",9.587,2.68,"23,125,573.95"
2022-01-14,39.0,39.09,38.22,38.25,"56,627,466",9.379,2.622,"22,622,844.08"
2022-01-17,38.0,38.6,37.95,38.55,"44,299,736",9.452,2.642,"22,800,278.15"
2022-01-18,38.5,39.3,38.03,39.21,"67,021,234",9.614,2.688,"23,190,633.11"
2022-01-19,38.95,39.81,38.83,39.45,"66,462,107",9.673,2.704,"23,332,580.36"
2022-01-20,39.47,40.47,39.4,40.0,"73,776,710",9.808,2.742,"23,657,876.16"
2022-01-21,39.97,40.1,39.01,39.1,"50,788,578",9.587,2.68,"23,125,573.95"
2022-01-24,39.0,39.39,38.42,38.85,"42,720,923",9.526,2.663,"22,977,712.22"
2022-01-25,39.01,40.09,38.85,38.89,"70,959,225",9.536,2.666,"23,001,370.10"
2022-01-26,38.89,39.68,38.54,39.16,"41,862,025",9.602,2.684,"23,161,060.76"
2022-01-27,39.03,39.03,37.36,37.4,"74,102,395",9.17,2.564,"22,120,114.21"
2022-01-28,37.5,38.25,37.49,37.83,"47,644,511",9.276,2.593,"22,374,436.38"
2022-02-07,38.27,38.58,37.7,38.22,"40,373,283",9.371,2.62,"22,605,100.67"
2022-02-08,38.22,38.52,37.84,38.49,"34,640,873",9.438,2.638,"22,764,791.33"
2022-02-09,38.44,38.86,38.3,38.58,"41,106,873",9.46,2.644,"22,818,021.56"
2022-02-10,38.91,39.16,38.61,38.74,"47,658,143",9.499,2.655,"22,912,653.06"
2022-02-11,38.74,40.15,38.59,39.9,"87,483,158",9.783,2.735,"23,598,731.47"
2022-02-14,40.28,40.38,39.04,39.76,"62,338,748",9.749,2.725,"23,515,928.90"
2022-02-15,39.43,39.66,38.92,39.14,"45,654,967",9.597,2.683,"23,149,231.82"
2022-02-16,39.02,39.44,38.95,39.22,"30,780,887",9.617,2.688,"23,196,547.57"
2022-02-17,39.3,39.3,38.52,38.64,"42,714,367",9.474,2.649,"22,853,508.37"
2022-02-18,38.4,39.05,38.3,39.04,"26,360,482",9.573,2.676,"23,090,087.13"
2022-02-21,38.8,38.98,38.43,38.83,"33,968,072",9.521,2.662,"22,965,883.28"
2022-02-22,38.5,38.64,37.83,37.91,"53,047,875",9.295,2.598,"22,421,752.13"
2022-02-23,38.02,38.29,37.97,38.24,"29,246,588",9.376,2.621,"22,616,929.61"
2022-02-24,38.15,38.15,36.91,37.2,"60,824,088",9.121,2.55,"22,001,824.83"
2022-02-25,37.24,37.49,36.91,37.17,"42,712,684",9.114,2.548,"21,984,081.42"
2022-02-28,37.18,37.2,36.19,36.77,"62,730,581",9.016,2.52,"21,747,502.66"
2022-03-01,36.7,37.07,36.35,36.83,"42,985,840",9.031,2.524,"21,782,989.47"
2022-03-02,36.5,36.68,36.38,36.58,"24,595,801",8.969,2.507,"21,635,127.75"
2022-03-03,36.72,36.76,36.01,36.1,"46,173,839",8.852,2.474,"21,351,233.23"
2022-03-04,35.86,35.97,35.52,35.83,"33,962,598",8.785,2.456,"21,191,542.57"
2022-03-07,35.6,35.64,34.86,34.89,"48,913,310",8.555,2.391,"20,635,582.48"
2022-03-08,34.88,35.11,33.88,33.93,"53,916,765",8.32,2.326,"20,067,793.45"
2022-03-09,33.93,34.25,31.69,33.34,"78,680,338",8.175,2.285,"19,718,839.78"
2022-03-10,34.48,34.49,33.25,33.5,"47,489,450",8.214,2.296,"19,813,471.28"
2022-03-11,32.99,33.89,32.53,33.8,"36,290,880",8.288,2.317,"19,990,905.36"
2022-03-14,33.23,33.62,33.0,33.03,"29,943,298",8.099,2.264,"19,535,491.24"
2022-03-15,32.69,32.69,31.19,31.2,"62,285,447",7.65,2.139,"18,453,143.40"
2022-03-16,31.61,31.95,30.65,31.75,"60,634,543",7.785,2.176,"18,778,439.20"
2022-03-17,32.41,32.78,32.06,32.07,"65,206,207",7.864,2.198,"18,967,702.21"
2022-03-18,31.8,32.53,31.64,32.26,"53,326,522",7.91,2.211,"19,080,077.12"
2022-03-21,32.28,32.46,31.93,32.16,"40,403,581",7.886,2.204,"19,020,932.43"
2022-03-22,32.14,32.81,32.01,32.45,"39,439,807",7.957,2.224,"19,192,452.03"
2022-03-23,32.5,32.59,32.11,32.36,"29,932,041",7.935,2.218,"19,139,221.81"
2022-03-24,32.2,32.29,31.95,32.07,"25,595,264",7.864,2.198,"18,967,702.21"
2022-03-25,32.3,32.3,31.5,31.52,"40,684,758",7.729,2.16,"18,642,406.41"
2022-03-28,31.06,31.64,30.75,31.64,"27,766,641",7.758,2.169,"18,713,380.04"
2022-03-29,31.67,31.73,31.24,31.28,"20,440,905",7.67,2.144,"18,500,459.16"
2022-03-30,31.38,32.07,31.38,32.07,"33,152,766",7.864,2.198,"18,967,702.21"
2022-03-31,32.0,32.5,31.88,32.3,"36,267,599",7.92,2.214,"19,103,735.00"
2022-04-01,32.1,33.08,31.86,33.02,"46,824,095",8.096,2.263,"19,529,576.77"
2022-04-06,33.02,33.41,32.86,33.19,"39,895,155",8.138,2.275,"19,630,122.74"
2022-04-07,33.05,33.36,32.75,33.08,"37,262,285",8.111,2.267,"19,565,063.58"
2022-04-08,32.18,32.28,31.79,32.21,"34,117,729",7.898,2.359,"19,050,504.78"
2022-04-11,32.31,32.32,31.6,31.78,"33,534,898",7.792,2.328,"18,796,182.61"
2022-04-12,31.77,32.8,31.43,32.46,"38,833,496",7.959,2.377,"19,198,366.50"
2022-04-13,32.38,32.43,31.95,31.96,"24,479,084",7.837,2.341,"18,902,643.05"
2022-04-14,32.2,32.59,32.06,32.49,"30,566,174",7.966,2.38,"19,216,109.91"
2022-04-15,32.1,32.58,32.1,32.38,"21,834,734",7.94,2.372,"19,151,050.75"
2022-04-18,32.38,32.38,31.88,32.0,"20,630,954",7.846,2.344,"18,926,300.93"
2022-04-19,32.0,32.18,31.37,31.55,"32,515,161",7.736,2.311,"18,660,149.82"
2022-04-20,31.51,32.33,31.5,31.73,"29,730,688",7.78,2.324,"18,766,610.26"
2022-04-21,31.73,31.99,31.01,31.18,"36,272,972",7.645,2.284,"18,441,314.47"
2022-04-22,30.81,32.17,30.42,31.97,"43,642,904",7.839,2.342,"18,908,557.52"
2022-04-25,31.61,32.0,30.7,30.71,"43,933,142",7.53,2.249,"18,163,334.42"
2022-04-26,30.97,31.08,29.92,30.0,"42,292,456",7.356,2.197,"17,743,407.12"
2022-04-27,29.8,30.47,29.65,30.46,"37,264,668",7.469,2.231,"18,015,472.70"
2022-04-28,30.4,30.64,29.9,30.31,"35,526,715",7.432,2.22,"17,926,755.66"
2022-04-29,30.36,31.33,30.3,31.21,"42,062,722",7.653,2.286,"18,459,057.87"
2022-05-05,32.5,34.23,32.38,34.22,"122,318,223",8.567,2.205,"20,239,313.05"
2022-05-06,33.74,34.17,33.51,33.96,"58,693,018",8.502,2.188,"20,085,536.86"
2022-05-09,33.72,33.83,33.21,33.37,"33,436,835",8.354,2.15,"19,736,583.19"
2022-05-10,32.99,33.65,32.7,33.55,"48,929,200",8.399,2.162,"19,843,043.63"
2022-05-11,33.57,33.72,33.04,33.3,"49,280,212",8.337,2.145,"19,695,181.90"
2022-05-12,33.01,33.58,32.83,33.25,"30,357,803",8.324,2.142,"19,665,609.56"
2022-05-13,33.4,33.76,33.27,33.53,"32,740,133",8.394,2.16,"19,831,214.69"
2022-05-16,33.95,34.14,33.18,33.32,"29,514,900",8.342,2.147,"19,707,010.84"
2022-05-17,33.55,33.65,33.08,33.36,"23,864,945",8.352,2.149,"19,730,668.72"
2022-05-18,33.4,33.43,32.74,33.0,"31,287,481",8.262,2.126,"19,517,747.83"
2022-05-19,32.68,32.9,32.42,32.72,"28,065,002",8.192,2.108,"19,352,142.70"
2022-05-20,32.86,33.33,32.8,33.23,"40,834,294",8.319,2.141,"19,653,780.62"
2022-05-23,32.95,32.95,32.11,32.38,"55,928,603",8.107,2.086,"19,151,050.75"
2022-05-24,32.22,32.53,31.79,31.79,"33,508,021",7.959,2.048,"18,802,097.08"
2022-05-25,31.77,31.83,31.46,31.77,"26,848,798",7.954,2.047,"18,790,268.14"
2022-05-26,31.78,31.99,31.35,31.74,"43,233,130",7.946,2.045,"18,772,524.73"
2022-05-27,31.88,32.16,31.35,31.53,"43,100,411",7.894,2.031,"18,648,320.88"
2022-05-30,31.6,31.86,31.54,31.84,"33,978,601",7.971,2.051,"18,831,669.42"
2022-05-31,31.86,32.19,31.65,32.17,"42,866,332",8.054,2.073,"19,026,846.90"
2022-06-01,32.18,32.33,31.6,31.73,"49,628,559",7.944,2.044,"18,766,610.26"
2022-06-02,31.5,31.6,31.01,31.52,"46,767,568",7.891,2.031,"18,642,406.41"
2022-06-06,31.52,31.77,31.14,31.7,"45,885,654",7.936,2.042,"18,748,866.86"
2022-06-07,31.65,31.94,31.5,31.92,"42,593,389",7.991,2.057,"18,878,985.18"
2022-06-08,32.0,32.16,31.58,31.81,"47,973,368",7.964,2.049,"18,813,926.02"
2022-06-09,31.8,31.86,31.31,31.31,"40,890,640",7.839,2.017,"18,518,202.56"
2022-06-10,31.1,31.63,31.05,31.55,"38,328,100",7.899,2.033,"18,660,149.82"
2022-06-13,31.3,31.43,31.14,31.32,"30,346,118",7.841,2.018,"18,524,117.03"
2022-06-14,31.1,31.66,31.04,31.64,"34,798,341",7.921,2.039,"18,713,380.04"
2022-06-15,31.6,32.66,31.5,32.35,"92,642,752",8.099,2.084,"19,133,307.34"
2022-06-16,32.22,32.44,31.88,32.0,"56,230,480",8.011,2.062,"18,926,300.93"
2022-06-17,31.8,32.94,31.69,32.65,"90,058,945",8.174,2.104,"19,310,741.42"
2022-06-20,32.85,33.45,32.79,32.96,"76,111,332",8.252,2.124,"19,494,089.96"
2022-06-21,32.94,33.5,32.7,33.18,"80,836,374",8.307,2.138,"19,624,208.27"
2022-06-22,33.2,33.25,32.02,32.12,"76,962,388",8.041,2.069,"18,997,274.56"
2022-06-23,32.1,32.26,31.41,32.25,"105,174,327",8.074,2.078,"19,074,162.65"
2022-06-24,32.7,35.2,32.4,33.9,"223,327,302",8.487,2.184,"20,050,050.05"
2022-06-27,33.7,33.85,33.2,33.25,"161,872,825",8.324,2.142,"19,665,609.56"
2022-06-28,33.27,33.47,32.76,33.45,"84,843,062",8.374,2.155,"19,783,898.94"
2022-06-29,33.48,33.94,33.22,33.27,"87,120,694",8.329,2.144,"19,677,438.50"
2022-06-30,33.29,33.75,33.1,33.72,"66,359,448",8.442,2.173,"19,943,589.60"
2022-07-01,33.68,33.76,33.22,33.45,"38,814,554",8.374,2.155,"19,783,898.94"
2022-07-04,33.46,33.68,33.26,33.64,"46,022,603",8.422,2.167,"19,896,273.85"
2022-07-05,33.67,34.09,32.91,33.17,"59,144,363",8.304,2.137,"18,679,372.84"
2022-07-06,33.33,33.5,32.65,32.81,"50,162,197",8.214,2.114,"18,476,642.24"
2022-07-07,33.1,33.4,32.74,32.89,"51,052,663",7.84,2.616,"18,521,693.48"
2022-07-08,33.0,33.69,32.78,33.4,"58,767,794",7.962,2.657,"18,808,895.17"
2022-07-11,33.77,34.35,33.65,33.99,"92,493,971",8.102,2.704,"19,141,148.11"
2022-07-12,33.9,35.33,33.8,34.93,"140,146,259",8.326,2.778,"19,670,500.25"
2022-07-13,35.28,35.83,34.7,34.97,"95,374,938",8.336,2.782,"19,693,025.88"
2022-07-14,35.4,35.49,33.84,34.18,"91,597,624",8.148,2.719,"19,248,144.82"
2022-07-15,34.2,34.65,33.67,33.7,"62,413,397",8.033,2.681,"18,977,837.35"
2022-07-18,33.6,34.3,33.04,34.3,"51,834,048",8.176,2.728,"19,315,721.69"
2022-07-19,34.01,34.35,33.82,34.08,"33,685,526",8.124,2.711,"19,191,830.77"
2022-07-20,34.22,34.33,33.93,34.11,"30,884,157",8.131,2.713,"19,208,724.98"
2022-07-21,34.12,34.12,33.72,33.95,"28,666,092",8.093,2.7,"19,118,622.49"
2022-07-22,33.88,34.15,33.46,33.94,"31,044,538",8.09,2.7,"19,112,991.08"
2022-07-25,34.0,34.34,33.82,34.23,"43,264,133",8.16,2.723,"19,276,301.85"
2022-07-26,34.22,34.22,33.85,34.13,"37,713,994",8.136,2.715,"19,219,987.79"
2022-07-27,33.93,34.0,33.36,33.41,"43,798,455",7.964,2.657,"18,814,526.58"
2022-07-28,33.44,33.62,33.28,33.31,"31,283,171",7.94,2.649,"18,758,212.52"
2022-07-29,33.52,33.65,33.2,33.26,"39,044,597",7.928,2.646,"18,730,055.49"
2022-08-01,33.2,33.24,32.82,33.01,"33,758,018",7.869,2.626,"18,589,270.35"
2022-08-02,32.71,32.72,31.68,31.86,"56,809,236",7.595,2.534,"17,941,658.69"
2022-08-03,31.8,32.2,31.7,31.82,"35,914,431",7.585,2.531,"17,919,133.07"
2022-08-04,31.96,32.25,31.7,32.16,"37,422,116",7.666,2.558,"18,110,600.86"
2022-08-05,30.49,30.73,30.09,30.73,"45,230,597",7.325,2.897,"17,305,309.84"
2022-08-08,30.6,30.73,30.43,30.55,"27,142,442",7.282,2.88,"17,203,944.54"
2022-08-09,30.54,30.85,30.48,30.61,"23,596,132",7.297,2.886,"17,237,732.97"
2022-08-10,30.74,30.77,30.33,30.42,"19,920,462",7.251,2.868,"17,130,736.26"
2022-08-11,30.5,30.85,30.48,30.83,"24,273,630",7.349,2.907,"17,361,623.90"
2022-08-12,30.88,30.99,30.72,30.89,"22,724,972",7.363,2.913,"17,395,412.33"
2022-08-15,31.0,31.35,30.75,30.89,"31,641,513",7.363,2.913,"17,395,412.33"
2022-08-16,30.95,31.03,30.77,30.86,"19,340,727",7.356,2.91,"17,378,518.12"
2022-08-17,30.88,31.02,30.44,30.98,"29,399,622",7.385,2.921,"17,446,094.99"
2022-08-18,30.87,30.88,30.4,30.43,"34,189,050",7.254,2.869,"17,136,367.67"
2022-08-19,30.44,30.75,30.4,30.46,"25,770,026",7.261,2.872,"17,153,261.89"
2022-08-22,30.46,30.75,30.33,30.49,"25,630,601",7.268,2.875,"17,170,156.10"
2022-08-23,30.4,30.41,30.15,30.23,"27,698,097",7.206,2.85,"17,023,739.56"
2022-08-24,30.22,30.33,30.01,30.04,"27,272,590",7.161,2.832,"16,916,742.85"
2022-08-25,30.13,30.36,29.9,30.36,"29,018,130",7.237,2.863,"17,096,947.83"
2022-08-26,30.5,30.6,30.13,30.15,"22,031,309",7.187,2.843,"16,978,688.31"
2022-08-29,29.92,30.37,29.85,30.33,"24,428,484",7.23,2.86,"17,080,053.61"
2022-08-30,30.35,30.73,30.34,30.55,"23,361,682",7.282,2.88,"17,203,944.54"
2022-08-31,31.9,32.15,31.52,31.93,"140,150,267",7.171,2.419,"17,981,078.53"
2022-09-01,31.9,33.59,31.83,32.85,"157,121,345",7.378,2.489,"18,499,167.86"
2022-09-02,33.1,33.23,32.5,33.02,"77,126,988",7.416,2.502,"18,594,901.76"
2022-09-05,32.99,33.55,32.81,33.36,"59,118,117",7.493,2.527,"18,786,369.55"
2022-09-06,33.36,33.5,32.75,33.16,"48,622,091",7.448,2.512,"18,673,741.44"
2022-09-07,33.1,33.15,32.75,32.97,"40,141,228",7.405,2.498,"18,566,744.73"
2022-09-08,33.05,33.44,32.91,33.18,"31,630,624",7.452,2.514,"18,685,004.25"
2022-09-09,33.3,34.95,33.26,34.67,"111,324,975",7.787,2.627,"19,524,083.70"
2022-09-13,34.67,35.42,34.46,35.15,"81,335,864",7.895,2.663,"19,794,391.18"
2022-09-14,34.7,35.04,34.56,34.92,"41,790,710",7.843,2.646,"19,664,868.85"
2022-09-15,35.0,35.72,34.8,35.1,"66,657,660",7.883,2.659,"19,766,234.15"
2022-09-16,35.24,35.64,34.59,34.59,"57,830,871",7.769,2.621,"19,479,032.46"
2022-09-19,34.66,34.73,33.8,34.46,"42,370,419",7.74,2.611,"19,405,824.18"
2022-09-20,34.54,34.85,33.68,34.2,"42,163,778",7.681,2.591,"19,259,407.63"
2022-09-21,34.2,34.49,33.74,34.35,"34,376,404",7.715,2.602,"19,343,878.72"
2022-09-22,34.0,34.04,33.1,33.12,"52,841,550",7.439,2.509,"18,651,215.81"
2022-09-23,33.12,33.45,32.75,33.08,"32,682,658",7.43,2.506,"18,628,690.19"
2022-09-26,32.77,33.45,32.71,32.86,"29,866,372",7.38,2.49,"18,504,799.26"
2022-09-27,32.8,33.6,32.61,33.45,"38,365,970",7.513,2.534,"18,837,052.20"
2022-09-28,33.3,33.45,32.94,33.0,"25,790,222",7.412,2.5,"18,583,638.95"
2022-09-29,33.04,33.25,32.5,32.55,"27,608,338",7.311,2.466,"18,330,225.69"
2022-09-30,32.45,32.82,32.2,32.43,"24,112,060",7.284,2.457,"18,262,648.82"
2022-10-10,32.6,32.82,32.05,32.2,"30,522,226",7.232,2.44,"18,133,126.49"
2022-10-11,32.23,32.33,31.8,31.94,"23,780,870",7.174,2.42,"17,986,709.94"
2022-10-12,31.94,32.29,31.42,32.28,"28,543,369",7.25,2.446,"18,178,177.73"
2022-10-13,32.11,32.19,31.62,31.69,"27,016,482",7.117,2.401,"17,845,924.79"
2022-10-14,31.76,32.49,31.76,32.39,"36,345,055",7.275,2.454,"18,240,123.20"
2022-10-17,32.34,32.4,32.05,32.27,"28,765,237",7.248,2.445,"18,172,546.33"
2022-10-18,32.35,32.54,32.16,32.34,"26,811,100",7.263,2.45,"18,211,966.17"
2022-10-19,32.3,32.3,31.08,31.13,"47,826,075",6.992,2.359,"17,530,566.07"
2022-10-20,31.0,31.06,30.55,30.66,"51,478,040",6.886,2.323,"17,265,890.00"
2022-10-21,30.7,30.9,30.4,30.6,"28,940,920",6.873,2.318,"17,232,101.57"
2022-10-24,30.6,30.87,29.94,29.98,"51,135,450",6.733,2.271,"16,882,954.41"
2022-10-25,29.6,30.18,29.6,29.8,"33,219,739",6.693,2.258,"16,781,589.11"
2022-10-26,29.8,30.25,29.8,30.02,"35,928,751",6.742,2.274,"16,905,480.03"
2022-10-27,30.28,30.48,30.09,30.41,"37,764,297",6.83,2.304,"17,125,104.86"
2022-10-28,30.55,30.69,29.96,30.19,"48,089,171",6.781,2.287,"17,001,213.93"
2022-10-31,29.58,29.92,28.49,28.67,"108,303,289",6.277,1.687,"16,145,240.26"
2022-11-01,28.75,29.37,28.6,29.37,"64,602,496",6.43,1.728,"16,539,438.66"
2022-11-02,29.16,30.0,29.05,29.55,"56,673,308",6.469,1.739,"16,640,803.96"
2022-11-03,29.26,29.6,29.18,29.29,"32,790,733",6.412,1.723,"16,494,387.42"
2022-11-04,29.3,30.32,29.3,30.16,"53,548,451",6.603,1.775,"16,984,319.71"
2022-11-07,30.16,30.49,30.02,30.27,"33,748,068",6.627,1.781,"17,046,265.18"
2022-11-08,30.3,30.35,29.98,30.14,"23,092,774",6.598,1.773,"16,973,056.90"
2022-11-09,30.25,30.6,30.15,30.26,"27,456,643",6.625,1.78,"17,040,633.77"
2022-11-10,30.01,30.26,29.93,30.12,"20,377,428",6.594,1.772,"16,961,794.09"
2022-11-11,30.75,31.5,30.46,31.11,"66,508,580",6.811,1.83,"17,519,303.26"
2022-11-14,31.8,32.41,31.61,31.71,"74,963,626",6.942,1.866,"17,857,187.60"
2022-11-15,31.8,32.17,31.5,31.99,"39,199,129",7.003,1.882,"18,014,866.97"
2022-11-16,32.02,32.08,31.68,31.73,"27,893,178",6.946,1.867,"17,868,450.42"
2022-11-17,31.67,31.92,31.51,31.75,"22,540,558",6.951,1.868,"17,879,713.23"
2022-11-18,31.83,32.02,31.69,31.76,"20,312,472",6.953,1.869,"17,885,344.63"
2022-11-21,31.55,31.57,31.0,31.1,"28,227,761",6.809,1.83,"17,513,671.85"
2022-11-22,31.2,31.61,31.08,31.29,"21,944,945",6.85,1.841,"17,620,668.56"
2022-11-23,31.32,31.53,31.18,31.2,"18,343,532",6.83,1.836,"17,569,985.91"
2022-11-24,31.45,31.61,31.18,31.22,"15,416,302",6.835,1.837,"17,581,248.72"
2022-11-25,31.21,31.96,31.2,31.76,"34,998,146",6.953,1.869,"17,885,344.63"
2022-11-28,31.25,31.53,30.86,31.5,"26,170,274",6.896,1.853,"17,738,928.08"
2022-11-29,32.01,32.61,31.93,32.47,"51,373,044",7.108,1.91,"18,285,174.44"
2022-11-30,32.43,32.63,31.92,32.17,"38,571,084",7.043,1.893,"18,116,232.27"
2022-12-01,32.5,32.77,32.36,32.42,"36,543,926",7.098,1.907,"18,257,017.41"
2022-12-02,32.25,32.36,32.09,32.23,"25,945,995",7.056,1.896,"18,150,020.70"
2022-12-05,32.49,32.94,32.48,32.88,"37,053,147",7.198,1.935,"18,516,062.08"
2022-12-06,32.77,33.31,32.55,32.94,"35,158,314",7.211,1.938,"18,549,850.51"
2022-12-07,32.93,33.35,32.7,33.12,"38,498,541",7.251,1.949,"18,651,215.81"
2022-12-08,33.15,33.31,32.91,33.01,"24,718,576",7.227,1.942,"18,589,270.35"
2022-12-09,33.09,34.1,32.98,33.88,"68,680,446",7.417,1.993,"19,079,202.65"
2022-12-12,33.79,33.94,33.27,33.28,"37,420,814",7.286,1.958,"18,741,318.31"
2022-12-13,33.47,33.6,33.31,33.37,"24,063,238",7.306,1.963,"18,792,000.96"
2022-12-14,33.36,33.66,32.99,33.4,"37,387,401",7.312,1.965,"18,808,895.17"
2022-12-15,33.36,33.71,32.88,33.01,"27,852,358",7.227,1.942,"18,589,270.35"
2022-12-16,32.82,33.26,32.78,33.26,"30,623,321",7.281,1.957,"18,730,055.49"
2022-12-19,33.22,33.65,32.73,32.82,"26,417,266",7.185,1.931,"18,482,273.64"
2022-12-20,32.75,32.9,32.06,32.3,"24,127,232",7.071,1.9,"18,189,440.54"
2022-12-21,32.24,32.67,32.24,32.43,"19,063,428",7.1,1.908,"18,262,648.82"
2022-12-22,32.58,33.37,32.58,32.94,"31,006,276",7.211,1.938,"18,549,850.51"
2022-12-23,32.77,33.09,32.56,32.78,"13,352,325",7.176,1.929,"18,459,748.02"
2022-12-26,32.8,32.81,32.31,32.35,"19,007,666",7.082,1.903,"18,217,597.57"
2022-12-27,32.47,32.97,32.26,32.63,"22,646,398",7.143,1.92,"18,375,276.93"
2022-12-28,32.44,32.8,32.31,32.57,"30,939,755",7.13,1.916,"18,341,488.50"
2022-12-29,32.5,32.52,32.01,32.16,"25,349,390",7.041,1.892,"18,110,600.86"
2022-12-30,32.24,32.49,32.21,32.32,"19,264,104",7.076,1.902,"18,200,703.35"
2023-01-03,32.52,32.78,32.16,32.5,"26,444,999",7.115,1.912,"18,302,068.66"
2023-01-04,32.52,33.34,32.44,33.31,"41,594,366",7.292,1.96,"18,758,212.52"
2023-01-05,33.61,34.45,33.5,34.2,"50,889,443",7.487,2.012,"19,259,407.63"
2023-01-06,34.16,34.4,33.91,34.1,"30,916,572",7.465,2.006,"19,203,093.58"
2023-01-09,34.0,34.28,33.97,34.09,"24,309,943",7.463,2.006,"19,197,462.17"
2023-01-10,34.1,34.39,33.81,34.12,"18,974,355",7.47,2.007,"19,214,356.39"
2023-01-11,34.12,34.5,33.93,34.43,"31,597,543",7.538,2.026,"19,388,929.97"
2023-01-12,34.31,34.44,34.06,34.12,"17,870,648",7.47,2.007,"19,214,356.39"
2023-01-13,34.2,34.5,34.12,34.45,"24,845,128",7.542,2.027,"19,400,192.78"
2023-01-16,34.61,36.0,34.52,35.48,"69,118,991",7.767,2.088,"19,980,227.57"
2023-01-17,35.44,35.55,35.14,35.45,"28,775,268",7.761,2.086,"19,963,333.35"
2023-01-18,35.4,35.64,34.94,35.21,"24,236,366",7.708,2.072,"19,828,179.61"
2023-01-19,34.99,35.17,34.72,35.1,"19,820,777",7.684,2.065,"19,766,234.15"
2023-01-20,35.16,35.4,34.91,35.05,"22,896,003",7.673,2.062,"19,738,077.12"
2023-01-30,35.7,35.75,34.98,35.05,"40,601,051",7.673,2.062,"19,738,077.12"
2023-01-31,35.05,35.27,34.5,34.63,"27,669,331",7.581,2.037,"19,501,558.08"
2023-02-01,34.8,35.08,34.64,34.95,"27,369,485",7.651,2.056,"19,681,763.06"
2023-02-02,34.96,35.06,34.75,34.88,"30,085,671",7.636,2.052,"19,642,343.22"
2023-02-03,34.7,34.77,34.45,34.7,"22,796,829",7.597,2.042,"19,540,977.92"
2023-02-06,34.51,34.52,33.82,33.84,"33,520,824",7.408,1.991,"19,056,677.03"
2023-02-07,34.04,34.47,33.98,34.42,"22,876,151",7.535,2.025,"19,383,298.56"
2023-02-08,34.49,34.84,34.15,34.29,"20,006,521",7.507,2.017,"19,310,090.29"
2023-02-09,34.1,34.44,34.01,34.35,"20,761,993",7.52,2.021,"19,343,878.72"
2023-02-10,34.38,34.39,34.1,34.27,"15,272,833",7.503,2.016,"19,298,827.47"
2023-02-13,34.31,34.74,34.16,34.71,"28,638,556",7.599,2.042,"19,546,609.33"
2023-02-14,34.78,34.92,34.6,34.87,"19,268,197",7.634,2.052,"19,636,711.82"
2023-02-15,34.85,34.9,34.44,34.54,"16,713,417",7.562,2.032,"19,450,875.43"
2023-02-16,34.54,34.79,33.93,34.15,"28,135,121",7.476,2.009,"19,231,250.61"
2023-02-17,34.15,34.35,33.95,33.97,"18,193,785",7.437,1.999,"19,129,885.30"
2023-02-20,33.97,35.2,33.97,35.15,"52,342,020",7.695,2.068,"19,794,391.18"
2023-02-21,35.4,36.29,35.33,36.14,"81,304,977",7.912,2.126,"20,351,900.35"
2023-02-22,36.08,36.27,35.76,36.08,"32,666,017",7.899,2.123,"20,318,111.91"
2023-02-23,36.22,37.31,36.22,37.03,"81,370,503",8.107,2.179,"20,853,095.46"
2023-02-24,36.87,37.0,36.38,36.56,"36,926,076",8.004,2.151,"20,588,419.39"
2023-02-27,35.24,35.45,34.54,35.21,"39,182,918",7.708,2.201,"19,828,179.61"
2023-02-28,35.35,35.74,34.93,35.52,"34,995,389",7.776,2.22,"20,002,753.19"
2023-03-01,35.52,36.59,35.41,36.42,"51,970,455",7.973,2.276,"20,509,579.71"
2023-03-02,36.18,36.9,36.12,36.61,"45,758,404",8.015,2.288,"20,616,576.42"
2023-03-03,36.9,37.53,36.8,36.97,"45,573,220",8.094,2.311,"20,819,307.02"
2023-03-06,36.98,37.35,36.48,36.91,"42,112,378",8.08,2.307,"20,785,518.59"
2023-03-07,36.8,37.01,36.16,36.24,"41,411,472",7.934,2.265,"20,408,214.41"
2023-03-08,36.06,36.59,36.0,36.49,"26,450,803",7.989,2.281,"20,548,999.55"
2023-03-09,36.73,36.8,36.3,36.62,"27,503,255",8.017,2.289,"20,622,207.82"
2023-03-10,36.45,36.55,35.57,35.61,"36,010,638",7.796,2.226,"20,053,435.84"
2023-03-13,35.61,37.12,35.53,37.11,"63,348,564",8.124,2.319,"20,898,146.70"
2023-03-14,37.0,37.6,36.59,36.94,"61,073,140",8.087,2.309,"20,802,412.81"
2023-03-15,37.01,37.65,36.92,37.45,"36,905,141",8.199,2.341,"21,089,614.50"
2023-03-16,37.2,37.7,37.0,37.3,"37,570,212",8.166,2.331,"21,005,143.41"
2023-03-17,37.65,37.96,37.31,37.51,"38,887,648",8.212,2.344,"21,123,402.93"
2023-03-20,37.49,37.7,36.83,37.1,"31,175,352",8.122,2.319,"20,892,515.30"
2023-03-21,37.03,37.69,36.98,37.62,"31,531,112",8.236,2.351,"21,185,348.40"
2023-03-22,37.68,37.77,37.06,37.21,"26,348,780",8.146,2.326,"20,954,460.76"
2023-03-23,37.19,37.5,36.95,37.14,"33,101,208",8.131,2.321,"20,915,040.92"
2023-03-24,37.01,37.04,36.6,36.86,"31,951,354",8.07,2.304,"20,757,361.56"
2023-03-27,36.87,36.92,36.2,36.38,"37,044,082",7.964,2.274,"20,487,054.09"
2023-03-28,36.41,36.72,36.01,36.4,"28,225,261",7.969,2.275,"20,498,316.90"
2023-03-29,36.43,36.55,36.02,36.15,"21,323,888",7.914,2.259,"20,357,531.75"
2023-03-30,36.2,37.54,35.83,37.23,"54,657,824",8.151,2.327,"20,965,723.57"
2023-03-31,37.03,37.3,36.71,36.75,"33,176,565",8.045,2.297,"20,695,416.10"
2023-04-03,36.85,37.48,36.73,37.26,"29,620,867",8.157,2.329,"20,982,617.79"
2023-04-04,37.12,37.26,36.8,37.03,"24,167,875",8.107,2.314,"20,853,095.46"
2023-04-06,37.04,37.06,36.5,36.75,"24,119,673",8.045,2.297,"20,695,416.10"
2023-04-07,36.75,37.56,36.66,37.29,"32,783,277",8.164,2.331,"20,999,512.01"
2023-04-10,37.29,37.77,37.02,37.75,"31,736,839",8.264,2.359,"21,258,556.67"
2023-04-11,37.95,39.4,37.88,39.4,"95,364,085",8.626,2.463,"22,187,738.62"
2023-04-12,39.42,39.7,39.15,39.4,"39,723,678",8.626,2.463,"22,187,738.62"
2023-04-13,39.26,39.26,38.39,38.52,"31,852,745",8.433,2.408,"21,692,174.91"
2023-04-14,38.58,38.7,38.25,38.4,"21,393,206",8.407,2.4,"21,624,598.05"
2023-04-17,38.75,40.34,38.7,40.26,"77,515,049",8.814,2.516,"22,672,039.51"
2023-04-18,40.42,41.18,40.25,40.58,"55,906,808",8.884,2.536,"22,852,244.50"
2023-04-19,40.58,40.99,39.94,40.02,"40,988,319",8.761,2.501,"22,536,885.78"
2023-04-20,40.63,41.9,40.5,41.81,"75,438,792",9.153,2.613,"23,544,907.40"
2023-04-21,42.0,42.38,40.94,41.02,"45,834,956",8.98,2.564,"23,100,026.35"
2023-04-24,41.59,42.62,41.1,41.29,"65,723,876",9.039,2.581,"23,252,074.30"
2023-04-25,41.3,41.39,40.06,40.84,"58,568,865",8.941,2.553,"22,998,661.05"
2023-04-26,40.53,40.65,39.53,40.0,"46,877,817",8.757,2.5,"22,525,622.96"
2023-04-27,39.98,40.19,39.49,39.8,"42,893,076",8.713,2.488,"22,412,994.85"
2023-04-28,40.2,40.37,39.02,39.34,"69,028,337",8.612,2.459,"22,153,950.19"
2023-05-04,36.0,36.5,35.41,35.42,"212,935,023",8.104,1.957,"19,946,439.13"
2023-05-05,35.4,35.88,34.77,35.15,"110,802,509",8.042,1.942,"19,794,391.18"
2023-05-08,35.3,35.44,34.33,34.61,"101,933,401",7.919,1.912,"19,490,295.27"
2023-05-09,34.59,35.19,34.5,34.67,"69,792,007",7.933,1.915,"19,524,083.70"
2023-05-10,34.5,34.81,33.88,34.59,"49,142,588",7.914,1.911,"19,479,032.46"
2023-05-11,34.51,34.67,34.0,34.01,"53,323,762",7.782,1.879,"19,152,410.93"
2023-05-12,34.01,34.77,33.97,34.27,"50,453,545",7.841,1.893,"19,298,827.47"
2023-05-15,34.29,34.62,33.9,34.47,"40,747,699",7.887,1.904,"19,411,455.59"
2023-05-16,34.4,34.4,33.73,33.86,"55,040,165",7.747,1.87,"19,067,939.84"
2023-05-17,33.94,34.04,33.51,34.02,"38,367,380",7.784,1.879,"19,158,042.33"
2023-05-18,33.97,34.74,33.88,34.34,"45,768,650",7.857,1.897,"19,338,247.31"
2023-05-19,34.13,35.12,34.01,34.82,"48,881,891",7.967,1.924,"19,608,554.79"
2023-05-22,34.7,35.56,34.58,35.2,"49,828,635",8.054,1.945,"19,822,548.21"
2023-05-23,35.21,35.41,35.03,35.05,"28,758,377",8.02,1.936,"19,738,077.12"
2023-05-24,35.02,35.2,34.4,34.49,"26,733,600",7.891,1.905,"19,422,718.40"
2023-05-25,34.42,34.42,33.99,34.34,"33,193,044",7.857,1.897,"19,338,247.31"
2023-05-26,34.28,34.47,33.91,34.4,"18,568,031",7.871,1.9,"19,372,035.75"
2023-05-29,34.39,34.66,33.71,34.03,"28,643,275",7.786,1.88,"19,163,673.74"
2023-05-30,34.03,34.03,33.32,33.61,"44,519,280",7.69,1.857,"18,927,154.70"
2023-05-31,33.62,33.67,32.72,32.98,"50,214,377",7.546,1.822,"18,572,376.13"
2023-06-01,32.9,33.01,32.51,32.53,"43,192,724",7.443,1.797,"18,318,962.88"
2023-06-02,32.72,34.25,32.72,34.09,"78,753,201",7.8,1.883,"19,197,462.17"
2023-06-05,34.09,34.24,33.5,34.17,"30,778,554",7.818,1.888,"19,242,513.42"
2023-06-06,34.09,34.78,33.86,34.09,"38,951,551",7.8,1.883,"19,197,462.17"
2023-06-07,34.55,34.89,34.15,34.47,"42,747,899",7.887,1.904,"19,411,455.59"
2023-06-08,34.43,35.63,34.26,35.49,"61,688,168",8.12,1.961,"19,985,858.97"
2023-06-09,36.5,36.64,35.13,35.2,"46,956,161",8.054,1.945,"19,822,548.21"
2023-06-12,35.22,36.41,35.17,36.08,"56,998,347",8.255,1.993,"20,318,111.91"
2023-06-13,36.08,36.58,35.89,36.07,"37,705,369",8.253,1.993,"20,312,480.51"
2023-06-14,36.21,37.08,36.15,36.62,"53,870,617",8.379,2.023,"20,622,207.82"
2023-06-15,36.95,37.24,36.66,37.04,"51,326,763",8.475,2.046,"20,858,726.86"
2023-06-16,37.11,37.28,36.48,37.1,"54,070,429",8.489,2.049,"20,892,515.30"
2023-06-19,36.9,36.93,35.98,36.04,"43,884,810",8.246,1.991,"20,295,586.29"
2023-06-20,36.11,37.3,36.11,36.37,"42,234,056",8.322,2.009,"20,481,422.68"
2023-06-21,36.3,36.8,36.03,36.16,"26,724,698",8.273,1.998,"20,363,163.16"
2023-06-26,36.3,36.73,35.85,35.97,"41,784,595",8.23,1.987,"20,256,166.45"
2023-06-27,35.97,37.1,35.73,36.88,"57,405,771",8.438,2.037,"20,768,624.37"
2023-06-28,37.0,37.68,37.0,37.3,"52,816,912",8.534,2.061,"21,005,143.41"
2023-06-29,37.47,37.58,36.75,36.79,"25,545,293",8.418,2.032,"20,717,941.72"
2023-06-30,36.94,36.97,36.48,36.51,"29,317,377",8.354,2.017,"20,560,262.36"
2023-07-03,36.52,37.65,36.4,37.4,"42,355,132",8.557,2.066,"21,061,457.47"
2023-07-04,37.4,37.55,36.63,36.88,"34,107,541",8.438,2.037,"20,768,624.37"
2023-07-05,36.92,37.09,36.55,36.95,"25,859,451",8.454,2.041,"20,808,044.21"
2023-07-06,36.81,37.46,36.64,36.69,"21,953,951",8.395,2.027,"20,661,627.66"
2023-07-07,36.65,36.7,36.3,36.48,"20,128,001",8.347,2.015,"20,543,368.14"
2023-07-10,36.6,36.9,36.42,36.67,"20,183,255",8.39,2.026,"20,650,364.85"
2023-07-11,36.7,37.2,36.58,37.09,"21,422,931",8.486,2.049,"20,886,883.89"
2023-07-12,37.09,37.55,36.9,37.22,"27,178,150",8.516,2.056,"20,960,092.17"
2023-07-13,37.25,37.63,37.05,37.22,"24,159,647",8.516,2.056,"20,960,092.17"
2023-07-14,37.28,37.3,36.6,36.74,"26,662,587",8.406,2.03,"20,689,784.69"
2023-07-17,36.78,37.0,36.52,36.88,"13,816,157",8.438,2.037,"20,768,624.37"
2023-07-18,36.9,37.45,36.66,37.24,"27,392,633",8.521,2.057,"20,971,354.98"
2023-07-19,37.24,37.58,37.16,37.51,"23,728,454",8.582,2.072,"21,123,402.93"
2023-07-20,37.51,37.8,37.25,37.25,"19,074,530",8.523,2.058,"20,976,986.39"
2023-07-21,37.53,37.61,36.9,37.03,"18,204,041",8.473,2.046,"20,853,095.46"
2023-07-24,36.8,36.99,36.46,36.62,"17,437,402",8.379,2.023,"20,622,207.82"
2023-07-25,36.99,38.88,36.99,38.7,"75,421,816",8.855,2.138,"21,793,540.22"
2023-07-26,38.55,39.04,38.51,38.86,"33,358,112",8.891,2.147,"21,883,642.71"
2023-07-27,38.86,39.0,38.06,38.19,"24,428,250",8.738,2.11,"21,506,338.52"
2023-07-28,38.15,39.06,38.15,38.8,"40,653,769",8.878,2.143,"21,849,854.28"
2023-07-31,39.01,39.5,38.63,38.76,"35,865,426",8.868,2.141,"21,827,328.65"
2023-08-01,38.66,39.05,38.23,38.45,"25,098,364",8.797,2.124,"21,652,755.07"
2023-08-02,38.45,38.65,38.18,38.29,"20,437,095",8.761,2.115,"21,562,652.58"
2023-08-03,38.1,38.38,38.0,38.22,"19,260,829",8.745,2.111,"21,523,232.74"
2023-08-04,38.39,39.08,38.38,38.44,"21,825,410",8.795,2.123,"21,647,123.67"
2023-08-07,38.36,38.53,37.9,38.05,"21,164,917",8.706,2.102,"21,427,498.84"
2023-08-08,37.9,38.2,37.76,37.9,"19,126,657",8.672,2.094,"21,343,027.76"
2023-08-09,37.15,37.2,36.83,36.96,"22,322,747",8.457,2.161,"20,813,675.62"
2023-08-10,37.02,37.1,35.98,36.55,"39,013,580",8.363,2.137,"20,582,787.98"
2023-08-11,36.55,36.55,35.8,35.91,"27,262,191",8.216,2.099,"20,222,378.02"
2023-08-14,35.66,35.9,34.96,35.82,"32,967,740",8.196,2.094,"20,171,695.36"
2023-08-15,35.78,36.05,35.52,35.74,"18,740,547",8.177,2.089,"20,126,644.12"
2023-08-16,35.67,36.0,35.35,35.82,"15,566,153",8.196,2.094,"20,171,695.36"
2023-08-17,35.53,36.04,35.2,36.02,"15,331,782",8.241,2.106,"20,284,323.48"
2023-08-18,36.02,36.08,35.33,35.48,"22,248,763",8.118,2.074,"19,980,227.57"
2023-08-21,35.5,35.59,34.61,34.61,"33,962,538",7.919,2.023,"19,490,295.27"
2023-08-22,34.76,34.99,34.34,34.5,"31,705,623",7.894,2.017,"19,428,349.81"
2023-08-23,34.67,34.82,34.19,34.23,"22,994,071",7.832,2.001,"19,276,301.85"
2023-08-24,34.23,34.97,34.15,34.77,"22,656,380",7.955,2.033,"19,580,397.76"
2023-08-25,34.53,34.86,34.37,34.65,"16,570,466",7.928,2.026,"19,512,820.89"
2023-08-28,36.09,36.5,34.39,34.53,"50,445,211",7.901,2.019,"19,445,244.02"
2023-08-29,34.46,34.88,34.25,34.79,"33,015,746",7.96,2.034,"19,591,660.57"
2023-08-30,34.94,35.55,34.81,35.12,"40,175,069",8.036,2.053,"19,777,496.96"
2023-08-31,35.64,36.02,35.43,35.79,"54,481,927",7.838,2.092,"20,154,801.15"
2023-09-01,35.9,36.78,35.9,36.69,"41,700,437",8.035,1.962,"20,661,627.66"
2023-09-04,37.0,37.33,36.74,37.21,"36,821,004",8.149,1.99,"20,954,460.76"
2023-09-05,37.21,37.23,36.83,36.96,"21,816,699",8.094,1.977,"20,813,675.62"
2023-09-06,36.9,36.9,36.45,36.73,"21,578,469",8.044,1.964,"20,684,153.29"
2023-09-07,36.7,36.83,36.41,36.59,"17,588,528",8.013,1.957,"20,605,313.61"
2023-09-08,36.45,36.55,35.92,36.06,"16,146,567",7.897,1.928,"20,306,849.10"
2023-09-11,36.17,36.5,35.96,36.22,"22,425,636",7.932,1.937,"20,396,951.59"
2023-09-12,36.22,36.75,36.03,36.55,"19,690,154",8.005,1.955,"20,582,787.98"
2023-09-13,36.45,36.6,36.18,36.27,"13,815,220",7.943,1.94,"20,425,108.62"
2023-09-14,36.36,36.4,35.98,36.28,"15,392,565",7.946,1.94,"20,430,740.03"
2023-09-15,36.35,36.46,35.81,35.96,"25,823,230",7.875,1.923,"20,250,535.04"
