date,open,high,low,close,CJL,MC,PE,PB
2018-01-02,6.21,6.35,6.2,6.28,132531238,466369923330.6,6.754,0.7794
2018-01-03,6.27,6.33,6.25,6.3,72983558,467855177863.5,6.7755,0.7819
2018-01-04,6.31,6.32,6.27,6.29,60992676,467112550597.05,6.7647,0.7806
2018-01-05,6.3,6.31,6.26,6.28,77008114,466369923330.6,6.754,0.7794
2018-01-08,6.29,6.32,6.28,6.31,72616429,468597805129.95,6.7863,0.7831
2018-01-09,6.31,6.32,6.27,6.28,56887449,466369923330.6,6.754,0.7794
2018-01-10,6.27,6.39,6.27,6.32,232440363,469340432396.4,6.797,0.7844
2018-01-11,6.34,6.38,6.33,6.35,110643183,471568314195.75,6.8293,0.7881
2018-01-12,6.35,6.39,6.35,6.37,98332802,473053568728.65,6.8508,0.7906
2018-01-15,6.38,6.5,6.37,6.48,245883740,481222468659.6,6.9691,0.8042
2018-01-16,6.45,6.53,6.43,6.52,211403554,484192977725.4,7.0121,0.8092
2018-01-17,6.54,6.71,6.53,6.55,312844740,486420859524.75,7.0444,0.8129
2018-01-18,6.58,6.66,6.49,6.63,516049363,492361877656.35,7.1304,0.8228
2018-01-19,6.7,6.84,6.68,6.75,648570084,501273404853.75,7.2595,0.8377
2018-01-22,6.71,6.87,6.62,6.67,459300606,495332386722.15,7.1734,0.8278
2018-01-23,6.68,6.99,6.66,6.98,556312581,518353831982.1,7.5068,0.8663
2018-01-24,7.05,7.12,6.91,7.04,480108877,522809595580.8,7.5714,0.8737
2018-01-25,6.99,7.03,6.88,6.99,274862062,519096459248.55,7.5176,0.8675
2018-01-26,6.96,7.1,6.94,7.02,316905127,521324341047.9,7.5498,0.8712
2018-01-29,7.01,7.1,6.87,6.92,318342457,513898068383.4,7.4423,0.8588
2018-01-30,6.89,6.92,6.72,6.74,261701728,500530777587.3,7.2487,0.8365
2018-01-31,6.72,6.82,6.71,6.78,220891689,503501286653.1,7.2917,0.8415
2018-02-01,6.79,6.89,6.73,6.88,402670997,510927559317.6,7.3993,0.8539
2018-02-02,6.83,6.85,6.75,6.84,163380195,507957050251.8,7.3563,0.8489
2018-02-05,6.77,7.2,6.75,7.18,403293687,533206377311.1,7.7219,0.8911
2018-02-06,7.06,7.23,6.98,7.18,573706812,533206377311.1,7.7219,0.8911
2018-02-07,7.18,7.45,7.0,7.17,548557929,532463750044.65,7.7112,0.8899
2018-02-08,7.04,7.06,6.74,6.88,373918550,510927559317.6,7.3993,0.8539
2018-02-09,6.71,6.75,6.36,6.7,496145510,497560268521.5,7.2057,0.8315
2018-02-12,6.6,6.63,6.5,6.53,197921579,484935604991.85,7.0229,0.8104
2018-02-13,6.58,6.68,6.55,6.56,192788801,487163486791.2,7.0551,0.8142
2018-02-14,6.58,6.58,6.49,6.55,98550254,486420859524.75,7.0444,0.8129
2018-02-22,6.66,6.68,6.6,6.64,179309019,493104504922.8,7.1412,0.8241
2018-02-23,6.64,6.71,6.61,6.68,188711855,496075013988.6,7.1842,0.829
2018-02-26,6.7,6.76,6.65,6.7,156824495,497560268521.5,7.2057,0.8315
2018-02-27,6.7,6.71,6.54,6.58,194510363,488648741324.1,7.0766,0.8166
2018-02-28,6.54,6.56,6.48,6.5,117997201,482707723192.5,6.9906,0.8067
2018-03-01,6.45,6.53,6.43,6.49,79178559,481965095926.05,6.9798,0.8055
2018-03-02,6.45,6.49,6.42,6.44,91125779,478251959593.8,6.9261,0.7993
2018-03-05,6.44,6.48,6.41,6.45,89072205,478994586860.25,6.9368,0.8005
2018-03-06,6.48,6.49,6.41,6.47,116217067,480479841393.15,6.9583,0.803
2018-03-07,6.49,6.56,6.46,6.47,143817556,480479841393.15,6.9583,0.803
2018-03-08,6.49,6.52,6.43,6.48,75559342,481222468659.6,6.9691,0.8042
2018-03-09,6.5,6.51,6.45,6.48,78253844,481222468659.6,6.9691,0.8042
2018-03-12,6.51,6.51,6.44,6.46,106084504,479737214126.7,6.9476,0.8017
2018-03-13,6.46,6.54,6.45,6.46,134136220,479737214126.7,6.9476,0.8017
2018-03-14,6.45,6.45,6.41,6.43,60954074,477509332327.35,6.9153,0.798
2018-03-15,6.41,6.45,6.41,6.44,49968458,478251959593.8,6.9261,0.7993
2018-03-16,6.43,6.44,6.37,6.38,76574988,473796195995.1,6.8615,0.7918
2018-03-19,6.36,6.39,6.34,6.38,53504100,473796195995.1,6.8615,0.7918
2018-03-20,6.35,6.41,6.35,6.39,54165986,474538823261.55,6.8723,0.7931
2018-03-21,6.4,6.44,6.37,6.39,66141739,474538823261.55,6.8723,0.7931
2018-03-22,6.39,6.41,6.36,6.39,70061981,474538823261.55,6.8723,0.7931
2018-03-23,6.29,6.33,6.2,6.32,213780018,469340432396.4,6.797,0.7844
2018-03-26,6.27,6.28,6.18,6.2,85791183,460428905199.0,6.668,0.7695
2018-03-27,6.25,6.27,6.18,6.2,89103669,460428905199.0,6.668,0.7695
2018-03-28,6.16,6.26,6.16,6.19,90072016,459686277932.55,6.6572,0.7682
2018-03-29,6.2,6.3,6.14,6.26,96402642,464884668797.7,6.7325,0.7769
2018-03-30,6.27,6.28,6.15,6.18,105894175,458943650666.1,6.5355,0.7508
2018-04-02,6.18,6.22,6.15,6.16,94753653,457458396133.2,6.5144,0.7484
2018-04-03,6.14,6.16,6.1,6.13,82760250,455230514333.85,6.4826,0.7447
2018-04-04,6.14,6.17,6.12,6.12,55431352,454487887067.4,6.4721,0.7435
2018-04-09,6.12,6.15,6.1,6.11,55435329,453745259800.95,6.4615,0.7423
2018-04-10,6.12,6.23,6.1,6.22,115193802,461914159731.9,6.5778,0.7557
2018-04-11,6.23,6.34,6.2,6.28,136795230,466369923330.6,6.6413,0.763
2018-04-12,6.26,6.31,6.21,6.22,71877184,461914159731.9,6.5778,0.7557
2018-04-13,6.25,6.27,6.19,6.19,54901436,459686277932.55,6.5461,0.752
2018-04-16,6.18,6.19,6.08,6.09,103036908,452260005268.05,6.4403,0.7399
2018-04-17,6.1,6.13,6.06,6.06,80372285,450032123468.7,6.4086,0.7362
2018-04-18,6.12,6.13,6.07,6.1,86528781,453002632534.5,6.4509,0.7411
2018-04-19,6.08,6.13,6.07,6.11,55252302,453745259800.95,6.4615,0.7423
2018-04-20,6.09,6.11,6.03,6.08,94190598,451517378001.6,6.4298,0.7387
2018-04-23,6.05,6.12,6.05,6.09,49124999,452260005268.05,6.4403,0.7399
2018-04-24,6.09,6.2,6.09,6.18,82582978,458943650666.1,6.5355,0.7508
2018-04-25,6.15,6.17,6.12,6.14,57528193,455973141600.3,6.4932,0.7459
2018-04-26,6.16,6.18,6.09,6.13,62078607,455230514333.85,6.4826,0.7447
2018-04-27,6.15,6.19,6.13,6.18,55487616,458943650666.1,6.5355,0.7508
2018-05-02,6.19,6.21,6.13,6.19,65789774,459686277932.55,6.4753,0.7618
2018-05-03,6.15,6.18,6.13,6.15,55210563,456715768866.75,6.4334,0.7568
2018-05-04,6.14,6.16,6.09,6.1,51601551,453002632534.5,6.3811,0.7507
2018-05-07,6.11,6.14,6.06,6.13,62444510,455230514333.85,6.4125,0.7544
2018-05-08,6.12,6.23,6.11,6.18,94459961,458943650666.1,6.4648,0.7605
2018-05-09,6.19,6.2,6.16,6.19,44763903,459686277932.55,6.4753,0.7618
2018-05-10,6.19,6.23,6.16,6.2,48930260,460428905199.0,6.4857,0.763
2018-05-11,6.2,6.26,6.19,6.22,75086535,461914159731.9,6.5067,0.7654
2018-05-14,6.22,6.27,6.2,6.24,72166125,463399414264.8,6.5276,0.7679
2018-05-15,6.24,6.25,6.18,6.21,63036343,461171532465.45,6.4962,0.7642
2018-05-16,6.19,6.2,6.14,6.14,52546390,455973141600.3,6.423,0.7556
2018-05-17,6.15,6.16,6.12,6.13,48004306,455230514333.85,6.4125,0.7544
2018-05-18,6.13,6.19,6.12,6.18,53944493,458943650666.1,6.4648,0.7605
2018-05-21,6.21,6.22,6.19,6.2,58580485,460428905199.0,6.4857,0.763
2018-05-22,6.2,6.21,6.16,6.18,59063006,458943650666.1,6.4648,0.7605
2018-05-23,6.18,6.18,6.11,6.11,62595631,453745259800.95,6.3916,0.7519
2018-05-24,6.12,6.13,6.09,6.09,50119084,452260005268.05,6.3707,0.7494
2018-05-25,6.1,6.12,6.07,6.1,49240142,453002632534.5,6.3811,0.7507
2018-05-28,6.09,6.11,6.05,6.08,50530085,451517378001.6,6.3602,0.7482
2018-05-29,6.07,6.11,6.01,6.1,95314103,453002632534.5,6.3811,0.7507
2018-05-30,6.05,6.06,5.98,5.98,81988592,444091105337.1,6.2556,0.7359
2018-05-31,6.02,6.04,5.98,6.02,81708175,447061614402.9,6.2974,0.7408
2018-06-01,6.02,6.05,5.99,6.01,42402585,446318987136.45,6.287,0.7396
2018-06-04,6.04,6.07,6.02,6.05,51611221,449289496202.25,6.3288,0.7445
2018-06-05,6.05,6.06,6.03,6.04,45075039,448546868935.8,6.3184,0.7433
2018-06-06,6.04,6.05,6.01,6.02,44313015,447061614402.9,6.2974,0.7408
2018-06-07,6.03,6.07,6.02,6.03,47241113,447804241669.35,6.3079,0.7421
2018-06-08,6.03,6.03,5.95,5.97,71866103,443348478070.65,6.2451,0.7347
2018-06-11,5.95,5.98,5.93,5.97,45376747,443348478070.65,6.2451,0.7347
2018-06-12,5.95,5.97,5.93,5.96,37160778,442605850804.2,6.2347,0.7334
2018-06-13,5.94,5.97,5.93,5.96,46758808,442605850804.2,6.2347,0.7334
2018-06-14,5.93,5.98,5.93,5.97,52137362,443348478070.65,6.2451,0.7347
2018-06-15,5.97,6.02,5.96,6.01,57851335,446318987136.45,6.287,0.7396
2018-06-19,5.96,6.06,5.94,6.03,227077457,447804241669.35,6.3079,0.7421
2018-06-20,6.01,6.02,5.96,5.97,59036467,443348478070.65,6.2451,0.7347
2018-06-21,5.97,6.0,5.95,5.96,59225936,442605850804.2,6.2347,0.7334
2018-06-22,5.94,5.96,5.93,5.96,41653131,442605850804.2,6.2347,0.7334
2018-06-25,5.98,5.99,5.86,5.87,55065119,435922205406.15,6.1405,0.7224
2018-06-26,5.85,5.86,5.73,5.76,66733424,427753305475.2,6.0255,0.7088
2018-06-27,5.75,5.79,5.63,5.71,78098629,424040169142.95,5.9732,0.7027
2018-06-28,5.65,5.73,5.62,5.68,61427238,421812287343.6,5.9418,0.699
2018-06-29,5.7,5.75,5.68,5.74,35294023,426268050942.3,6.0045,0.7064
2018-07-02,5.73,5.74,5.57,5.6,56705677,415871269212.0,5.8581,0.6891
2018-07-03,5.6,5.68,5.57,5.67,61157205,421069660077.15,5.9313,0.6978
2018-07-04,5.65,5.72,5.64,5.68,43232296,421812287343.6,5.9418,0.699
2018-07-05,5.66,5.77,5.65,5.76,69940397,427753305475.2,6.0255,0.7088
2018-07-06,5.76,5.79,5.67,5.76,49705276,427753305475.2,6.0255,0.7088
2018-07-09,5.78,5.97,5.76,5.95,66907015,441863223537.75,6.2242,0.7322
2018-07-10,5.94,6.01,5.91,5.99,59225611,444833732603.55,6.2661,0.7371
2018-07-11,5.91,5.98,5.89,5.94,56970168,441120596271.3,6.2138,0.731
2018-07-12,5.95,6.05,5.94,6.04,90986676,448546868935.8,6.3184,0.7433
2018-07-13,6.05,6.07,5.99,6.01,81993528,446318987136.45,6.287,0.7396
2018-07-16,5.71,5.71,5.59,5.6,72257323,415871269212.0,5.8581,0.6891
2018-07-17,5.63,5.65,5.51,5.54,62022352,411415505613.3,5.7953,0.6818
2018-07-18,5.57,5.6,5.51,5.53,41592718,410672878346.85,5.7849,0.6805
2018-07-19,5.55,5.57,5.47,5.49,40480520,407702369281.05,5.743,0.6756
2018-07-20,5.5,5.68,5.44,5.64,96263368,418841778277.8,5.8999,0.6941
2018-07-23,5.62,5.73,5.58,5.67,85142325,421069660077.15,5.9313,0.6978
2018-07-24,5.67,5.77,5.66,5.72,90760386,424782796409.4,5.9836,0.7039
2018-07-25,5.73,5.74,5.66,5.68,47908088,421812287343.6,5.9418,0.699
2018-07-26,5.7,5.72,5.64,5.66,41796248,420327032810.7,5.9208,0.6965
2018-07-27,5.66,5.68,5.62,5.66,38416230,420327032810.7,5.9208,0.6965
2018-07-30,5.65,5.72,5.63,5.71,49474919,424040169142.95,5.9732,0.7027
2018-07-31,5.69,5.77,5.66,5.75,65278261,427010678208.75,6.015,0.7076
2018-08-01,5.75,5.79,5.62,5.63,55803837,418099151011.35,5.8895,0.6928
2018-08-02,5.61,5.66,5.51,5.53,63504003,410672878346.85,5.7849,0.6805
2018-08-03,5.54,5.59,5.52,5.53,31676557,410672878346.85,5.7849,0.6805
2018-08-06,5.54,5.62,5.52,5.55,50651558,412158132879.75,5.8058,0.683
2018-08-07,5.57,5.62,5.53,5.61,51806650,416613896478.45,5.8685,0.6904
2018-08-08,5.61,5.61,5.55,5.57,44157953,413643387412.65,5.8267,0.6855
2018-08-09,5.56,5.64,5.54,5.61,43341982,416613896478.45,5.8685,0.6904
2018-08-10,5.61,5.63,5.56,5.58,32559538,414386014679.1,5.8372,0.6867
2018-08-13,5.54,5.56,5.48,5.52,50807318,409930251080.4,5.7744,0.6793
2018-08-14,5.52,5.53,5.48,5.52,32096166,409930251080.4,5.7744,0.6793
2018-08-15,5.51,5.52,5.45,5.45,37543910,404731860215.25,5.7012,0.6707
2018-08-16,5.43,5.49,5.39,5.46,52535059,405474487481.7,5.7116,0.6719
2018-08-17,5.49,5.5,5.4,5.42,33796506,402503978415.9,5.6698,0.667
2018-08-20,5.44,5.51,5.42,5.5,44703854,408444996547.5,5.7535,0.6768
2018-08-21,5.5,5.55,5.49,5.51,41562807,409187623813.95,5.7639,0.6781
2018-08-22,5.51,5.51,5.47,5.5,32886014,408444996547.5,5.7535,0.6768
2018-08-23,5.51,5.54,5.48,5.52,30499897,409930251080.4,5.7744,0.6793
2018-08-24,5.51,5.7,5.49,5.65,98683059,419584405544.25,5.826,0.6949
2018-08-27,5.65,5.69,5.61,5.68,74546625,421812287343.6,5.857,0.6986
2018-08-28,5.67,5.7,5.63,5.64,48933704,418841778277.8,5.8157,0.6937
2018-08-29,5.65,5.67,5.62,5.65,42332850,419584405544.25,5.826,0.6949
2018-08-30,5.65,5.68,5.58,5.58,43863324,414386014679.1,5.7538,0.6863
2018-08-31,5.6,5.68,5.59,5.62,75502971,417356523744.9,5.7951,0.6912
2018-09-03,5.61,5.66,5.61,5.65,48189010,419584405544.25,5.826,0.6949
2018-09-04,5.64,5.72,5.62,5.71,59001365,424040169142.95,5.8879,0.7023
2018-09-05,5.68,5.7,5.58,5.58,51055184,414386014679.1,5.7538,0.6863
2018-09-06,5.58,5.62,5.57,5.6,31667494,415871269212.0,5.7745,0.6888
2018-09-07,5.6,5.63,5.54,5.56,36466099,412900760146.2,5.7332,0.6839
2018-09-10,5.55,5.57,5.5,5.54,34184945,411415505613.3,5.7126,0.6814
2018-09-11,5.54,5.57,5.46,5.49,45575550,407702369281.05,5.661,0.6753
2018-09-12,5.47,5.53,5.46,5.5,51498167,408444996547.5,5.6714,0.6765
2018-09-13,5.54,5.6,5.52,5.6,49973282,415871269212.0,5.7745,0.6888
2018-09-14,5.62,5.62,5.58,5.6,27807338,415871269212.0,5.7745,0.6888
2018-09-17,5.6,5.6,5.54,5.56,27761949,412900760146.2,5.7332,0.6839
2018-09-18,5.55,5.63,5.55,5.62,42883415,417356523744.9,5.7951,0.6912
2018-09-19,5.62,5.66,5.61,5.64,53230856,418841778277.8,5.8157,0.6937
2018-09-20,5.65,5.67,5.59,5.63,81140867,418099151011.35,5.8054,0.6925
2018-09-21,5.63,5.8,5.61,5.79,120573150,429981187274.55,5.9704,0.7122
2018-09-25,5.73,5.76,5.72,5.75,47304111,427010678208.75,5.9291,0.7072
2018-09-26,5.75,5.86,5.75,5.8,88518574,430723814541.0,5.9807,0.7134
2018-09-27,5.82,5.82,5.74,5.81,55234974,431466441807.45,5.991,0.7146
2018-09-28,5.82,5.89,5.81,5.84,85471723,433694323606.8,6.0219,0.7183
2018-10-08,5.71,5.74,5.67,5.69,98016161,422554914610.05,5.8673,0.6999
2018-10-09,5.67,5.73,5.66,5.69,59991452,422554914610.05,5.8673,0.6999
2018-10-10,5.7,5.75,5.66,5.73,48887748,425525423675.85,5.9085,0.7048
2018-10-11,5.64,5.67,5.49,5.5,99974684,408444996547.5,5.6714,0.6765
2018-10-12,5.51,5.6,5.51,5.58,74261990,414386014679.1,5.7538,0.6863
2018-10-15,5.58,5.61,5.52,5.55,57593131,412158132879.75,5.7229,0.6826
2018-10-16,5.55,5.61,5.54,5.58,51556868,414386014679.1,5.7538,0.6863
2018-10-17,5.62,5.68,5.6,5.65,71563091,419584405544.25,5.826,0.6949
2018-10-18,5.66,5.67,5.59,5.6,64936138,415871269212.0,5.7745,0.6888
2018-10-19,5.62,5.75,5.57,5.71,91205307,424040169142.95,5.8879,0.7023
2018-10-22,5.72,5.9,5.72,5.84,132599508,433694323606.8,6.0219,0.7183
2018-10-23,5.83,5.85,5.76,5.77,94525475,428495932741.65,5.9498,0.7097
2018-10-24,5.76,5.97,5.75,5.85,104896357,434436950873.25,6.0323,0.7195
2018-10-25,5.77,5.95,5.76,5.95,104350096,441863223537.75,6.1354,0.7318
2018-10-26,5.95,5.97,5.88,5.91,86301289,438892714471.95,6.0941,0.7269
2018-10-29,6.02,6.07,5.89,5.92,146092426,439635341738.4,6.0135,0.7061
2018-10-30,5.94,6.06,5.93,6.0,116500727,445576359870.0,6.0948,0.7157
2018-10-31,6.01,6.07,5.96,6.0,92634939,445576359870.0,6.0948,0.7157
2018-11-01,6.02,6.04,5.9,5.9,95579015,438150087205.5,5.9932,0.7038
2018-11-02,5.97,6.02,5.89,5.96,119908776,442605850804.2,6.0541,0.7109
2018-11-05,5.94,5.94,5.89,5.92,69807593,439635341738.4,6.0135,0.7061
2018-11-06,5.93,5.97,5.91,5.93,58767885,440377969004.85,6.0237,0.7073
2018-11-07,5.93,6.0,5.88,5.89,63938786,437407459939.05,5.983,0.7026
2018-11-08,5.95,5.99,5.91,5.95,45989151,441863223537.75,6.044,0.7097
2018-11-09,5.91,5.91,5.78,5.8,76649905,430723814541.0,5.8916,0.6918
2018-11-12,5.8,5.87,5.79,5.84,47411907,433694323606.8,5.9322,0.6966
2018-11-13,5.8,5.88,5.79,5.84,54298833,433694323606.8,5.9322,0.6966
2018-11-14,5.85,5.85,5.76,5.78,48660833,429238560008.1,5.8713,0.6894
2018-11-15,5.79,5.85,5.76,5.85,42997044,434436950873.25,5.9424,0.6978
2018-11-16,5.85,5.89,5.82,5.85,64993483,434436950873.25,5.9424,0.6978
2018-11-19,5.88,5.94,5.86,5.9,57843829,438150087205.5,5.9932,0.7038
2018-11-20,5.88,5.9,5.81,5.85,54368056,434436950873.25,5.9424,0.6978
2018-11-21,5.82,5.86,5.81,5.85,38629377,434436950873.25,5.9424,0.6978
2018-11-22,5.86,5.86,5.79,5.83,37926542,432951696340.35,5.9221,0.6954
2018-11-23,5.81,5.85,5.78,5.78,37413243,429238560008.1,5.8713,0.6894
2018-11-26,5.83,5.83,5.77,5.79,36534420,429981187274.55,5.8815,0.6906
2018-11-27,5.8,5.84,5.77,5.8,38760060,430723814541.0,5.8916,0.6918
2018-11-28,5.8,5.86,5.8,5.83,37978617,432951696340.35,5.9221,0.6954
2018-11-29,5.86,5.86,5.8,5.8,37457148,430723814541.0,5.8916,0.6918
2018-11-30,5.8,5.85,5.79,5.85,54482515,434436950873.25,5.9424,0.6978
2018-12-03,5.93,5.94,5.89,5.92,74370670,439635341738.4,6.0135,0.7061
2018-12-04,5.92,5.96,5.9,5.96,54424377,442605850804.2,6.0541,0.7109
2018-12-05,5.93,5.95,5.9,5.91,44481765,438892714471.95,6.0033,0.705
2018-12-06,5.85,5.87,5.81,5.83,51298719,432951696340.35,5.9221,0.6954
2018-12-07,5.84,5.87,5.83,5.86,30353854,435179578139.7,5.9526,0.699
2018-12-10,5.82,5.84,5.77,5.79,39810836,429981187274.55,5.8815,0.6906
2018-12-11,5.78,5.81,5.76,5.77,34852437,428495932741.65,5.8611,0.6883
2018-12-12,5.83,5.83,5.73,5.76,45268927,427753305475.2,5.851,0.6871
2018-12-13,5.76,5.83,5.74,5.8,65093629,430723814541.0,5.8916,0.6918
2018-12-14,5.79,5.8,5.73,5.74,59294801,426268050942.3,5.8307,0.6847
2018-12-17,5.74,5.78,5.71,5.75,66813157,427010678208.75,5.8408,0.6859
2018-12-18,5.71,5.76,5.67,5.69,50025585,422554914610.05,5.7799,0.6787
2018-12-19,5.71,5.74,5.69,5.71,50058810,424040169142.95,5.8002,0.6811
2018-12-20,5.7,5.75,5.57,5.64,88626836,418841778277.8,5.7291,0.6727
2018-12-21,5.64,5.66,5.58,5.65,63879041,419584405544.25,5.7392,0.6739
2018-12-24,5.61,5.64,5.58,5.61,53081065,416613896478.45,5.6986,0.6692
2018-12-25,5.58,5.66,5.49,5.63,80805629,418099151011.35,5.7189,0.6716
2018-12-26,5.61,5.71,5.6,5.68,61278497,421812287343.6,5.7697,0.6775
2018-12-27,5.73,5.76,5.68,5.72,71055135,424782796409.4,5.8103,0.6823
2018-12-28,5.73,5.82,5.73,5.79,83356134,429981187274.55,5.8815,0.6906
2019-01-02,5.77,5.8,5.64,5.67,64983644,421069660077.15,5.7596,0.6763
2019-01-03,5.67,5.78,5.66,5.78,64537499,429238560008.1,5.8713,0.6894
2019-01-04,5.75,5.87,5.73,5.86,75883629,435179578139.7,5.9526,0.699
2019-01-07,5.89,5.9,5.81,5.83,49010705,432951696340.35,5.9221,0.6954
2019-01-08,5.84,5.86,5.81,5.85,39004129,434436950873.25,5.9424,0.6978
2019-01-09,5.9,5.97,5.87,5.88,71727353,436664832672.6,5.9729,0.7014
2019-01-10,5.89,5.91,5.85,5.85,45158553,434436950873.25,5.9424,0.6978
2019-01-11,5.89,5.94,5.87,5.92,47767496,439635341738.4,6.0135,0.7061
2019-01-14,5.91,5.95,5.88,5.89,38688837,437407459939.05,5.983,0.7026
2019-01-15,5.92,5.96,5.91,5.95,53423576,441863223537.75,6.044,0.7097
2019-01-16,5.94,5.97,5.9,5.96,49121459,442605850804.2,6.0541,0.7109
2019-01-17,5.98,5.98,5.88,5.91,54176788,438892714471.95,6.0033,0.705
2019-01-18,5.97,5.99,5.93,5.98,59051770,444091105337.1,6.0745,0.7133
2019-01-21,5.96,6.03,5.96,6.03,75387781,447804241669.35,6.1252,0.7193
2019-01-22,6.02,6.05,6.0,6.02,46587965,447061614402.9,6.1151,0.7181
2019-01-23,6.04,6.04,5.99,6.0,37306869,445576359870.0,6.0948,0.7157
2019-01-24,6.02,6.04,5.96,5.99,38491667,444833732603.55,6.0846,0.7145
2019-01-25,6.03,6.07,5.99,6.02,58882190,447061614402.9,6.1151,0.7181
2019-01-28,6.05,6.07,5.99,6.01,46730235,446318987136.45,6.1049,0.7169
2019-01-29,6.0,6.17,6.0,6.14,100612909,455973141600.3,6.237,0.7324
2019-01-30,6.12,6.14,6.07,6.1,56219259,453002632534.5,6.1963,0.7276
2019-01-31,6.13,6.26,6.1,6.25,85692276,464142041531.25,6.3487,0.7455
2019-02-01,6.28,6.28,6.17,6.22,64164286,461914159731.9,6.3182,0.7419
2019-02-11,6.17,6.2,6.13,6.17,65840546,458201023399.65,6.2675,0.736
2019-02-12,6.19,6.2,6.13,6.16,52302301,457458396133.2,6.2573,0.7348
2019-02-13,6.17,6.29,6.13,6.27,88261686,465627296064.15,6.369,0.7479
2019-02-14,6.26,6.27,6.19,6.21,47536908,461171532465.45,6.3081,0.7407
2019-02-15,6.2,6.22,6.08,6.08,63164850,451517378001.6,6.176,0.7252
2019-02-18,6.14,6.19,6.1,6.17,59968544,458201023399.65,6.2675,0.736
2019-02-19,6.16,6.22,6.12,6.13,72558628,455230514333.85,6.2268,0.7312
2019-02-20,6.16,6.18,6.11,6.14,58994527,455973141600.3,6.237,0.7324
2019-02-21,6.15,6.17,6.1,6.12,70903826,454487887067.4,6.2167,0.73
2019-02-22,6.13,6.2,6.08,6.2,92884431,460428905199.0,6.2979,0.7395
2019-02-25,6.22,6.54,6.21,6.54,251269024,485678232258.3,6.6433,0.7801
2019-02-26,6.47,6.54,6.35,6.35,204089171,471568314195.75,6.4503,0.7574
2019-02-27,6.37,6.52,6.36,6.43,181562527,477509332327.35,6.5316,0.767
2019-02-28,6.45,6.48,6.38,6.4,115113175,475281450528.0,6.5011,0.7634
2019-03-01,6.44,6.6,6.39,6.59,206883728,489391368590.55,6.6941,0.7861
2019-03-04,6.66,6.85,6.6,6.7,285914946,497560268521.5,6.8058,0.7992
2019-03-05,6.7,6.8,6.66,6.73,136875093,499788150320.85,6.8363,0.8028
2019-03-06,6.74,6.8,6.64,6.69,141799565,496817641255.05,6.7957,0.798
2019-03-07,6.7,6.71,6.55,6.57,169171188,487906114057.65,6.6738,0.7837
2019-03-08,6.49,6.54,6.29,6.3,184980024,467855177863.5,6.3995,0.7515
2019-03-11,6.31,6.37,6.27,6.32,110820617,469340432396.4,6.4198,0.7539
2019-03-12,6.38,6.44,6.31,6.34,131808156,470825686929.3,6.4401,0.7562
2019-03-13,6.34,6.42,6.27,6.36,120092299,472310941462.2,6.4605,0.7586
2019-03-14,6.35,6.43,6.33,6.37,107567329,473053568728.65,6.4706,0.7598
2019-03-15,6.37,6.43,6.35,6.38,106851886,473796195995.1,6.4808,0.761
2019-03-18,6.4,6.49,6.36,6.49,138790553,481965095926.05,6.5925,0.7741
2019-03-19,6.5,6.52,6.44,6.44,85766733,478251959593.8,6.5417,0.7682
2019-03-20,6.44,6.51,6.43,6.48,107882389,481222468659.6,6.5824,0.7729
2019-03-21,6.46,6.47,6.39,6.4,119219369,475281450528.0,6.5011,0.7634
2019-03-22,6.41,6.42,6.36,6.39,83422748,474538823261.55,6.4909,0.7622
2019-03-25,6.3,6.34,6.19,6.2,142615959,460428905199.0,6.2979,0.7395
2019-03-26,6.24,6.24,6.15,6.19,73612299,459686277932.55,6.2878,0.7384
2019-03-27,6.18,6.26,6.16,6.18,79808777,458943650666.1,6.2776,0.7372
2019-03-28,6.17,6.18,6.08,6.11,98628768,453745259800.95,6.2065,0.7288
2019-03-29,6.11,6.28,6.09,6.24,137876125,463399414264.8,6.3386,0.7443
2019-04-01,6.25,6.35,6.24,6.32,209485702,469340432396.4,6.3743,0.735
2019-04-02,6.33,6.39,6.26,6.28,137773493,466369923330.6,6.334,0.7304
2019-04-03,6.11,6.3,6.07,6.3,464035029,467855177863.5,6.3541,0.7327
2019-04-04,6.27,6.4,6.26,6.33,333633580,470083059662.85,6.3844,0.7362
2019-04-08,6.35,6.47,6.32,6.37,321093496,473053568728.65,6.4247,0.7408
2019-04-09,6.36,6.36,6.3,6.34,136973445,470825686929.3,6.3945,0.7374
2019-04-10,6.32,6.33,6.23,6.3,155590335,467855177863.5,6.3541,0.7327
2019-04-11,6.3,6.36,6.24,6.29,144983055,467112550597.05,6.3441,0.7315
2019-04-12,6.3,6.31,6.25,6.29,83362503,467112550597.05,6.3441,0.7315
2019-04-15,6.37,6.42,6.29,6.29,190065227,467112550597.05,6.3441,0.7315
2019-04-16,6.28,6.51,6.26,6.5,324475190,482707723192.5,6.5559,0.756
2019-04-17,6.47,6.53,6.44,6.47,146793958,480479841393.15,6.5256,0.7525
2019-04-18,6.46,6.47,6.38,6.39,112249220,474538823261.55,6.4449,0.7432
2019-04-19,6.4,6.47,6.39,6.42,90203813,476766705060.9,6.4752,0.7467
2019-04-22,6.42,6.43,6.26,6.27,153431778,465627296064.15,6.3239,0.7292
2019-04-23,6.27,6.3,6.26,6.27,87212835,465627296064.15,6.3239,0.7292
2019-04-24,6.3,6.31,6.2,6.25,103699075,464142041531.25,6.3037,0.7269
2019-04-25,6.24,6.26,6.21,6.23,98796197,462656786998.35,6.2835,0.7246
2019-04-26,6.22,6.25,6.17,6.18,107529707,458943650666.1,6.2331,0.7188
2019-04-29,6.21,6.28,6.19,6.24,109137562,463399414264.8,6.2936,0.7257
2019-04-30,6.24,6.27,6.21,6.26,89910434,464884668797.7,6.2309,0.7056
2019-05-06,6.17,6.35,6.02,6.19,249767413,459686277932.55,6.1612,0.6977
2019-05-07,6.16,6.18,6.1,6.12,109315348,454487887067.4,6.0915,0.6898
2019-05-08,6.1,6.13,6.04,6.05,89446865,449289496202.25,6.0218,0.6819
2019-05-09,6.05,6.09,5.99,6.0,97599365,445576359870.0,5.9721,0.6763
2019-05-10,6.05,6.08,5.97,6.05,104895106,449289496202.25,6.0218,0.6819
2019-05-13,6.01,6.04,5.98,5.99,65829257,444833732603.55,5.9621,0.6752
2019-05-14,5.97,6.04,5.96,5.97,80140637,443348478070.65,5.9422,0.6729
2019-05-15,5.99,6.03,5.97,6.0,75971560,445576359870.0,5.9721,0.6763
2019-05-16,5.99,6.01,5.97,6.0,74262172,445576359870.0,5.9721,0.6763
2019-05-17,6.0,6.01,5.94,5.96,83733932,442605850804.2,5.9323,0.6718
2019-05-20,5.96,6.02,5.94,5.97,87255592,443348478070.65,5.9422,0.6729
2019-05-21,5.97,6.03,5.97,5.99,80385540,444833732603.55,5.9621,0.6752
2019-05-22,5.99,6.01,5.96,5.99,73756760,444833732603.55,5.9621,0.6752
2019-05-23,5.99,5.99,5.94,5.96,74578963,442605850804.2,5.9323,0.6718
2019-05-24,5.97,6.0,5.97,5.99,66413126,444833732603.55,5.9621,0.6752
2019-05-27,5.98,6.0,5.94,5.99,86382834,444833732603.55,5.9621,0.6752
2019-05-28,5.99,6.04,5.97,6.0,133242477,445576359870.0,5.9721,0.6763
2019-05-29,5.98,6.0,5.96,5.97,62534429,443348478070.65,5.9422,0.6729
2019-05-30,5.98,5.99,5.94,5.98,98055603,444091105337.1,5.9522,0.6741
2019-05-31,5.97,6.0,5.94,5.96,80198762,442605850804.2,5.9323,0.6718
2019-06-03,5.97,6.01,5.96,5.99,76759831,444833732603.55,5.9621,0.6752
2019-06-04,6.0,6.03,5.99,6.03,90991305,447804241669.35,6.0019,0.6797
2019-06-05,6.04,6.1,6.04,6.07,81670144,450774750735.15,6.0417,0.6842
2019-06-06,6.08,6.11,6.06,6.07,73611990,450774750735.15,6.0417,0.6842
2019-06-10,6.09,6.13,6.08,6.11,82670535,453745259800.95,6.0816,0.6887
2019-06-11,6.11,6.16,6.1,6.15,111513701,456715768866.75,6.1214,0.6932
2019-06-12,6.14,6.18,6.12,6.17,74430199,458201023399.65,6.1413,0.6955
2019-06-13,6.16,6.18,6.12,6.16,59344493,457458396133.2,6.1313,0.6943
2019-06-14,6.18,6.19,6.15,6.17,66612186,458201023399.65,6.1413,0.6955
2019-06-17,6.17,6.21,6.16,6.18,54982135,458943650666.1,6.1512,0.6966
2019-06-18,6.18,6.19,6.15,6.18,56902922,458943650666.1,6.1512,0.6966
2019-06-19,6.24,6.25,6.21,6.23,110159590,462656786998.35,6.201,0.7022
2019-06-20,6.24,6.33,6.22,6.28,147041516,466369923330.6,6.2508,0.7079
2019-06-21,6.28,6.31,6.25,6.26,94947178,464884668797.7,6.2309,0.7056
2019-06-24,6.27,6.31,6.26,6.29,59515394,467112550597.05,6.2607,0.709
2019-06-25,6.29,6.29,6.07,6.1,231550630,453002632534.5,6.0716,0.6876
2019-06-26,6.09,6.12,6.07,6.08,96298405,451517378001.6,6.0517,0.6853
2019-06-27,6.1,6.16,6.09,6.13,115646664,455230514333.85,6.1015,0.691
2019-06-28,6.12,6.13,6.08,6.12,69449987,454487887067.4,6.0915,0.6898
2019-07-01,6.17,6.19,6.14,6.16,95015589,457458396133.2,6.1313,0.6943
2019-07-02,6.17,6.17,6.14,6.16,104814461,457458396133.2,6.1313,0.6943
2019-07-03,6.16,6.2,6.14,6.19,79494731,459686277932.55,6.1612,0.6977
2019-07-04,6.19,6.24,6.18,6.21,81868437,461171532465.45,6.1811,0.7
2019-07-05,6.22,6.22,6.17,6.18,75054488,458943650666.1,6.1512,0.6966
2019-07-08,6.18,6.18,6.1,6.12,106923105,454487887067.4,6.0915,0.6898
2019-07-09,5.84,5.84,5.76,5.77,95845636,428495932741.65,5.7431,0.6504
2019-07-10,5.77,5.78,5.73,5.74,50901948,426268050942.3,5.7133,0.647
2019-07-11,5.76,5.79,5.74,5.75,38022639,427010678208.75,5.7232,0.6481
2019-07-12,5.76,5.82,5.75,5.8,44315591,430723814541.0,5.773,0.6538
2019-07-15,5.79,5.82,5.71,5.8,67593303,430723814541.0,5.773,0.6538
2019-07-16,5.8,5.81,5.78,5.8,39788011,430723814541.0,5.773,0.6538
2019-07-17,5.79,5.8,5.75,5.76,42601245,427753305475.2,5.7332,0.6493
2019-07-18,5.76,5.76,5.73,5.75,37320628,427010678208.75,5.7232,0.6481
2019-07-19,5.76,5.8,5.75,5.79,45328718,429981187274.55,5.7631,0.6526
2019-07-22,5.77,5.81,5.75,5.77,56348704,428495932741.65,5.7431,0.6504
2019-07-23,5.77,5.79,5.75,5.77,54438135,428495932741.65,5.7431,0.6504
2019-07-24,5.79,5.83,5.77,5.79,66155359,429981187274.55,5.7631,0.6526
2019-07-25,5.78,5.8,5.77,5.79,62942498,429981187274.55,5.7631,0.6526
2019-07-26,5.78,5.79,5.77,5.78,52313122,429238560008.1,5.7531,0.6515
2019-07-29,5.78,5.79,5.77,5.78,53637572,429238560008.1,5.7531,0.6515
2019-07-30,5.79,5.84,5.78,5.82,65436584,432209069073.9,5.7929,0.656
2019-07-31,5.82,5.82,5.78,5.81,56867377,431466441807.45,5.783,0.6549
2019-08-01,5.79,5.8,5.75,5.78,57844152,429238560008.1,5.7531,0.6515
2019-08-02,5.72,5.73,5.67,5.68,98104698,421812287343.6,5.6536,0.6402
2019-08-05,5.67,5.68,5.57,5.57,90781787,413643387412.65,5.5441,0.6278
2019-08-06,5.5,5.53,5.47,5.51,95109334,409187623813.95,5.4844,0.6211
2019-08-07,5.53,5.55,5.49,5.49,53389762,407702369281.05,5.4644,0.6188
2019-08-08,5.52,5.53,5.5,5.51,58475186,409187623813.95,5.4844,0.6211
2019-08-09,5.52,5.53,5.49,5.52,67467982,409930251080.4,5.4943,0.6222
2019-08-12,5.51,5.54,5.5,5.53,54002286,410672878346.85,5.5043,0.6233
2019-08-13,5.51,5.52,5.48,5.5,48820958,408444996547.5,5.4744,0.6199
2019-08-14,5.53,5.53,5.49,5.5,46920828,408444996547.5,5.4744,0.6199
2019-08-15,5.47,5.49,5.45,5.48,49446424,406959742014.6,5.4545,0.6177
2019-08-16,5.47,5.49,5.45,5.45,72554993,404731860215.25,5.4246,0.6143
2019-08-19,5.46,5.5,5.4,5.5,99253582,408444996547.5,5.4744,0.6199
2019-08-20,5.49,5.51,5.47,5.47,56710643,406217114748.15,5.4445,0.6166
2019-08-21,5.47,5.49,5.46,5.48,43734630,406959742014.6,5.4545,0.6177
2019-08-22,5.48,5.49,5.46,5.46,39044903,405474487481.7,5.4346,0.6154
2019-08-23,5.47,5.48,5.45,5.47,59613590,406217114748.15,5.4445,0.6166
2019-08-26,5.42,5.45,5.41,5.43,64284545,403246605682.35,5.4047,0.6121
2019-08-27,5.44,5.5,5.43,5.46,95028003,405474487481.7,5.4346,0.6154
2019-08-28,5.48,5.49,5.44,5.44,61718611,403989232948.8,5.3432,0.6153
2019-08-29,5.44,5.45,5.41,5.42,68887838,402503978415.9,5.3236,0.613
2019-08-30,5.44,5.47,5.41,5.41,62178861,401761351149.45,5.3137,0.6119
2019-09-02,5.42,5.46,5.41,5.44,61076205,403989232948.8,5.3432,0.6153
2019-09-03,5.45,5.47,5.42,5.44,69309147,403989232948.8,5.3432,0.6153
2019-09-04,5.45,5.51,5.43,5.51,127373806,409187623813.95,5.412,0.6232
2019-09-05,5.51,5.6,5.5,5.54,149914758,411415505613.3,5.4414,0.6266
2019-09-06,5.56,5.58,5.53,5.57,84318083,413643387412.65,5.4709,0.63
2019-09-09,5.6,5.6,5.55,5.56,94271678,412900760146.2,5.4611,0.6288
2019-09-10,5.57,5.57,5.53,5.56,52650744,412900760146.2,5.4611,0.6288
2019-09-11,5.57,5.65,5.57,5.64,101962796,418841778277.8,5.5396,0.6379
2019-09-12,5.65,5.65,5.61,5.63,54140931,418099151011.35,5.5298,0.6368
2019-09-16,5.64,5.64,5.59,5.61,55161700,416613896478.45,5.5102,0.6345
2019-09-17,5.6,5.61,5.52,5.52,61795228,409930251080.4,5.4218,0.6243
2019-09-18,5.54,5.55,5.51,5.52,53434070,409930251080.4,5.4218,0.6243
2019-09-19,5.53,5.53,5.5,5.52,51942768,409930251080.4,5.4218,0.6243
2019-09-20,5.53,5.56,5.52,5.56,78873037,412900760146.2,5.4611,0.6288
2019-09-23,5.54,5.55,5.48,5.5,59223703,408444996547.5,5.4021,0.622
2019-09-24,5.51,5.52,5.49,5.5,38135312,408444996547.5,5.4021,0.622
2019-09-25,5.51,5.53,5.47,5.5,53695802,408444996547.5,5.4021,0.622
2019-09-26,5.51,5.57,5.49,5.52,83183323,409930251080.4,5.4218,0.6243
2019-09-27,5.52,5.53,5.47,5.49,77372895,407702369281.05,5.3923,0.6209
2019-09-30,5.49,5.52,5.45,5.45,66308090,404731860215.25,5.353,0.6164
2019-10-08,5.45,5.51,5.44,5.49,86234684,407702369281.05,5.3923,0.6209
2019-10-09,5.47,5.58,5.46,5.54,89282363,411415505613.3,5.4414,0.6266
2019-10-10,5.54,5.56,5.52,5.53,66513753,410672878346.85,5.4316,0.6254
2019-10-11,5.55,5.6,5.52,5.59,94276893,415128641945.55,5.4905,0.6322
2019-10-14,5.62,5.76,5.61,5.7,178398550,423297541876.5,5.5986,0.6447
2019-10-15,5.69,5.74,5.67,5.72,108596627,424782796409.4,5.6182,0.6469
2019-10-16,5.73,5.78,5.67,5.71,89721941,424040169142.95,5.6084,0.6458
2019-10-17,5.71,5.73,5.67,5.69,55943974,422554914610.05,5.5888,0.6435
2019-10-18,5.69,5.75,5.61,5.61,90281736,416613896478.45,5.5102,0.6345
2019-10-21,5.62,5.69,5.61,5.69,67368244,422554914610.05,5.5888,0.6435
2019-10-22,5.7,5.7,5.65,5.68,61452552,421812287343.6,5.5789,0.6424
2019-10-23,5.67,5.72,5.66,5.69,59817477,422554914610.05,5.5888,0.6435
2019-10-24,5.7,5.78,5.69,5.75,91344367,427010678208.75,5.6477,0.6503
2019-10-25,5.76,5.76,5.66,5.71,91720738,424040169142.95,5.6084,0.6458
2019-10-28,5.72,5.74,5.64,5.66,96433430,420327032810.7,5.4964,0.6223
2019-10-29,5.67,5.68,5.62,5.64,56758889,418841778277.8,5.477,0.6201
2019-10-30,5.64,5.67,5.62,5.63,44939152,418099151011.35,5.4673,0.619
2019-10-31,5.63,5.64,5.59,5.61,64302010,416613896478.45,5.4479,0.6168
2019-11-01,5.6,5.66,5.59,5.66,68738715,420327032810.7,5.4964,0.6223
2019-11-04,5.66,5.69,5.64,5.66,64319281,420327032810.7,5.4964,0.6223
2019-11-05,5.66,5.76,5.65,5.73,141131282,425525423675.85,5.5644,0.63
2019-11-06,5.72,5.77,5.72,5.74,56992946,426268050942.3,5.5741,0.6311
2019-11-07,5.74,5.76,5.71,5.73,57239331,425525423675.85,5.5644,0.63
2019-11-08,5.75,5.75,5.65,5.66,80272612,420327032810.7,5.4964,0.6223
2019-11-11,5.65,5.66,5.58,5.6,79358232,415871269212.0,5.4381,0.6157
2019-11-12,5.61,5.61,5.56,5.57,63030341,413643387412.65,5.409,0.6124
2019-11-13,5.57,5.58,5.53,5.55,70842172,412158132879.75,5.3896,0.6102
2019-11-14,5.55,5.56,5.52,5.53,58621991,410672878346.85,5.3702,0.608
2019-11-15,5.54,5.57,5.51,5.51,53567809,409187623813.95,5.3507,0.6058
2019-11-18,5.52,5.55,5.51,5.54,51554931,411415505613.3,5.3799,0.6091
2019-11-19,5.53,5.56,5.52,5.55,48833105,412158132879.75,5.3896,0.6102
2019-11-20,5.53,5.54,5.5,5.5,59369117,408444996547.5,5.341,0.6047
2019-11-21,5.49,5.51,5.47,5.48,76391222,406959742014.6,5.3216,0.6025
2019-11-22,5.5,5.53,5.48,5.5,61145194,408444996547.5,5.341,0.6047
2019-11-25,5.52,5.58,5.51,5.57,71687247,413643387412.65,5.409,0.6124
2019-11-26,5.59,5.59,5.55,5.56,94581187,412900760146.2,5.3993,0.6113
2019-11-27,5.56,5.57,5.54,5.55,34850762,412158132879.75,5.3896,0.6102
2019-11-28,5.55,5.57,5.52,5.54,43323522,411415505613.3,5.3799,0.6091
2019-11-29,5.53,5.57,5.5,5.51,63525341,409187623813.95,5.3507,0.6058
2019-12-02,5.52,5.53,5.48,5.49,51487958,407702369281.05,5.3313,0.6036
2019-12-03,5.49,5.5,5.47,5.49,58746700,407702369281.05,5.3313,0.6036
2019-12-04,5.48,5.49,5.44,5.46,77344574,405474487481.7,5.3022,0.6003
2019-12-05,5.47,5.49,5.46,5.47,56540063,406217114748.15,5.3119,0.6014
2019-12-06,5.47,5.48,5.45,5.47,55468434,406217114748.15,5.3119,0.6014
2019-12-09,5.48,5.5,5.46,5.5,62103569,408444996547.5,5.341,0.6047
2019-12-10,5.49,5.5,5.47,5.48,48679347,406959742014.6,5.3216,0.6025
2019-12-11,5.48,5.51,5.47,5.5,64988086,408444996547.5,5.341,0.6047
2019-12-12,5.51,5.51,5.48,5.49,52964667,407702369281.05,5.3313,0.6036
2019-12-13,5.51,5.56,5.5,5.55,116842210,412158132879.75,5.3896,0.6102
2019-12-16,5.54,5.55,5.52,5.54,77952783,411415505613.3,5.3799,0.6091
2019-12-17,5.54,5.65,5.53,5.6,130004617,415871269212.0,5.4381,0.6157
2019-12-18,5.6,5.66,5.6,5.61,125732312,416613896478.45,5.4479,0.6168
2019-12-19,5.62,5.64,5.61,5.62,65404473,417356523744.9,5.4576,0.6179
2019-12-20,5.63,5.65,5.61,5.63,75220454,418099151011.35,5.4673,0.619
2019-12-23,5.63,5.64,5.56,5.57,78701042,413643387412.65,5.409,0.6124
2019-12-24,5.57,5.6,5.56,5.58,34728611,414386014679.1,5.4187,0.6135
2019-12-25,5.58,5.59,5.56,5.57,37914315,413643387412.65,5.409,0.6124
2019-12-26,5.57,5.61,5.56,5.6,49461570,415871269212.0,5.4381,0.6157
2019-12-27,5.6,5.65,5.59,5.62,90879118,417356523744.9,5.4576,0.6179
2019-12-30,5.6,5.65,5.58,5.64,92552335,418841778277.8,5.477,0.6201
2019-12-31,5.63,5.64,5.61,5.63,66777188,418099151011.35,5.4673,0.619
2020-01-02,5.66,5.71,5.66,5.68,120457527,421812287343.6,5.5158,0.6245
2020-01-03,5.7,5.7,5.68,5.69,79226429,422554914610.05,5.5255,0.6256
2020-01-06,5.68,5.7,5.65,5.66,110279939,420327032810.7,5.4964,0.6223
2020-01-07,5.67,5.72,5.66,5.69,100975573,422554914610.05,5.5255,0.6256
2020-01-08,5.67,5.67,5.63,5.64,88454492,418841778277.8,5.477,0.6201
2020-01-09,5.66,5.68,5.64,5.65,70574836,419584405544.25,5.4867,0.6212
2020-01-10,5.66,5.67,5.63,5.64,47980735,418841778277.8,5.477,0.6201
2020-01-13,5.65,5.66,5.62,5.65,48864220,419584405544.25,5.4867,0.6212
2020-01-14,5.65,5.7,5.65,5.67,60179379,421069660077.15,5.5061,0.6234
2020-01-15,5.66,5.67,5.62,5.62,48839362,417356523744.9,5.4576,0.6179
2020-01-16,5.63,5.64,5.61,5.61,44167672,416613896478.45,5.4479,0.6168
2020-01-17,5.63,5.65,5.6,5.61,42898918,416613896478.45,5.4479,0.6168
2020-01-20,5.61,5.63,5.6,5.62,50593695,417356523744.9,5.4576,0.6179
2020-01-21,5.61,5.62,5.56,5.57,68006773,413643387412.65,5.409,0.6124
2020-01-22,5.57,5.57,5.51,5.54,75774635,411415505613.3,5.3799,0.6091
2020-01-23,5.53,5.53,5.46,5.47,107220725,406217114748.15,5.3119,0.6014
2020-02-03,5.05,5.25,5.05,5.11,189713145,379482533155.95,4.9623,0.5618
2020-02-04,5.13,5.25,5.12,5.2,129302220,386166178554.0,5.0497,0.5717
2020-02-05,5.21,5.24,5.16,5.2,92667586,386166178554.0,5.0497,0.5717
2020-02-06,5.22,5.26,5.18,5.24,95928446,389136687619.8,5.0886,0.5761
2020-02-07,5.22,5.27,5.2,5.25,66853432,389879314886.25,5.0983,0.5772
2020-02-10,5.23,5.26,5.22,5.23,60622311,388394060353.35,5.0788,0.575
2020-02-11,5.24,5.29,5.23,5.26,67071570,390621942152.7,5.108,0.5783
2020-02-12,5.26,5.28,5.25,5.28,42780171,392107196685.6,5.1274,0.5805
2020-02-13,5.27,5.29,5.24,5.24,51885965,389136687619.8,5.0886,0.5761
2020-02-14,5.24,5.29,5.23,5.28,44830627,392107196685.6,5.1274,0.5805
2020-02-17,5.27,5.35,5.27,5.34,58085651,396562960284.3,5.1857,0.5871
2020-02-18,5.33,5.36,5.3,5.31,56352602,394335078484.95,5.1565,0.5838
2020-02-19,5.31,5.34,5.3,5.32,52979145,395077705751.4,5.1662,0.5849
2020-02-20,5.31,5.37,5.29,5.35,79874650,397305587550.75,5.1954,0.5882
2020-02-21,5.33,5.39,5.33,5.37,79392915,398790842083.65,5.2148,0.5904
2020-02-24,5.36,5.38,5.31,5.31,71777866,394335078484.95,5.1565,0.5838
2020-02-25,5.28,5.31,5.26,5.28,78857890,392107196685.6,5.1274,0.5805
2020-02-26,5.26,5.33,5.25,5.31,95636723,394335078484.95,5.1565,0.5838
2020-02-27,5.3,5.35,5.29,5.31,61406539,394335078484.95,5.1565,0.5838
2020-02-28,5.27,5.32,5.2,5.2,104045303,386166178554.0,5.0497,0.5717
2020-03-02,5.21,5.3,5.21,5.29,83304077,392849823952.05,5.1371,0.5816
2020-03-03,5.31,5.35,5.3,5.32,83390120,395077705751.4,5.1662,0.5849
2020-03-04,5.32,5.36,5.31,5.34,52203096,396562960284.3,5.1857,0.5871
2020-03-05,5.36,5.44,5.34,5.39,125890759,400276096616.55,5.2342,0.5926
2020-03-06,5.37,5.39,5.33,5.34,60561011,396562960284.3,5.1857,0.5871
2020-03-09,5.3,5.31,5.21,5.28,237469991,392107196685.6,5.1274,0.5805
2020-03-10,5.24,5.42,5.24,5.35,136903064,397305587550.75,5.1954,0.5882
2020-03-11,5.36,5.36,5.28,5.28,75986610,392107196685.6,5.1274,0.5805
2020-03-12,5.27,5.29,5.24,5.28,72585952,392107196685.6,5.1274,0.5805
2020-03-13,5.18,5.29,5.15,5.25,122698595,389879314886.25,5.0983,0.5772
2020-03-16,5.26,5.28,5.18,5.19,103280135,385423551287.55,5.04,0.5706
2020-03-17,5.19,5.26,5.17,5.2,112394642,386166178554.0,5.0497,0.5717
2020-03-18,5.23,5.23,5.11,5.12,93220559,380225160422.4,4.972,0.5629
2020-03-19,5.11,5.15,5.0,5.02,116207486,372798887757.9,4.8749,0.5519
2020-03-20,5.07,5.13,5.04,5.09,91150223,377997278623.05,4.9429,0.5596
2020-03-23,5.04,5.05,5.0,5.02,77865695,372798887757.9,4.8749,0.5519
2020-03-24,5.07,5.11,5.05,5.09,65502335,377997278623.05,4.9429,0.5596
2020-03-25,5.15,5.16,5.11,5.12,59051468,380225160422.4,4.972,0.5629
2020-03-26,5.11,5.16,5.08,5.12,64291124,380225160422.4,4.972,0.5629
2020-03-27,5.15,5.19,5.12,5.16,54080750,383195669488.2,5.0109,0.5673
2020-03-30,5.15,5.24,5.14,5.22,89307064,387651433086.9,5.0161,0.5591
2020-03-31,5.24,5.25,5.16,5.16,58549006,383195669488.2,4.9585,0.5527
2020-04-01,5.16,5.21,5.15,5.16,51641931,383195669488.2,4.9585,0.5527
2020-04-02,5.15,5.21,5.14,5.21,42260109,386908805820.45,5.0065,0.558
2020-04-03,5.19,5.2,5.16,5.17,31167300,383938296754.65,4.9681,0.5537
2020-04-07,5.22,5.23,5.2,5.21,64210344,386908805820.45,5.0065,0.558
2020-04-08,5.2,5.22,5.18,5.19,45234176,385423551287.55,4.9873,0.5559
2020-04-09,5.21,5.22,5.17,5.17,45331206,383938296754.65,4.9681,0.5537
2020-04-10,5.18,5.19,5.16,5.18,33770581,384680924021.1,4.9777,0.5548
2020-04-13,5.17,5.19,5.17,5.17,27708095,383938296754.65,4.9681,0.5537
2020-04-14,5.18,5.19,5.16,5.19,50539876,385423551287.55,4.9873,0.5559
2020-04-15,5.18,5.19,5.16,5.18,46750027,384680924021.1,4.9777,0.5548
2020-04-16,5.16,5.2,5.16,5.2,45156690,386166178554.0,4.9969,0.5569
2020-04-17,5.2,5.22,5.18,5.19,53893013,385423551287.55,4.9873,0.5559
2020-04-20,5.19,5.2,5.16,5.17,53661364,383938296754.65,4.9681,0.5537
2020-04-21,5.16,5.17,5.13,5.13,46648902,380967787688.85,4.9296,0.5494
2020-04-22,5.14,5.15,5.11,5.14,39435681,381710414955.3,4.9393,0.5505
2020-04-23,5.15,5.16,5.13,5.14,40414905,381710414955.3,4.9393,0.5505
2020-04-24,5.14,5.15,5.12,5.14,31373939,381710414955.3,4.9393,0.5505
2020-04-27,5.14,5.18,5.13,5.15,53418939,382453042221.75,4.9489,0.5516
2020-04-28,5.16,5.17,5.11,5.15,47447422,382453042221.75,4.9489,0.5516
2020-04-29,5.12,5.18,5.11,5.18,66208008,384680924021.1,4.9533,0.5415
2020-04-30,5.17,5.21,5.17,5.18,58516854,384680924021.1,4.9533,0.5415
2020-05-06,5.14,5.15,5.12,5.13,84236068,380967787688.85,4.9055,0.5362
2020-05-07,5.13,5.14,5.12,5.12,45395464,380225160422.4,4.896,0.5352
2020-05-08,5.14,5.15,5.12,5.14,44015409,381710414955.3,4.9151,0.5373
2020-05-11,5.14,5.16,5.13,5.15,50288513,382453042221.75,4.9246,0.5383
2020-05-12,5.15,5.16,5.13,5.13,45694831,380967787688.85,4.9055,0.5362
2020-05-13,5.13,5.14,5.12,5.13,41525430,380967787688.85,4.9055,0.5362
2020-05-14,5.13,5.14,5.11,5.12,37789306,380225160422.4,4.896,0.5352
2020-05-15,5.13,5.15,5.12,5.13,46941779,380967787688.85,4.9055,0.5362
2020-05-18,5.14,5.16,5.13,5.14,39499932,381710414955.3,4.9151,0.5373
2020-05-19,5.16,5.16,5.14,5.14,36402779,381710414955.3,4.9151,0.5373
2020-05-20,5.14,5.16,5.14,5.15,29304940,382453042221.75,4.9246,0.5383
2020-05-21,5.16,5.16,5.13,5.13,32590904,380967787688.85,4.9055,0.5362
2020-05-22,5.13,5.15,5.07,5.07,59886215,376512024090.15,4.8481,0.53
2020-05-25,5.09,5.1,5.06,5.09,45624291,377997278623.05,4.8673,0.5321
2020-05-26,5.09,5.11,5.08,5.08,39345884,377254651356.6,4.8577,0.531
2020-05-27,5.08,5.12,5.08,5.11,46811914,379482533155.95,4.8864,0.5342
2020-05-28,5.11,5.17,5.1,5.16,68287935,383195669488.2,4.9342,0.5394
2020-05-29,5.14,5.15,5.11,5.11,59722969,379482533155.95,4.8864,0.5342
2020-06-01,5.12,5.16,5.11,5.15,53530236,382453042221.75,4.9246,0.5383
2020-06-02,5.14,5.19,5.14,5.18,66710250,384680924021.1,4.9533,0.5415
2020-06-03,5.19,5.23,5.18,5.19,55993222,385423551287.55,4.9629,0.5425
2020-06-04,5.21,5.22,5.16,5.16,34596949,383195669488.2,4.9342,0.5394
2020-06-05,5.18,5.18,5.15,5.16,32085398,383195669488.2,4.9342,0.5394
2020-06-08,5.16,5.17,5.13,5.14,50441280,381710414955.3,4.9151,0.5373
2020-06-09,5.14,5.16,5.14,5.15,37146422,382453042221.75,4.9246,0.5383
2020-06-10,5.16,5.16,5.13,5.13,44948100,380967787688.85,4.9055,0.5362
2020-06-11,5.13,5.14,5.1,5.1,58702027,378739905889.5,4.8768,0.5331
2020-06-12,5.09,5.12,5.08,5.1,63288235,378739905889.5,4.8768,0.5331
2020-06-15,5.09,5.11,5.07,5.07,61707757,376512024090.15,4.8481,0.53
2020-06-16,5.09,5.11,5.09,5.1,36284784,378739905889.5,4.8768,0.5331
2020-06-17,5.1,5.11,5.08,5.1,41200080,378739905889.5,4.8768,0.5331
2020-06-18,5.09,5.13,5.08,5.11,58461901,379482533155.95,4.8864,0.5342
2020-06-19,5.11,5.14,5.1,5.14,86722200,381710414955.3,4.9151,0.5373
2020-06-22,5.12,5.15,5.11,5.12,61743860,380225160422.4,4.896,0.5352
2020-06-23,5.11,5.12,5.09,5.09,44141795,377997278623.05,4.8673,0.5321
2020-06-24,5.1,5.13,5.09,5.12,68996693,380225160422.4,4.896,0.5352
2020-06-29,5.14,5.15,5.1,5.12,76714595,380225160422.4,4.896,0.5352
2020-06-30,5.12,5.14,5.11,5.13,59877310,380967787688.85,4.9055,0.5362
2020-07-01,5.13,5.17,5.11,5.16,77573188,383195669488.2,4.9342,0.5394
2020-07-02,5.18,5.28,5.16,5.27,155172968,391364569419.15,5.0394,0.5509
2020-07-03,5.28,5.38,5.28,5.35,146708016,397305587550.75,5.1159,0.5592
2020-07-06,5.38,5.72,5.37,5.67,396344865,421069660077.15,5.4219,0.5927
2020-07-07,5.73,5.78,5.65,5.65,360083790,419584405544.25,5.4028,0.5906
2020-07-08,5.64,5.73,5.62,5.66,261358007,420327032810.7,5.4123,0.5916
2020-07-09,5.65,5.68,5.56,5.58,239070288,414386014679.1,5.3358,0.5833
2020-07-10,5.57,5.6,5.4,5.42,238513624,402503978415.9,5.1828,0.5666
2020-07-13,5.4,5.49,5.38,5.44,293929864,403989232948.8,5.202,0.5687
2020-07-14,5.14,5.15,5.02,5.03,276485917,373541515024.35,4.8099,0.5258
2020-07-15,5.05,5.07,4.96,4.96,214909071,368343124159.2,4.743,0.5185
2020-07-16,4.97,5.01,4.91,4.91,218339449,364629987826.95,4.6951,0.5133
2020-07-17,4.92,4.94,4.86,4.89,172749175,363144733294.05,4.676,0.5112
2020-07-20,4.89,4.99,4.87,4.96,195178929,368343124159.2,4.743,0.5185
2020-07-21,4.97,4.98,4.91,4.93,123115653,366115242359.85,4.7143,0.5153
2020-07-22,4.93,4.98,4.91,4.91,178068841,364629987826.95,4.6951,0.5133
2020-07-23,4.9,4.94,4.84,4.86,183975067,360916851494.7,4.6473,0.508
2020-07-24,4.86,4.86,4.76,4.77,223351773,354233206096.65,4.5613,0.4986
2020-07-27,4.8,4.8,4.74,4.76,117590806,353490578830.2,4.5517,0.4976
2020-07-28,4.78,4.79,4.74,4.76,107332293,353490578830.2,4.5517,0.4976
2020-07-29,4.76,4.81,4.74,4.8,144513350,356461087896.0,4.59,0.5018
2020-07-30,4.79,4.83,4.77,4.77,129069834,354233206096.65,4.5613,0.4986
2020-07-31,4.77,4.81,4.74,4.76,189338539,353490578830.2,4.5517,0.4976
2020-08-03,4.77,4.79,4.75,4.77,197288575,354233206096.65,4.5613,0.4986
2020-08-04,4.78,4.84,4.76,4.82,254207935,357946342428.9,4.6091,0.5038
2020-08-05,4.81,4.82,4.77,4.78,140276427,354975833363.1,4.5708,0.4997
2020-08-06,4.79,4.81,4.76,4.78,139909222,354975833363.1,4.5708,0.4997
2020-08-07,4.78,4.78,4.75,4.76,120254975,353490578830.2,4.5517,0.4976
2020-08-10,4.76,4.8,4.75,4.78,142110146,354975833363.1,4.5708,0.4997
2020-08-11,4.78,4.81,4.76,4.77,212197486,354233206096.65,4.5613,0.4986
2020-08-12,4.77,4.78,4.75,4.77,163725640,354233206096.65,4.5613,0.4986
2020-08-13,4.78,4.78,4.76,4.76,81295864,353490578830.2,4.5517,0.4976
2020-08-14,4.76,4.79,4.76,4.79,103371779,355718460629.55,4.5804,0.5007
2020-08-17,4.79,4.89,4.78,4.86,322783354,360916851494.7,4.6473,0.508
2020-08-18,4.85,4.85,4.81,4.82,150016152,357946342428.9,4.6091,0.5038
2020-08-19,4.82,4.83,4.79,4.79,103785890,355718460629.55,4.5804,0.5007
2020-08-20,4.79,4.79,4.76,4.77,104757597,354233206096.65,4.5613,0.4986
2020-08-21,4.78,4.79,4.76,4.77,89912428,354233206096.65,4.5613,0.4986
2020-08-24,4.78,4.78,4.76,4.76,94398618,353490578830.2,4.5517,0.4976
2020-08-25,4.77,4.78,4.76,4.77,55027394,354233206096.65,4.5613,0.4986
2020-08-26,4.77,4.77,4.75,4.75,89305522,352747951563.75,4.5422,0.4965
2020-08-27,4.76,4.76,4.74,4.75,78449843,352747951563.75,4.5422,0.4965
2020-08-28,4.75,4.78,4.73,4.77,110836144,354233206096.65,4.5613,0.4986
2020-08-31,4.76,4.78,4.73,4.73,158051142,351262697030.85,4.9448,0.4999
2020-09-01,4.73,4.74,4.71,4.72,117105067,350520069764.4,4.9343,0.4988
2020-09-02,4.72,4.73,4.67,4.69,145891963,348292187965.05,4.903,0.4957
2020-09-03,4.68,4.7,4.66,4.67,109104004,346806933432.15,4.8821,0.4936
2020-09-04,4.65,4.66,4.64,4.65,92407044,345321678899.25,4.8612,0.4914
2020-09-07,4.64,4.66,4.62,4.63,94870902,343836424366.35,4.8402,0.4893
2020-09-08,4.63,4.66,4.62,4.65,99553789,345321678899.25,4.8612,0.4914
2020-09-09,4.64,4.65,4.63,4.63,85335402,343836424366.35,4.8402,0.4893
2020-09-10,4.64,4.65,4.6,4.62,109700335,343093797099.9,4.8298,0.4883
2020-09-11,4.61,4.62,4.59,4.61,72069472,342351169833.45,4.8193,0.4872
2020-09-14,4.62,4.63,4.61,4.62,72105148,343093797099.9,4.8298,0.4883
2020-09-15,4.62,4.64,4.61,4.62,62412784,343093797099.9,4.8298,0.4883
2020-09-16,4.63,4.65,4.61,4.65,85061332,345321678899.25,4.8612,0.4914
2020-09-17,4.65,4.66,4.63,4.64,64260283,344579051632.8,4.8507,0.4904
2020-09-18,4.66,4.68,4.64,4.68,129454991,347549560698.6,4.8925,0.4946
2020-09-21,4.68,4.69,4.64,4.65,81878953,345321678899.25,4.8612,0.4914
2020-09-22,4.64,4.67,4.61,4.61,88795832,342351169833.45,4.8193,0.4872
2020-09-23,4.62,4.63,4.61,4.61,54309326,342351169833.45,4.8193,0.4872
2020-09-24,4.61,4.61,4.56,4.57,90289424,339380660767.65,4.7775,0.483
2020-09-25,4.56,4.58,4.56,4.57,48649600,339380660767.65,4.7775,0.483
2020-09-28,4.57,4.59,4.56,4.58,58805222,340123288034.1,4.788,0.484
2020-09-29,4.59,4.6,4.56,4.56,63437139,338638033501.2,4.7671,0.4819
2020-09-30,4.57,4.59,4.53,4.54,73130309,337152778968.3,4.7462,0.4798
2020-10-09,4.55,4.57,4.54,4.55,77841348,337895406234.75,4.7566,0.4809
2020-10-12,4.55,4.61,4.55,4.6,134687096,341608542567.0,4.8089,0.4862
2020-10-13,4.59,4.6,4.57,4.58,64200853,340123288034.1,4.788,0.484
2020-10-14,4.58,4.59,4.55,4.56,66448882,338638033501.2,4.7671,0.4819
2020-10-15,4.56,4.6,4.55,4.58,92267439,340123288034.1,4.788,0.484
2020-10-16,4.58,4.63,4.57,4.61,136639490,342351169833.45,4.8193,0.4872
2020-10-19,4.61,4.68,4.59,4.6,169462699,341608542567.0,4.8089,0.4862
2020-10-20,4.59,4.6,4.56,4.57,89529951,339380660767.65,4.7775,0.483
2020-10-21,4.58,4.6,4.55,4.6,111346195,341608542567.0,4.8089,0.4862
2020-10-22,4.59,4.62,4.57,4.59,100424935,340865915300.55,4.7984,0.4851
2020-10-23,4.59,4.67,4.58,4.65,190847393,345321678899.25,4.8612,0.4914
2020-10-26,4.65,4.69,4.61,4.63,184553790,343836424366.35,4.8402,0.4893
2020-10-27,4.62,4.62,4.58,4.59,86229123,340865915300.55,4.7984,0.4851
2020-10-28,4.58,4.59,4.55,4.58,92644014,340123288034.1,4.788,0.484
2020-10-29,4.56,4.58,4.55,4.56,83056762,338638033501.2,4.7671,0.4819
2020-10-30,4.57,4.58,4.52,4.53,80706584,336410151701.85,4.7357,0.4788
2020-11-02,4.53,4.55,4.51,4.51,87623456,334924897168.95,4.7952,0.4716
2020-11-03,4.53,4.57,4.52,4.54,92351487,337152778968.3,4.8271,0.4748
2020-11-04,4.56,4.57,4.53,4.55,80418445,337895406234.75,4.8377,0.4758
2020-11-05,4.57,4.59,4.55,4.57,72208099,339380660767.65,4.859,0.4779
2020-11-06,4.57,4.6,4.55,4.58,87423070,340123288034.1,4.8696,0.4789
2020-11-09,4.59,4.62,4.59,4.6,126825664,341608542567.0,4.8909,0.481
2020-11-10,4.62,4.64,4.6,4.61,117540314,342351169833.45,4.9015,0.4821
2020-11-11,4.61,4.65,4.6,4.64,100186157,344579051632.8,4.9334,0.4852
2020-11-12,4.63,4.64,4.59,4.59,63543438,340865915300.55,4.8802,0.48
2020-11-13,4.58,4.59,4.54,4.55,107363964,337895406234.75,4.8377,0.4758
2020-11-16,4.56,4.58,4.55,4.56,84595073,338638033501.2,4.8484,0.4768
2020-11-17,4.56,4.6,4.55,4.59,113930400,340865915300.55,4.8802,0.48
2020-11-18,4.58,4.64,4.57,4.62,149566853,343093797099.9,4.9121,0.4831
2020-11-19,4.62,4.64,4.59,4.61,79107273,342351169833.45,4.9015,0.4821
2020-11-20,4.62,4.62,4.58,4.6,59113465,341608542567.0,4.8909,0.481
2020-11-23,4.6,4.65,4.59,4.64,127466200,344579051632.8,4.9334,0.4852
2020-11-24,4.64,4.66,4.62,4.62,105994168,343093797099.9,4.9121,0.4831
2020-11-25,4.64,4.66,4.61,4.61,100566839,342351169833.45,4.9015,0.4821
2020-11-26,4.61,4.64,4.6,4.63,82098739,343836424366.35,4.9228,0.4842
2020-11-27,4.64,4.75,4.62,4.75,270401973,352747951563.75,5.0504,0.4967
2020-11-30,4.78,4.86,4.68,4.71,433266841,349777442497.95,5.0078,0.4925
2020-12-01,4.69,4.79,4.67,4.78,233159388,354975833363.1,5.0823,0.4998
2020-12-02,4.78,4.8,4.72,4.74,151189394,352005324297.3,5.0397,0.4957
2020-12-03,4.75,4.76,4.71,4.73,121052634,351262697030.85,5.0291,0.4946
2020-12-04,4.73,4.73,4.67,4.7,113514722,349034815231.5,4.9972,0.4915
2020-12-07,4.69,4.7,4.63,4.65,131011327,345321678899.25,4.944,0.4863
2020-12-08,4.66,4.68,4.63,4.64,98382030,344579051632.8,4.9334,0.4852
2020-12-09,4.64,4.68,4.62,4.62,102005109,343093797099.9,4.9121,0.4831
2020-12-10,4.62,4.64,4.57,4.58,139102222,340123288034.1,4.8696,0.4789
2020-12-11,4.58,4.58,4.52,4.55,254887909,337895406234.75,4.8377,0.4758
2020-12-14,4.55,4.56,4.52,4.53,155454772,336410151701.85,4.8165,0.4737
2020-12-15,4.53,4.54,4.5,4.51,176730196,334924897168.95,4.7952,0.4716
2020-12-16,4.52,4.52,4.5,4.51,114854614,334924897168.95,4.7952,0.4716
2020-12-17,4.51,4.53,4.49,4.52,116540309,335667524435.4,4.8058,0.4727
2020-12-18,4.51,4.53,4.5,4.51,93811584,334924897168.95,4.7952,0.4716
2020-12-21,4.51,4.52,4.49,4.52,89412205,335667524435.4,4.8058,0.4727
2020-12-22,4.5,4.51,4.44,4.46,152060248,331211760836.7,4.742,0.4664
2020-12-23,4.45,4.46,4.44,4.45,74452249,330469133570.25,4.7314,0.4653
2020-12-24,4.46,4.48,4.44,4.44,56868669,329726506303.8,4.7208,0.4643
2020-12-25,4.45,4.46,4.43,4.45,56975979,330469133570.25,4.7314,0.4653
2020-12-28,4.45,4.47,4.44,4.45,63117544,330469133570.25,4.7314,0.4653
2020-12-29,4.45,4.47,4.45,4.46,61931965,331211760836.7,4.742,0.4664
2020-12-30,4.46,4.46,4.44,4.46,80389851,331211760836.7,4.742,0.4664
2020-12-31,4.45,4.5,4.45,4.48,111247863,332697015369.6,4.7633,0.4685
2021-01-04,4.48,4.49,4.44,4.47,128046831,331954388103.15,4.7527,0.4674
2021-01-05,4.46,4.49,4.44,4.48,124713674,332697015369.6,4.7633,0.4685
2021-01-06,4.47,4.5,4.46,4.5,97904240,334182269902.5,4.7846,0.4706
2021-01-07,4.5,4.51,4.46,4.5,104005758,334182269902.5,4.7846,0.4706
2021-01-08,4.5,4.51,4.47,4.5,105458593,334182269902.5,4.7846,0.4706
2021-01-11,4.5,4.52,4.47,4.48,129530712,332697015369.6,4.7633,0.4685
2021-01-12,4.48,4.5,4.45,4.49,113189034,333439642636.05,4.7739,0.4695
2021-01-13,4.49,4.51,4.46,4.5,120521718,334182269902.5,4.7846,0.4706
2021-01-14,4.49,4.54,4.49,4.51,120514096,334924897168.95,4.7952,0.4716
2021-01-15,4.52,4.59,4.52,4.54,248715364,337152778968.3,4.8271,0.4748
2021-01-18,4.54,4.55,4.51,4.53,131026160,336410151701.85,4.8165,0.4737
2021-01-19,4.53,4.61,4.51,4.6,247139811,341608542567.0,4.8909,0.481
2021-01-20,4.58,4.62,4.54,4.55,124083654,337895406234.75,4.8377,0.4758
2021-01-21,4.54,4.57,4.53,4.54,102364894,337152778968.3,4.8271,0.4748
2021-01-22,4.53,4.54,4.49,4.5,91658003,334182269902.5,4.7846,0.4706
2021-01-25,4.5,4.5,4.46,4.48,93451666,332697015369.6,4.7633,0.4685
2021-01-26,4.47,4.51,4.46,4.47,73834361,331954388103.15,4.7527,0.4674
2021-01-27,4.48,4.52,4.46,4.48,88259060,332697015369.6,4.7633,0.4685
2021-01-28,4.47,4.48,4.45,4.47,103055951,331954388103.15,4.7527,0.4674
2021-01-29,4.46,4.5,4.45,4.46,89072687,331211760836.7,4.742,0.4664
2021-02-01,4.46,4.5,4.44,4.49,104075751,333439642636.05,4.7739,0.4695
2021-02-02,4.49,4.52,4.47,4.48,116162280,332697015369.6,4.7633,0.4685
2021-02-03,4.48,4.5,4.46,4.48,81469044,332697015369.6,4.7633,0.4685
2021-02-04,4.48,4.5,4.46,4.47,94025083,331954388103.15,4.7527,0.4674
2021-02-05,4.47,4.55,4.46,4.54,171316895,337152778968.3,4.8271,0.4748
2021-02-08,4.53,4.54,4.5,4.51,110536684,334924897168.95,4.7952,0.4716
2021-02-09,4.51,4.52,4.48,4.5,122013498,334182269902.5,4.7846,0.4706
2021-02-10,4.5,4.56,4.5,4.53,122892037,336410151701.85,4.8165,0.4737
2021-02-18,4.58,4.59,4.55,4.56,178892591,338638033501.2,4.8484,0.4768
2021-02-19,4.57,4.61,4.55,4.6,154041929,341608542567.0,4.8909,0.481
2021-02-22,4.6,4.65,4.58,4.62,182870350,343093797099.9,4.9121,0.4831
2021-02-23,4.62,4.65,4.6,4.6,135325915,341608542567.0,4.8909,0.481
2021-02-24,4.61,4.63,4.55,4.57,136892977,339380660767.65,4.859,0.4779
2021-02-25,4.58,4.64,4.57,4.62,175682707,343093797099.9,4.9121,0.4831
2021-02-26,4.61,4.63,4.56,4.57,155076898,339380660767.65,4.859,0.4779
2021-03-01,4.57,4.59,4.56,4.57,84998042,339380660767.65,4.859,0.4779
2021-03-02,4.58,4.58,4.53,4.55,113166939,337895406234.75,4.8377,0.4758
2021-03-03,4.54,4.63,4.54,4.62,168491525,343093797099.9,4.9121,0.4831
2021-03-04,4.6,4.64,4.59,4.61,212184960,342351169833.45,4.9015,0.4821
2021-03-05,4.61,4.65,4.57,4.64,213421900,344579051632.8,4.9334,0.4852
2021-03-08,4.65,4.68,4.63,4.63,181406390,343836424366.35,4.9228,0.4842
2021-03-09,4.65,4.68,4.62,4.64,187232200,344579051632.8,4.9334,0.4852
2021-03-10,4.64,4.67,4.61,4.65,157048263,345321678899.25,4.944,0.4863
2021-03-11,4.66,4.7,4.64,4.66,145796953,346064306165.7,4.9547,0.4873
2021-03-12,4.65,4.69,4.64,4.68,137452970,347549560698.6,4.9759,0.4894
2021-03-15,4.68,4.75,4.68,4.73,147227090,351262697030.85,5.0291,0.4946
2021-03-16,4.74,4.76,4.71,4.73,99763439,351262697030.85,5.0291,0.4946
2021-03-17,4.73,4.74,4.67,4.69,98359303,348292187965.05,4.9866,0.4904
2021-03-18,4.69,4.71,4.67,4.68,77491777,347549560698.6,4.9759,0.4894
2021-03-19,4.68,4.68,4.61,4.63,136119137,343836424366.35,4.9228,0.4842
2021-03-22,4.62,4.68,4.61,4.66,107104662,346064306165.7,4.9547,0.4873
2021-03-23,4.67,4.7,4.65,4.68,82879410,347549560698.6,4.9759,0.4894
2021-03-24,4.67,4.68,4.64,4.66,86172310,346064306165.7,4.9547,0.4873
2021-03-25,4.67,4.68,4.62,4.63,79222944,343836424366.35,4.9228,0.4842
2021-03-26,4.63,4.66,4.62,4.66,137663867,346064306165.7,4.9547,0.4873
2021-03-29,4.7,4.87,4.7,4.84,452409658,359431596961.8,4.592,0.4901
2021-03-30,4.85,4.9,4.83,4.9,242370361,363887360560.5,4.6489,0.4962
2021-03-31,4.9,4.97,4.86,4.95,240419219,367600496892.75,4.6963,0.5013
2021-04-01,4.96,4.98,4.89,4.92,136537428,365372615093.4,4.6679,0.4982
2021-04-02,4.92,4.92,4.83,4.85,142693583,360174224228.25,4.6015,0.4912
2021-04-06,4.87,4.89,4.85,4.87,90936263,361659478761.15,4.6204,0.4932
2021-04-07,4.87,4.94,4.85,4.93,132773118,366115242359.85,4.6774,0.4993
2021-04-08,4.93,4.94,4.91,4.93,80905292,366115242359.85,4.6774,0.4993
2021-04-09,4.93,4.93,4.88,4.91,80437778,364629987826.95,4.6584,0.4972
2021-04-12,4.91,4.95,4.9,4.94,108420227,366857869626.3,4.6868,0.5003
2021-04-13,4.94,4.96,4.88,4.9,109871053,363887360560.5,4.6489,0.4962
2021-04-14,4.91,4.91,4.85,4.86,104537160,360916851494.7,4.6109,0.4922
2021-04-15,4.86,4.87,4.82,4.86,84674320,360916851494.7,4.6109,0.4922
2021-04-16,4.86,4.9,4.85,4.89,67894215,363144733294.05,4.6394,0.4952
2021-04-19,4.9,4.93,4.89,4.9,96319809,363887360560.5,4.6489,0.4962
2021-04-20,4.9,4.92,4.89,4.92,78780882,365372615093.4,4.6679,0.4982
2021-04-21,4.91,4.94,4.9,4.92,89624638,365372615093.4,4.6679,0.4982
2021-04-22,4.93,4.93,4.88,4.89,79573510,363144733294.05,4.6394,0.4952
2021-04-23,4.9,4.93,4.89,4.93,99606307,366115242359.85,4.6774,0.4993
2021-04-26,4.93,4.94,4.87,4.87,100313001,361659478761.15,4.6204,0.4932
2021-04-27,4.87,4.89,4.85,4.86,61843149,360916851494.7,4.6109,0.4922
2021-04-28,4.88,4.88,4.82,4.84,81774178,359431596961.8,4.592,0.4901
2021-04-29,4.84,4.91,4.83,4.9,98400446,363887360560.5,4.6489,0.4962
2021-04-30,4.9,4.91,4.78,4.81,170451284,357203715162.45,4.5348,0.4722
2021-05-06,4.81,4.87,4.81,4.84,115853928,359431596961.8,4.5631,0.4752
2021-05-07,4.84,4.95,4.83,4.93,191326257,366115242359.85,4.648,0.484
2021-05-10,4.94,4.95,4.9,4.94,100020349,366857869626.3,4.6574,0.485
2021-05-11,4.92,4.95,4.91,4.95,86523280,367600496892.75,4.6668,0.486
2021-05-12,4.93,4.97,4.92,4.94,101418459,366857869626.3,4.6574,0.485
2021-05-13,4.93,4.94,4.91,4.93,77165364,366115242359.85,4.648,0.484
2021-05-14,4.93,4.96,4.91,4.95,96871763,367600496892.75,4.6668,0.486
2021-05-17,4.95,4.98,4.92,4.94,98376628,366857869626.3,4.6574,0.485
2021-05-18,4.95,4.96,4.94,4.95,57652122,367600496892.75,4.6668,0.486
2021-05-19,4.95,4.95,4.91,4.91,82472630,364629987826.95,4.6291,0.4821
2021-05-20,4.92,4.93,4.89,4.91,77375974,364629987826.95,4.6291,0.4821
2021-05-21,4.91,4.92,4.87,4.87,78343138,361659478761.15,4.5914,0.4781
2021-05-24,4.87,4.9,4.86,4.87,83065392,361659478761.15,4.5914,0.4781
2021-05-25,4.88,4.94,4.87,4.92,137451306,365372615093.4,4.6385,0.483
2021-05-26,4.93,4.94,4.91,4.94,95617372,366857869626.3,4.6574,0.485
2021-05-27,4.93,4.95,4.91,4.91,87376016,364629987826.95,4.6291,0.4821
2021-05-28,4.93,4.93,4.9,4.93,99587003,366115242359.85,4.648,0.484
2021-05-31,4.93,4.93,4.88,4.9,101664260,363887360560.5,4.6197,0.4811
2021-06-01,4.89,4.9,4.85,4.87,108706902,361659478761.15,4.5914,0.4781
2021-06-02,4.86,4.88,4.85,4.88,109891543,362402106027.6,4.6008,0.4791
2021-06-03,4.88,4.91,4.87,4.89,74848196,363144733294.05,4.6102,0.4801
2021-06-04,4.89,4.92,4.88,4.91,93958831,364629987826.95,4.6291,0.4821
2021-06-07,4.91,4.92,4.89,4.9,59733254,363887360560.5,4.6197,0.4811
2021-06-08,4.9,4.91,4.88,4.91,69352240,364629987826.95,4.6291,0.4821
2021-06-09,4.9,4.91,4.89,4.89,50020859,363144733294.05,4.6102,0.4801
2021-06-10,4.89,4.91,4.88,4.88,77226836,362402106027.6,4.6008,0.4791
2021-06-11,4.89,4.89,4.87,4.88,98637597,362402106027.6,4.6008,0.4791
2021-06-15,4.88,4.88,4.83,4.83,103053991,358688969695.35,4.5537,0.4742
2021-06-16,4.83,4.87,4.82,4.84,60731313,359431596961.8,4.5631,0.4752
2021-06-17,4.84,4.86,4.83,4.83,59473350,358688969695.35,4.5537,0.4742
2021-06-18,4.83,4.84,4.82,4.84,58446795,359431596961.8,4.5631,0.4752
2021-06-21,4.83,4.84,4.81,4.83,59761819,358688969695.35,4.5537,0.4742
2021-06-22,4.83,4.86,4.83,4.85,72189312,360174224228.25,4.5725,0.4762
2021-06-23,4.85,4.86,4.84,4.86,43847547,360916851494.7,4.582,0.4771
2021-06-24,4.86,4.88,4.85,4.88,74034623,362402106027.6,4.6008,0.4791
2021-06-25,4.88,4.91,4.88,4.91,75733862,364629987826.95,4.6291,0.4821
2021-06-28,4.91,4.91,4.88,4.89,55376208,363144733294.05,4.6102,0.4801
2021-06-29,4.89,4.9,4.87,4.88,59766944,362402106027.6,4.6008,0.4791
2021-06-30,4.87,4.91,4.87,4.9,66173238,363887360560.5,4.6197,0.4811
2021-07-01,4.91,4.92,4.89,4.9,68679129,363887360560.5,4.6197,0.4811
2021-07-02,4.89,4.91,4.88,4.9,102692102,363887360560.5,4.6197,0.4811
2021-07-05,4.89,4.9,4.86,4.88,80598488,362402106027.6,4.6008,0.4791
2021-07-06,4.88,4.92,4.87,4.91,112363014,364629987826.95,4.6291,0.4821
2021-07-07,4.91,4.93,4.88,4.89,104822049,363144733294.05,4.6102,0.4801
2021-07-08,4.9,4.91,4.85,4.85,135336827,360174224228.25,4.5725,0.4762
2021-07-09,4.85,4.89,4.85,4.85,112443889,360174224228.25,4.5725,0.4762
2021-07-12,4.88,4.89,4.82,4.82,190392700,357946342428.9,4.5443,0.4732
2021-07-13,4.53,4.54,4.47,4.47,171104196,331954388103.15,4.2143,0.4389
2021-07-14,4.48,4.48,4.41,4.41,135403050,327498624504.45,4.1577,0.433
2021-07-15,4.42,4.47,4.41,4.46,87658058,331211760836.7,4.2048,0.4379
2021-07-16,4.45,4.46,4.43,4.45,68785965,330469133570.25,4.1954,0.4369
2021-07-19,4.45,4.46,4.42,4.45,72716379,330469133570.25,4.1954,0.4369
2021-07-20,4.45,4.45,4.4,4.41,85579080,327498624504.45,4.1577,0.433
2021-07-21,4.42,4.43,4.4,4.41,60353798,327498624504.45,4.1577,0.433
2021-07-22,4.41,4.43,4.4,4.41,63019034,327498624504.45,4.1577,0.433
2021-07-23,4.42,4.43,4.4,4.41,53649546,327498624504.45,4.1577,0.433
2021-07-26,4.41,4.42,4.35,4.35,111607177,323042860905.75,4.1011,0.4271
2021-07-27,4.36,4.38,4.31,4.33,94660859,321557606372.85,4.0823,0.4251
2021-07-28,4.33,4.36,4.32,4.33,90641316,321557606372.85,4.0823,0.4251
2021-07-29,4.34,4.34,4.29,4.3,72912097,319329724573.5,4.054,0.4222
2021-07-30,4.3,4.3,4.27,4.28,62991459,317844470040.6,4.0351,0.4202
2021-08-02,4.28,4.34,4.25,4.32,91755740,320814979106.4,4.0729,0.4241
2021-08-03,4.32,4.33,4.28,4.3,63645486,319329724573.5,4.054,0.4222
2021-08-04,4.3,4.31,4.28,4.3,51501320,319329724573.5,4.054,0.4222
2021-08-05,4.3,4.32,4.28,4.31,52595942,320072351839.95,4.0634,0.4231
2021-08-06,4.3,4.31,4.28,4.3,49060082,319329724573.5,4.054,0.4222
2021-08-09,4.3,4.35,4.29,4.32,69944052,320814979106.4,4.0729,0.4241
2021-08-10,4.33,4.36,4.3,4.35,64462888,323042860905.75,4.1011,0.4271
2021-08-11,4.34,4.4,4.34,4.38,78134970,325270742705.1,4.1294,0.43
2021-08-12,4.38,4.39,4.36,4.36,39650746,323785488172.2,4.1106,0.4281
2021-08-13,4.36,4.38,4.35,4.36,40371288,323785488172.2,4.1106,0.4281
2021-08-16,4.37,4.4,4.36,4.39,58678554,326013369971.55,4.1389,0.431
2021-08-17,4.39,4.4,4.35,4.36,99658110,323785488172.2,4.1106,0.4281
2021-08-18,4.36,4.42,4.35,4.41,82093570,327498624504.45,4.1577,0.433
2021-08-19,4.4,4.41,4.36,4.38,82842595,325270742705.1,4.1294,0.43
2021-08-20,4.39,4.4,4.36,4.38,55798661,325270742705.1,4.1294,0.43
2021-08-23,4.38,4.39,4.35,4.36,76127921,323785488172.2,4.1106,0.4281
2021-08-24,4.36,4.39,4.36,4.36,64748310,323785488172.2,4.1106,0.4281
2021-08-25,4.37,4.38,4.35,4.37,60125838,324528115438.65,4.12,0.429
2021-08-26,4.36,4.38,4.36,4.36,53929091,323785488172.2,4.1106,0.4281
2021-08-27,4.36,4.38,4.36,4.36,58573791,323785488172.2,4.1106,0.4281
2021-08-30,4.37,4.39,4.36,4.38,81928825,325270742705.1,3.8821,0.4344
2021-08-31,4.38,4.42,4.37,4.42,116613391,328241251770.9,3.9175,0.4383
2021-09-01,4.42,4.48,4.4,4.47,139374364,331954388103.15,3.9618,0.4433
2021-09-02,4.46,4.48,4.45,4.47,80027657,331954388103.15,3.9618,0.4433
2021-09-03,4.47,4.49,4.45,4.48,138724470,332697015369.6,3.9707,0.4443
2021-09-06,4.48,4.54,4.47,4.51,129463729,334924897168.95,3.9973,0.4473
2021-09-07,4.52,4.55,4.5,4.53,112654702,336410151701.85,4.015,0.4493
2021-09-08,4.53,4.57,4.52,4.56,106043965,338638033501.2,4.0416,0.4522
2021-09-09,4.56,4.58,4.51,4.56,104779344,338638033501.2,4.0416,0.4522
2021-09-10,4.56,4.64,4.55,4.58,165002825,340123288034.1,4.0593,0.4542
2021-09-13,4.58,4.62,4.56,4.61,115998871,342351169833.45,4.0859,0.4572
2021-09-14,4.63,4.63,4.52,4.54,136512191,337152778968.3,4.0239,0.4502
2021-09-15,4.53,4.55,4.52,4.54,75192520,337152778968.3,4.0239,0.4502
2021-09-16,4.54,4.56,4.51,4.51,87664714,334924897168.95,3.9973,0.4473
2021-09-17,4.51,4.53,4.5,4.5,70343526,334182269902.5,3.9884,0.4463
2021-09-22,4.45,4.47,4.43,4.45,93806732,330469133570.25,3.9441,0.4413
2021-09-23,4.46,4.53,4.46,4.5,86934001,334182269902.5,3.9884,0.4463
2021-09-24,4.5,4.53,4.46,4.48,80430935,332697015369.6,3.9707,0.4443
2021-09-27,4.47,4.49,4.45,4.46,81788045,331211760836.7,3.953,0.4423
2021-09-28,4.46,4.51,4.45,4.49,85878423,333439642636.05,3.9796,0.4453
2021-09-29,4.47,4.52,4.46,4.49,91151490,333439642636.05,3.9796,0.4453
2021-09-30,4.5,4.5,4.47,4.5,70999431,334182269902.5,3.9884,0.4463
2021-10-08,4.53,4.56,4.52,4.55,107956780,337895406234.75,4.0327,0.4512
2021-10-11,4.56,4.6,4.56,4.57,94070272,339380660767.65,4.0505,0.4532
2021-10-12,4.56,4.59,4.54,4.57,93960770,339380660767.65,4.0505,0.4532
2021-10-13,4.57,4.58,4.54,4.56,58854188,338638033501.2,4.0416,0.4522
2021-10-14,4.57,4.57,4.53,4.54,48962865,337152778968.3,4.0239,0.4502
2021-10-15,4.55,4.55,4.53,4.55,65136361,337895406234.75,4.0327,0.4512
2021-10-18,4.55,4.55,4.51,4.52,75493164,335667524435.4,4.0062,0.4483
2021-10-19,4.52,4.54,4.51,4.53,66780266,336410151701.85,4.015,0.4493
2021-10-20,4.54,4.55,4.51,4.52,53441257,335667524435.4,4.0062,0.4483
2021-10-21,4.53,4.56,4.52,4.56,86051669,338638033501.2,4.0416,0.4522
2021-10-22,4.55,4.58,4.54,4.55,64578224,337895406234.75,4.0327,0.4512
2021-10-25,4.54,4.57,4.53,4.56,71852458,338638033501.2,4.0416,0.4522
2021-10-26,4.57,4.58,4.53,4.54,57799084,337152778968.3,4.0239,0.4502
2021-10-27,4.55,4.56,4.5,4.52,78231871,335667524435.4,4.0062,0.4483
2021-10-28,4.51,4.53,4.5,4.51,63126143,334924897168.95,3.9973,0.4473
2021-10-29,4.52,4.52,4.49,4.52,63569066,335667524435.4,4.0062,0.4483
2021-11-01,4.56,4.71,4.55,4.69,330865247,348292187965.05,3.8733,0.4526
2021-11-02,4.7,4.71,4.55,4.56,230982137,338638033501.2,3.7659,0.44
2021-11-03,4.57,4.59,4.55,4.57,117730561,339380660767.65,3.7742,0.441
2021-11-04,4.58,4.62,4.57,4.6,97493346,341608542567.0,3.7989,0.4439
2021-11-05,4.6,4.62,4.59,4.62,75514141,343093797099.9,3.8155,0.4458
2021-11-08,4.62,4.66,4.59,4.63,86042551,343836424366.35,3.8237,0.4468
2021-11-09,4.64,4.65,4.62,4.63,53892112,343836424366.35,3.8237,0.4468
2021-11-10,4.63,4.64,4.58,4.59,82453206,340865915300.55,3.7907,0.4429
2021-11-11,4.6,4.67,4.59,4.66,91681819,346064306165.7,3.8485,0.4497
2021-11-12,4.65,4.67,4.62,4.63,58946468,343836424366.35,3.8237,0.4468
2021-11-15,4.63,4.66,4.62,4.66,54791695,346064306165.7,3.8485,0.4497
2021-11-16,4.65,4.67,4.63,4.65,48616757,345321678899.25,3.8402,0.4487
2021-11-17,4.64,4.66,4.62,4.63,53983466,343836424366.35,3.8237,0.4468
2021-11-18,4.62,4.63,4.6,4.61,50006262,342351169833.45,3.8072,0.4449
2021-11-19,4.6,4.66,4.6,4.65,71814438,345321678899.25,3.8402,0.4487
2021-11-22,4.65,4.66,4.62,4.63,53068976,343836424366.35,3.8237,0.4468
2021-11-23,4.63,4.65,4.62,4.64,44532270,344579051632.8,3.832,0.4478
2021-11-24,4.63,4.64,4.61,4.63,39740406,343836424366.35,3.8237,0.4468
2021-11-25,4.63,4.63,4.6,4.62,38399634,343093797099.9,3.8155,0.4458
2021-11-26,4.61,4.62,4.59,4.59,48457698,340865915300.55,3.7907,0.4429
2021-11-29,4.57,4.59,4.57,4.58,56660820,340123288034.1,3.7824,0.442
2021-11-30,4.58,4.6,4.57,4.57,77750897,339380660767.65,3.7742,0.441
2021-12-01,4.57,4.61,4.56,4.6,67477702,341608542567.0,3.7989,0.4439
2021-12-02,4.58,4.63,4.58,4.61,81551758,342351169833.45,3.8072,0.4449
2021-12-03,4.61,4.62,4.59,4.62,63789618,343093797099.9,3.8155,0.4458
2021-12-06,4.62,4.64,4.6,4.62,104384650,343093797099.9,3.8155,0.4458
2021-12-07,4.64,4.66,4.62,4.64,99009540,344579051632.8,3.832,0.4478
2021-12-08,4.65,4.65,4.6,4.61,119956087,342351169833.45,3.8072,0.4449
2021-12-09,4.61,4.65,4.6,4.63,117056946,343836424366.35,3.8237,0.4468
2021-12-10,4.62,4.64,4.59,4.61,150927486,342351169833.45,3.8072,0.4449
2021-12-13,4.6,4.62,4.57,4.57,137719516,339380660767.65,3.7742,0.441
2021-12-14,4.57,4.58,4.53,4.54,141721500,337152778968.3,3.7494,0.4381
2021-12-15,4.54,4.55,4.52,4.52,89164422,335667524435.4,3.7329,0.4362
2021-12-16,4.53,4.55,4.52,4.54,69456908,337152778968.3,3.7494,0.4381
2021-12-17,4.54,4.55,4.53,4.53,65960604,336410151701.85,3.7411,0.4371
2021-12-20,4.53,4.55,4.52,4.53,65966990,336410151701.85,3.7411,0.4371
2021-12-21,4.53,4.57,4.53,4.55,62139032,337895406234.75,3.7577,0.4391
2021-12-22,4.56,4.57,4.53,4.54,70889907,337152778968.3,3.7494,0.4381
2021-12-23,4.55,4.56,4.54,4.55,48453201,337895406234.75,3.7577,0.4391
2021-12-24,4.55,4.57,4.53,4.55,77159888,337895406234.75,3.7577,0.4391
2021-12-27,4.55,4.57,4.55,4.57,60825938,339380660767.65,3.7742,0.441
2021-12-28,4.56,4.67,4.56,4.58,105300374,340123288034.1,3.7824,0.442
2021-12-29,4.59,4.61,4.58,4.59,62524153,340865915300.55,3.7907,0.4429
2021-12-30,4.6,4.62,4.59,4.6,75539623,341608542567.0,3.7989,0.4439
2021-12-31,4.6,4.63,4.6,4.61,60191401,342351169833.45,3.8072,0.4449
2022-01-04,4.61,4.63,4.59,4.62,107617582,343093797099.9,3.8155,0.4458
2022-01-05,4.62,4.67,4.61,4.66,172849570,346064306165.7,3.8485,0.4497
2022-01-06,4.66,4.67,4.63,4.65,128012293,345321678899.25,3.8402,0.4487
2022-01-07,4.65,4.75,4.65,4.73,184742690,351262697030.85,3.9063,0.4564
2022-01-10,4.73,4.77,4.71,4.75,107768717,352747951563.75,3.9228,0.4584
2022-01-11,4.75,4.79,4.72,4.78,108963553,354975833363.1,3.9476,0.4613
2022-01-12,4.78,4.79,4.72,4.76,124460026,353490578830.2,3.9311,0.4593
2022-01-13,4.75,4.85,4.74,4.81,162208126,357203715162.45,3.9724,0.4642
2022-01-14,4.8,4.82,4.71,4.73,150381570,351262697030.85,3.9063,0.4564
2022-01-17,4.72,4.75,4.68,4.7,97420220,349034815231.5,3.8815,0.4536
2022-01-18,4.71,4.8,4.7,4.8,135195449,356461087896.0,3.9641,0.4632
2022-01-19,4.8,4.81,4.77,4.8,86867322,356461087896.0,3.9641,0.4632
2022-01-20,4.8,4.84,4.79,4.83,132044535,358688969695.35,3.9889,0.4661
2022-01-21,4.83,4.84,4.76,4.81,91374395,357203715162.45,3.9724,0.4642
2022-01-24,4.81,4.82,4.75,4.78,116102282,354975833363.1,3.9476,0.4613
2022-01-25,4.76,4.81,4.74,4.74,96310089,352005324297.3,3.9146,0.4574
2022-01-26,4.74,4.83,4.74,4.82,129128026,357946342428.9,3.9806,0.4651
2022-01-27,4.81,4.83,4.77,4.79,99887005,355718460629.55,3.9559,0.4622
2022-01-28,4.79,4.82,4.72,4.74,101698859,352005324297.3,3.9146,0.4574
2022-02-07,4.79,4.89,4.78,4.87,181215422,361659478761.15,4.0219,0.47
2022-02-08,4.87,4.95,4.86,4.94,175305386,366857869626.3,4.0797,0.4767
2022-02-09,4.94,4.99,4.91,4.92,151887615,365372615093.4,4.0632,0.4748
2022-02-10,4.92,4.99,4.91,4.98,146446163,369828378692.1,4.1128,0.4806
2022-02-11,4.99,5.01,4.97,5.01,140787418,372056260491.45,4.1375,0.4835
2022-02-14,5.01,5.02,4.91,4.92,145047069,365372615093.4,4.0632,0.4748
2022-02-15,4.92,4.94,4.87,4.88,109591349,362402106027.6,4.0302,0.4709
2022-02-16,4.91,4.95,4.89,4.94,73245744,366857869626.3,4.0797,0.4767
2022-02-17,4.94,4.97,4.91,4.93,69387826,366115242359.85,4.0715,0.4757
2022-02-18,4.92,4.99,4.9,4.99,101747906,370571005958.55,4.121,0.4815
2022-02-21,4.98,4.98,4.93,4.97,77932432,369085751425.65,4.1045,0.4796
2022-02-22,4.95,4.96,4.92,4.95,78041008,367600496892.75,4.088,0.4777
2022-02-23,4.95,4.96,4.91,4.91,74704722,364629987826.95,4.055,0.4738
2022-02-24,4.91,4.92,4.82,4.83,150950272,358688969695.35,3.9889,0.4661
2022-02-25,4.84,4.87,4.78,4.8,134762822,356461087896.0,3.9641,0.4632
2022-02-28,4.8,4.82,4.76,4.78,82072518,354975833363.1,3.9476,0.4613
2022-03-01,4.8,4.87,4.79,4.86,87287158,360916851494.7,4.0137,0.469
2022-03-02,4.84,4.9,4.83,4.88,87510407,362402106027.6,4.0302,0.4709
2022-03-03,4.88,4.94,4.88,4.91,87330680,364629987826.95,4.055,0.4738
2022-03-04,4.9,4.91,4.85,4.9,87824025,363887360560.5,4.0467,0.4729
2022-03-07,4.88,4.89,4.79,4.82,127303189,357946342428.9,3.9806,0.4651
2022-03-08,4.81,4.83,4.75,4.75,121858406,352747951563.75,3.9228,0.4584
2022-03-09,4.75,4.8,4.6,4.7,168271146,349034815231.5,3.8815,0.4536
2022-03-10,4.76,4.77,4.72,4.72,83143238,350520069764.4,3.898,0.4555
2022-03-11,4.71,4.83,4.67,4.81,107998584,357203715162.45,3.9724,0.4642
2022-03-14,4.79,4.86,4.78,4.79,124787423,355718460629.55,3.9559,0.4622
2022-03-15,4.78,4.8,4.6,4.6,190498470,341608542567.0,3.7989,0.4439
2022-03-16,4.65,4.81,4.61,4.78,211717320,354975833363.1,3.9476,0.4613
2022-03-17,4.81,4.82,4.72,4.73,175268709,351262697030.85,3.9063,0.4564
2022-03-18,4.73,4.9,4.7,4.89,240293163,363144733294.05,4.0384,0.4719
2022-03-21,4.88,4.92,4.83,4.86,117075336,360916851494.7,4.0137,0.469
2022-03-22,4.85,4.92,4.84,4.9,125376299,363887360560.5,4.0467,0.4729
2022-03-23,4.9,4.91,4.85,4.89,92230783,363144733294.05,4.0384,0.4719
2022-03-24,4.87,4.89,4.85,4.86,71907360,360916851494.7,4.0137,0.469
2022-03-25,4.85,4.94,4.83,4.91,133996304,364629987826.95,4.055,0.4738
2022-03-28,4.92,5.0,4.87,4.97,224211140,369085751425.65,4.2142,0.4673
2022-03-29,4.96,5.02,4.96,5.01,156818498,372056260491.45,4.2481,0.471
2022-03-30,5.03,5.05,5.0,5.04,124951186,374284142290.8,4.2736,0.4739
2022-03-31,5.03,5.13,5.02,5.11,150350167,379482533155.95,4.3329,0.4804
2022-04-01,5.09,5.13,5.07,5.12,138103324,380225160422.4,4.3414,0.4814
2022-04-06,5.1,5.18,5.09,5.17,152986861,383938296754.65,4.3838,0.4861
2022-04-07,5.15,5.19,5.1,5.13,141537708,380967787688.85,4.3499,0.4823
2022-04-08,5.13,5.18,5.13,5.17,100858638,383938296754.65,4.3838,0.4861
2022-04-11,5.16,5.18,5.13,5.15,143306139,382453042221.75,4.3668,0.4842
2022-04-12,5.15,5.2,5.12,5.17,135479277,383938296754.65,4.3838,0.4861
2022-04-13,5.17,5.22,5.15,5.18,123811263,384680924021.1,4.3923,0.487
2022-04-14,5.18,5.21,5.15,5.15,90215775,382453042221.75,4.3668,0.4842
2022-04-15,5.15,5.18,5.13,5.15,82809193,382453042221.75,4.3668,0.4842
2022-04-18,5.15,5.16,5.06,5.07,127293526,376512024090.15,4.299,0.4767
2022-04-19,5.07,5.15,5.06,5.15,89397445,382453042221.75,4.3668,0.4842
2022-04-20,5.16,5.17,5.07,5.1,82642390,378739905889.5,4.3245,0.4795
2022-04-21,5.08,5.17,5.07,5.09,126456085,377997278623.05,4.316,0.4786
2022-04-22,5.08,5.19,5.07,5.18,139900057,384680924021.1,4.3923,0.487
2022-04-25,5.14,5.17,5.05,5.05,179085835,375026769557.25,4.2821,0.4748
2022-04-26,5.06,5.12,5.03,5.04,159390996,374284142290.8,4.2736,0.4739
2022-04-27,5.03,5.07,4.97,5.05,200106809,375026769557.25,4.2821,0.4748
2022-04-28,5.04,5.09,5.03,5.08,136015507,377254651356.6,4.3075,0.4776
2022-04-29,5.08,5.12,5.03,5.08,144727709,377254651356.6,4.3075,0.4776
2022-05-05,5.08,5.11,4.98,4.99,207939541,370571005958.55,4.1651,0.4578
2022-05-06,4.98,4.99,4.87,4.88,165817295,362402106027.6,4.0733,0.4478
2022-05-09,4.88,4.9,4.83,4.87,75781638,361659478761.15,4.0649,0.4468
2022-05-10,4.86,4.94,4.83,4.91,123662347,364629987826.95,4.0983,0.4505
2022-05-11,4.91,4.92,4.89,4.91,85006048,364629987826.95,4.0983,0.4505
2022-05-12,4.9,4.91,4.87,4.87,82470774,361659478761.15,4.0649,0.4468
2022-05-13,4.9,4.95,4.89,4.94,73393957,366857869626.3,4.1233,0.4533
2022-05-16,4.95,4.99,4.9,4.97,99375303,369085751425.65,4.1484,0.456
2022-05-17,4.97,4.99,4.91,4.94,95045841,366857869626.3,4.1233,0.4533
2022-05-18,4.94,4.95,4.89,4.89,96634305,363144733294.05,4.0816,0.4487
2022-05-19,4.88,4.91,4.87,4.9,75434967,363887360560.5,4.09,0.4496
2022-05-20,4.91,4.95,4.89,4.93,87498980,366115242359.85,4.115,0.4523
2022-05-23,4.94,4.96,4.92,4.94,75432555,366857869626.3,4.1233,0.4533
2022-05-24,4.94,4.96,4.92,4.92,78929652,365372615093.4,4.1066,0.4514
2022-05-25,4.93,4.95,4.92,4.92,79896798,365372615093.4,4.1066,0.4514
2022-05-26,4.93,4.95,4.92,4.94,77674398,366857869626.3,4.1233,0.4533
2022-05-27,4.95,4.98,4.94,4.97,71104071,369085751425.65,4.1484,0.456
2022-05-30,4.98,4.98,4.9,4.91,127595237,364629987826.95,4.0983,0.4505
2022-05-31,4.9,4.93,4.89,4.91,100906309,364629987826.95,4.0983,0.4505
2022-06-01,4.92,4.93,4.9,4.92,60025199,365372615093.4,4.1066,0.4514
2022-06-02,4.92,4.93,4.91,4.92,54435434,365372615093.4,4.1066,0.4514
2022-06-06,4.92,4.93,4.88,4.89,107439397,363144733294.05,4.0816,0.4487
2022-06-07,4.89,4.91,4.88,4.9,77084249,363887360560.5,4.09,0.4496
2022-06-08,4.91,4.92,4.89,4.91,85996964,364629987826.95,4.0983,0.4505
2022-06-09,4.91,4.94,4.9,4.94,118233450,366857869626.3,4.1233,0.4533
2022-06-10,4.93,5.01,4.92,5.01,170194639,372056260491.45,4.1818,0.4597
2022-06-13,4.99,5.0,4.9,4.91,152112247,364629987826.95,4.0983,0.4505
2022-06-14,4.91,4.98,4.9,4.98,141033493,369828378692.1,4.1567,0.4569
2022-06-15,4.98,5.06,4.96,5.0,152822430,371313633225.0,4.1734,0.4588
2022-06-16,5.01,5.02,4.95,4.96,114848041,368343124159.2,4.14,0.4551
2022-06-17,4.96,4.99,4.95,4.97,105040130,369085751425.65,4.1484,0.456
2022-06-20,4.97,4.98,4.95,4.95,75031972,367600496892.75,4.1317,0.4542
2022-06-21,4.96,5.01,4.95,5.0,99429283,371313633225.0,4.1734,0.4588
2022-06-22,4.99,5.01,4.96,4.97,84986777,369085751425.65,4.1484,0.456
2022-06-23,4.98,4.99,4.96,4.97,84142459,369085751425.65,4.1484,0.456
2022-06-24,4.97,4.98,4.94,4.95,111104359,367600496892.75,4.1317,0.4542
2022-06-27,4.95,4.98,4.95,4.96,76917205,368343124159.2,4.14,0.4551
2022-06-28,4.96,4.98,4.95,4.97,83961546,369085751425.65,4.1484,0.456
2022-06-29,4.97,4.99,4.96,4.99,97647814,370571005958.55,4.1651,0.4578
2022-06-30,4.98,5.0,4.97,4.98,86825842,369828378692.1,4.1567,0.4569
2022-07-01,4.98,5.0,4.97,4.99,55939587,370571005958.55,4.1651,0.4578
2022-07-04,4.99,5.0,4.97,4.97,90074733,369085751425.65,4.1484,0.456
2022-07-05,4.98,5.0,4.97,4.98,90084410,369828378692.1,4.1567,0.4569
2022-07-06,4.99,5.0,4.96,4.97,117263379,369085751425.65,4.1484,0.456
2022-07-07,4.98,4.98,4.96,4.96,90320172,368343124159.2,4.14,0.4551
2022-07-08,4.97,4.99,4.96,4.98,115632821,369828378692.1,4.1567,0.4569
2022-07-11,4.99,5.0,4.98,4.99,182581737,370571005958.55,4.1651,0.4578
2022-07-12,4.65,4.68,4.64,4.64,219488866,344579051632.8,3.8729,0.4257
2022-07-13,4.64,4.64,4.58,4.58,141568341,340123288034.1,3.8229,0.4202
2022-07-14,4.57,4.58,4.5,4.51,135463924,334924897168.95,3.7644,0.4138
2022-07-15,4.51,4.54,4.51,4.51,118471611,334924897168.95,3.7644,0.4138
2022-07-18,4.52,4.55,4.52,4.54,64026101,337152778968.3,3.7895,0.4166
2022-07-19,4.54,4.58,4.53,4.57,62061624,339380660767.65,3.8145,0.4193
2022-07-20,4.58,4.61,4.57,4.6,61410538,341608542567.0,3.8395,0.4221
2022-07-21,4.61,4.62,4.58,4.59,60808470,340865915300.55,3.8312,0.4211
2022-07-22,4.59,4.65,4.59,4.63,81080599,343836424366.35,3.8646,0.4248
2022-07-25,4.64,4.66,4.62,4.65,57325210,345321678899.25,3.8813,0.4266
2022-07-26,4.65,4.68,4.64,4.67,61316073,346806933432.15,3.898,0.4285
2022-07-27,4.67,4.68,4.64,4.65,54955534,345321678899.25,3.8813,0.4266
2022-07-28,4.66,4.67,4.62,4.64,86859892,344579051632.8,3.8729,0.4257
2022-07-29,4.65,4.66,4.62,4.62,49807372,343093797099.9,3.8562,0.4239
2022-08-01,4.62,4.63,4.59,4.59,64391626,340865915300.55,3.8312,0.4211
2022-08-02,4.58,4.59,4.55,4.57,78185632,339380660767.65,3.8145,0.4193
2022-08-03,4.57,4.59,4.55,4.55,60815069,337895406234.75,3.7978,0.4175
2022-08-04,4.56,4.59,4.55,4.57,51375729,339380660767.65,3.8145,0.4193
2022-08-05,4.58,4.61,4.56,4.6,56130540,341608542567.0,3.8395,0.4221
2022-08-08,4.6,4.62,4.58,4.58,39021120,340123288034.1,3.8229,0.4202
2022-08-09,4.58,4.59,4.57,4.57,39498435,339380660767.65,3.8145,0.4193
2022-08-10,4.58,4.59,4.56,4.57,36323383,339380660767.65,3.8145,0.4193
2022-08-11,4.58,4.61,4.57,4.6,43781523,341608542567.0,3.8395,0.4221
2022-08-12,4.6,4.61,4.59,4.6,36804325,341608542567.0,3.8395,0.4221
2022-08-15,4.6,4.61,4.58,4.58,55126475,340123288034.1,3.8229,0.4202
2022-08-16,4.58,4.6,4.58,4.58,32929502,340123288034.1,3.8229,0.4202
2022-08-17,4.59,4.61,4.57,4.6,42688709,341608542567.0,3.8395,0.4221
2022-08-18,4.6,4.6,4.57,4.57,38325174,339380660767.65,3.8145,0.4193
2022-08-19,4.57,4.59,4.57,4.57,33893937,339380660767.65,3.8145,0.4193
2022-08-22,4.57,4.59,4.57,4.58,36250786,340123288034.1,3.8229,0.4202
2022-08-23,4.58,4.58,4.56,4.56,51174427,338638033501.2,3.8062,0.4184
2022-08-24,4.56,4.58,4.56,4.56,41484832,338638033501.2,3.8062,0.4184
2022-08-25,4.57,4.58,4.56,4.58,40140701,340123288034.1,3.8229,0.4202
2022-08-26,4.58,4.59,4.57,4.58,36708579,340123288034.1,3.8229,0.4202
2022-08-29,4.58,4.58,4.56,4.56,46319483,338638033501.2,3.7794,0.4224
2022-08-30,4.56,4.58,4.55,4.56,59370994,338638033501.2,3.7794,0.4224
2022-08-31,4.56,4.59,4.55,4.58,69839558,340123288034.1,3.7959,0.4242
2022-09-01,4.57,4.6,4.57,4.57,58132634,339380660767.65,3.7876,0.4233
2022-09-02,4.58,4.59,4.57,4.58,49849088,340123288034.1,3.7959,0.4242
2022-09-05,4.58,4.6,4.57,4.6,54361958,341608542567.0,3.8125,0.4261
2022-09-06,4.6,4.62,4.59,4.6,61351502,341608542567.0,3.8125,0.4261
2022-09-07,4.61,4.61,4.59,4.59,37890261,340865915300.55,3.8042,0.4252
2022-09-08,4.6,4.62,4.59,4.61,53891487,342351169833.45,3.8208,0.427
2022-09-09,4.62,4.66,4.61,4.65,88795589,345321678899.25,3.854,0.4307
2022-09-13,4.66,4.67,4.63,4.64,69124992,344579051632.8,3.8457,0.4298
2022-09-14,4.63,4.65,4.62,4.63,46190412,343836424366.35,3.8374,0.4289
2022-09-15,4.64,4.68,4.63,4.65,82208532,345321678899.25,3.854,0.4307
2022-09-16,4.65,4.65,4.6,4.6,87071201,341608542567.0,3.8125,0.4261
2022-09-19,4.61,4.65,4.6,4.65,68854650,345321678899.25,3.854,0.4307
2022-09-20,4.65,4.65,4.63,4.65,59081421,345321678899.25,3.854,0.4307
2022-09-21,4.64,4.65,4.63,4.63,39080308,343836424366.35,3.8374,0.4289
2022-09-22,4.63,4.65,4.61,4.65,55074980,345321678899.25,3.854,0.4307
2022-09-23,4.64,4.66,4.63,4.65,63997250,345321678899.25,3.854,0.4307
2022-09-26,4.64,4.66,4.6,4.6,80594449,341608542567.0,3.8125,0.4261
2022-09-27,4.6,4.62,4.57,4.59,62229218,340865915300.55,3.8042,0.4252
2022-09-28,4.59,4.62,4.57,4.62,72321177,343093797099.9,3.8291,0.4279
2022-09-29,4.62,4.63,4.58,4.58,59308382,340123288034.1,3.7959,0.4242
2022-09-30,4.6,4.63,4.59,4.62,69900942,343093797099.9,3.8291,0.4279
2022-10-10,4.62,4.64,4.61,4.61,71222839,342351169833.45,3.8208,0.427
2022-10-11,4.63,4.64,4.61,4.61,55821662,342351169833.45,3.8208,0.427
2022-10-12,4.61,4.63,4.6,4.61,45760322,342351169833.45,3.8208,0.427
2022-10-13,4.61,4.63,4.6,4.61,50553340,342351169833.45,3.8208,0.427
2022-10-14,4.62,4.63,4.61,4.61,46840757,342351169833.45,3.8208,0.427
2022-10-17,4.61,4.62,4.6,4.6,48582993,341608542567.0,3.8125,0.4261
2022-10-18,4.61,4.62,4.6,4.6,38686748,341608542567.0,3.8125,0.4261
2022-10-19,4.6,4.61,4.59,4.59,36451455,340865915300.55,3.8042,0.4252
2022-10-20,4.59,4.61,4.58,4.59,48376412,340865915300.55,3.8042,0.4252
2022-10-21,4.59,4.61,4.58,4.59,47617205,340865915300.55,3.8042,0.4252
2022-10-24,4.59,4.6,4.56,4.56,83390654,338638033501.2,3.7794,0.4224
2022-10-25,4.57,4.58,4.52,4.56,100291474,338638033501.2,3.7794,0.4224
2022-10-26,4.55,4.56,4.51,4.51,97851276,334924897168.95,3.7379,0.4177
2022-10-27,4.51,4.52,4.47,4.47,120407779,331954388103.15,3.7048,0.414
2022-10-28,4.47,4.51,4.46,4.48,82457396,332697015369.6,3.7131,0.415
2022-10-31,4.47,4.48,4.44,4.45,92630172,330469133570.25,3.6274,0.4006
2022-11-01,4.46,4.5,4.45,4.48,89162044,332697015369.6,3.6518,0.4033
2022-11-02,4.48,4.5,4.44,4.49,61231576,333439642636.05,3.66,0.4042
2022-11-03,4.49,4.49,4.46,4.47,44047804,331954388103.15,3.6437,0.4024
2022-11-04,4.47,4.53,4.46,4.53,64137977,336410151701.85,3.6926,0.4078
2022-11-07,4.52,4.53,4.5,4.51,61648729,334924897168.95,3.6763,0.406
2022-11-08,4.52,4.53,4.51,4.53,31175034,336410151701.85,3.6926,0.4078
2022-11-09,4.53,4.55,4.52,4.54,30471353,337152778968.3,3.7007,0.4087
2022-11-10,4.53,4.54,4.51,4.53,31409018,336410151701.85,3.6926,0.4078
2022-11-11,4.54,4.6,4.54,4.58,90649956,340123288034.1,3.7334,0.4123
2022-11-14,4.59,4.62,4.58,4.6,89772760,341608542567.0,3.7497,0.4141
2022-11-15,4.59,4.62,4.58,4.61,64517282,342351169833.45,3.7578,0.415
2022-11-16,4.6,4.61,4.58,4.59,38846096,340865915300.55,3.7415,0.4132
2022-11-17,4.58,4.6,4.58,4.6,35708444,341608542567.0,3.7497,0.4141
2022-11-18,4.6,4.61,4.57,4.57,53772402,339380660767.65,3.7252,0.4114
2022-11-21,4.57,4.59,4.55,4.57,46851993,339380660767.65,3.7252,0.4114
2022-11-22,4.57,4.64,4.57,4.63,102155898,343836424366.35,3.7741,0.4168
2022-11-23,4.64,4.69,4.64,4.66,118078112,346064306165.7,3.7986,0.4195
2022-11-24,4.67,4.68,4.64,4.65,57889049,345321678899.25,3.7904,0.4186
2022-11-25,4.66,4.74,4.65,4.72,145610571,350520069764.4,3.8475,0.4249
2022-11-28,4.69,4.72,4.64,4.72,108941442,350520069764.4,3.8475,0.4249
2022-11-29,4.71,4.77,4.7,4.76,132589159,353490578830.2,3.8801,0.4285
2022-11-30,4.76,4.77,4.72,4.72,114501029,350520069764.4,3.8475,0.4249
2022-12-01,4.77,4.78,4.71,4.71,108169598,349777442497.95,3.8393,0.424
2022-12-02,4.71,4.73,4.68,4.69,82708385,348292187965.05,3.823,0.4222
2022-12-05,4.71,4.76,4.7,4.75,107515660,352747951563.75,3.8719,0.4276
2022-12-06,4.75,4.78,4.73,4.76,71798721,353490578830.2,3.8801,0.4285
2022-12-07,4.76,4.79,4.74,4.75,97272918,352747951563.75,3.8719,0.4276
2022-12-08,4.75,4.78,4.74,4.78,74453157,354975833363.1,3.8964,0.4303
2022-12-09,4.77,4.79,4.75,4.76,79725263,353490578830.2,3.8801,0.4285
2022-12-12,4.76,4.77,4.72,4.72,69646690,350520069764.4,3.8475,0.4249
2022-12-13,4.72,4.76,4.72,4.74,55788437,352005324297.3,3.8638,0.4267
2022-12-14,4.75,4.77,4.72,4.75,61958090,352747951563.75,3.8719,0.4276
2022-12-15,4.75,4.75,4.71,4.71,51981849,349777442497.95,3.8393,0.424
2022-12-16,4.71,4.77,4.71,4.77,85784480,354233206096.65,3.8882,0.4294
2022-12-19,4.76,4.79,4.7,4.7,87694898,349034815231.5,3.8312,0.4231
2022-12-20,4.7,4.73,4.66,4.66,79381876,346064306165.7,3.7986,0.4195
2022-12-21,4.68,4.7,4.66,4.66,50045360,346064306165.7,3.7986,0.4195
2022-12-22,4.69,4.72,4.66,4.69,54147106,348292187965.05,3.823,0.4222
2022-12-23,4.68,4.71,4.67,4.68,45875350,347549560698.6,3.8149,0.4213
2022-12-26,4.68,4.69,4.64,4.65,62213727,345321678899.25,3.7904,0.4186
2022-12-27,4.66,4.73,4.66,4.71,57010955,349777442497.95,3.8393,0.424
2022-12-28,4.71,4.75,4.7,4.75,56385400,352747951563.75,3.8719,0.4276
2022-12-29,4.74,4.76,4.7,4.71,76381988,349777442497.95,3.8393,0.424
2022-12-30,4.73,4.76,4.72,4.74,79220024,352005324297.3,3.8638,0.4267
2023-01-03,4.74,4.76,4.71,4.74,87968007,352005324297.3,3.8638,0.4267
2023-01-04,4.75,4.81,4.73,4.8,116391937,356461087896.0,3.9127,0.4321
2023-01-05,4.82,4.83,4.8,4.81,79536096,357203715162.45,3.9208,0.433
2023-01-06,4.81,4.83,4.79,4.81,57674895,357203715162.45,3.9208,0.433
2023-01-09,4.82,4.83,4.81,4.81,47331036,357203715162.45,3.9208,0.433
2023-01-10,4.81,4.82,4.78,4.79,50574297,355718460629.55,3.9045,0.4312
2023-01-11,4.79,4.84,4.78,4.83,70426733,358688969695.35,3.9371,0.4348
2023-01-12,4.84,4.84,4.8,4.83,58754933,358688969695.35,3.9371,0.4348
2023-01-13,4.83,4.87,4.82,4.87,67012171,361659478761.15,3.9697,0.4384
2023-01-16,4.87,4.88,4.83,4.84,103773586,359431596961.8,3.9453,0.4357
2023-01-17,4.84,4.87,4.83,4.86,69812882,360916851494.7,3.9616,0.4375
2023-01-18,4.86,4.88,4.85,4.87,55544361,361659478761.15,3.9697,0.4384
2023-01-19,4.87,4.88,4.85,4.88,41857235,362402106027.6,3.9779,0.4393
2023-01-20,4.88,4.89,4.86,4.87,46845773,361659478761.15,3.9697,0.4384
2023-01-30,4.9,4.92,4.87,4.88,90078641,362402106027.6,3.9779,0.4393
2023-01-31,4.89,4.91,4.85,4.85,79753233,360174224228.25,3.9534,0.4366
2023-02-01,4.86,4.87,4.85,4.86,59558606,360916851494.7,3.9616,0.4375
2023-02-02,4.87,4.88,4.84,4.85,86389923,360174224228.25,3.9534,0.4366
2023-02-03,4.84,4.85,4.82,4.84,73558532,359431596961.8,3.9453,0.4357
2023-02-06,4.83,4.84,4.81,4.84,72768864,359431596961.8,3.9453,0.4357
2023-02-07,4.84,4.85,4.83,4.85,56592532,360174224228.25,3.9534,0.4366
2023-02-08,4.85,4.87,4.84,4.87,55433937,361659478761.15,3.9697,0.4384
2023-02-09,4.87,4.89,4.86,4.88,56919265,362402106027.6,3.9779,0.4393
2023-02-10,4.88,4.9,4.86,4.9,55087262,363887360560.5,3.9942,0.4411
2023-02-13,4.89,4.9,4.85,4.88,81385238,362402106027.6,3.9779,0.4393
2023-02-14,4.88,4.89,4.86,4.87,37485156,361659478761.15,3.9697,0.4384
2023-02-15,4.87,4.88,4.86,4.86,30744214,360916851494.7,3.9616,0.4375
2023-02-16,4.86,4.89,4.85,4.85,61600405,360174224228.25,3.9534,0.4366
2023-02-17,4.86,4.88,4.85,4.85,64303277,360174224228.25,3.9534,0.4366
2023-02-20,4.87,4.92,4.85,4.92,108209122,365372615093.4,4.0105,0.4429
2023-02-21,4.91,4.92,4.88,4.9,58170680,363887360560.5,3.9942,0.4411
2023-02-22,4.9,4.91,4.88,4.88,56473273,362402106027.6,3.9779,0.4393
2023-02-23,4.88,4.9,4.87,4.88,47836155,362402106027.6,3.9779,0.4393
2023-02-24,4.89,4.89,4.87,4.88,45065429,362402106027.6,3.9779,0.4393
2023-02-27,4.88,4.89,4.86,4.86,55652213,360916851494.7,3.9616,0.4375
2023-02-28,4.87,4.9,4.86,4.9,61767784,363887360560.5,3.9942,0.4411
2023-03-01,4.9,4.92,4.89,4.92,82585942,365372615093.4,4.0105,0.4429
2023-03-02,4.92,4.97,4.91,4.95,77782469,367600496892.75,4.035,0.4456
2023-03-03,4.96,5.01,4.94,5.0,102830786,371313633225.0,4.0757,0.4501
2023-03-06,5.01,5.03,4.99,5.01,113426497,372056260491.45,4.0839,0.451
2023-03-07,5.01,5.15,5.0,5.06,192829873,375769396823.7,4.1246,0.4555
2023-03-08,5.04,5.1,5.02,5.09,97715074,377997278623.05,4.1491,0.4582
2023-03-09,5.08,5.12,5.06,5.06,87838316,375769396823.7,4.1246,0.4555
2023-03-10,5.05,5.08,4.99,4.99,114741861,370571005958.55,4.0676,0.4492
2023-03-13,4.97,5.05,4.97,5.05,84636271,375026769557.25,4.1165,0.4546
2023-03-14,5.03,5.07,5.02,5.06,73809800,375769396823.7,4.1246,0.4555
2023-03-15,5.08,5.11,5.07,5.1,67059545,378739905889.5,4.1572,0.4591
2023-03-16,5.08,5.15,5.08,5.1,104952233,378739905889.5,4.1572,0.4591
2023-03-17,5.12,5.17,5.1,5.13,115249829,380967787688.85,4.1817,0.4618
2023-03-20,5.14,5.23,5.14,5.18,169568620,384680924021.1,4.2224,0.4663
2023-03-21,5.18,5.21,5.09,5.1,105672053,378739905889.5,4.1572,0.4591
2023-03-22,5.12,5.16,5.11,5.15,80909533,382453042221.75,4.198,0.4636
2023-03-23,5.14,5.18,5.12,5.17,58486775,383938296754.65,4.2143,0.4654
2023-03-24,5.16,5.17,5.1,5.11,81958309,379482533155.95,4.1654,0.46
2023-03-27,5.11,5.13,5.07,5.09,87153479,377997278623.05,4.1491,0.4582
2023-03-28,5.08,5.12,5.07,5.11,56791782,379482533155.95,4.1654,0.46
2023-03-29,5.13,5.14,5.1,5.11,61300089,379482533155.95,4.1654,0.46
2023-03-30,5.11,5.19,5.1,5.13,86904491,380967787688.85,4.1817,0.4618
2023-03-31,5.16,5.16,5.1,5.11,93602543,379482533155.95,4.1181,0.4472
2023-04-03,5.11,5.13,5.09,5.1,70144787,378739905889.5,4.1101,0.4463
2023-04-04,5.11,5.17,5.1,5.17,97696629,383938296754.65,4.1665,0.4524
2023-04-06,5.17,5.2,5.16,5.2,64615380,386166178554.0,4.1907,0.4551
2023-04-07,5.19,5.2,5.16,5.18,46860083,384680924021.1,4.1746,0.4533
2023-04-10,5.18,5.2,5.16,5.18,53070506,384680924021.1,4.1746,0.4533
2023-04-11,5.2,5.21,5.18,5.2,68398488,386166178554.0,4.1907,0.4551
2023-04-12,5.21,5.28,5.2,5.26,103585497,390621942152.7,4.239,0.4603
2023-04-13,5.26,5.32,5.24,5.3,112942244,393592451218.5,4.2713,0.4638
2023-04-14,5.31,5.32,5.26,5.3,73649211,393592451218.5,4.2713,0.4638
2023-04-17,5.29,5.47,5.28,5.47,183988406,406217114748.15,4.4083,0.4787
2023-04-18,5.46,5.55,5.45,5.51,135703952,409187623813.95,4.4405,0.4822
2023-04-19,5.5,5.56,5.47,5.53,109474876,410672878346.85,4.4566,0.4839
2023-04-20,5.53,5.56,5.48,5.52,91921502,409930251080.4,4.4486,0.4831
2023-04-21,5.52,5.59,5.49,5.49,125449810,407702369281.05,4.4244,0.4804
2023-04-24,5.49,5.56,5.48,5.51,108901775,409187623813.95,4.4405,0.4822
2023-04-25,5.52,5.63,5.51,5.63,193573599,418099151011.35,4.5372,0.4927
2023-04-26,5.61,5.62,5.45,5.55,201596977,412158132879.75,4.4727,0.4857
2023-04-27,5.51,5.6,5.47,5.57,136986924,413643387412.65,4.4889,0.4874
2023-04-28,5.57,5.64,5.56,5.57,129720666,413643387412.65,4.4889,0.4874
2023-05-04,5.59,5.96,5.58,5.92,373530645,439635341738.4,4.7047,0.5047
2023-05-05,5.89,6.07,5.89,6.03,317845073,447804241669.35,4.7921,0.514
2023-05-08,6.03,6.49,6.01,6.32,449673891,469340432396.4,5.0226,0.5388
2023-05-09,6.37,6.45,6.18,6.21,364207265,461171532465.45,4.9352,0.5294
2023-05-10,6.18,6.26,5.9,5.93,264464164,440377969004.85,4.7126,0.5055
2023-05-11,5.96,6.05,5.86,5.91,145264427,438892714471.95,4.6968,0.5038
2023-05-12,5.89,5.92,5.8,5.83,126930709,432951696340.35,4.6332,0.497
2023-05-15,5.83,5.91,5.7,5.9,196889787,438150087205.5,4.6888,0.503
2023-05-16,5.9,6.03,5.88,5.89,135572929,437407459939.05,4.6809,0.5021
2023-05-17,5.88,5.94,5.81,5.84,94717587,433694323606.8,4.6411,0.4979
2023-05-18,5.86,6.02,5.85,5.93,172481568,440377969004.85,4.7126,0.5055
2023-05-19,5.93,5.94,5.81,5.82,126735043,432209069073.9,4.6252,0.4961
2023-05-22,5.8,5.87,5.79,5.82,87929903,432209069073.9,4.6252,0.4961
2023-05-23,5.82,5.86,5.73,5.74,141453691,426268050942.3,4.5617,0.4893
2023-05-24,5.74,5.74,5.6,5.6,191246876,415871269212.0,4.4504,0.4774
2023-05-25,5.57,5.66,5.52,5.65,134997508,419584405544.25,4.4901,0.4817
2023-05-26,5.63,5.83,5.62,5.81,107969195,431466441807.45,4.6173,0.4953
2023-05-29,5.81,5.97,5.8,5.96,142386095,442605850804.2,4.7365,0.5081
2023-05-30,5.95,5.96,5.84,5.88,103069534,436664832672.6,4.6729,0.5013
2023-05-31,5.86,5.89,5.83,5.85,82306647,434436950873.25,4.6491,0.4987
2023-06-01,5.83,5.87,5.78,5.82,94983239,432209069073.9,4.6252,0.4961
2023-06-02,5.81,5.85,5.75,5.81,104299680,431466441807.45,4.6173,0.4953
2023-06-05,5.8,5.9,5.77,5.87,72356715,435922205406.15,4.665,0.5004
2023-06-06,5.87,5.98,5.85,5.91,117184522,438892714471.95,4.6968,0.5038
2023-06-07,5.9,5.99,5.88,5.95,82034240,441863223537.75,4.7285,0.5072
2023-06-08,5.95,6.08,5.92,6.07,125720885,450774750735.15,4.8239,0.5175
2023-06-09,6.07,6.11,6.05,6.05,87555352,449289496202.25,4.808,0.5158
2023-06-12,6.04,6.06,5.86,5.89,142779793,437407459939.05,4.6809,0.5021
2023-06-13,5.9,5.94,5.88,5.93,64989702,440377969004.85,4.7126,0.5055
2023-06-14,5.93,5.96,5.8,5.81,133965261,431466441807.45,4.6173,0.4953
2023-06-15,5.82,5.89,5.79,5.86,101860175,435179578139.7,4.657,0.4996
2023-06-16,5.86,5.87,5.81,5.82,82841168,432209069073.9,4.6252,0.4961
2023-06-19,5.81,5.82,5.71,5.72,107999191,424782796409.4,4.5458,0.4876
2023-06-20,5.74,5.75,5.7,5.71,53672373,424040169142.95,4.5378,0.4868
2023-06-21,5.7,5.87,5.65,5.74,124216223,426268050942.3,4.5617,0.4893
2023-06-26,5.74,5.75,5.63,5.65,102256780,419584405544.25,4.4901,0.4817
2023-06-27,5.66,5.76,5.62,5.76,87390023,427753305475.2,4.5775,0.491
2023-06-28,5.76,5.81,5.72,5.75,81834464,427010678208.75,4.5696,0.4902
2023-06-29,5.77,5.78,5.72,5.73,54487824,425525423675.85,4.5537,0.4885
2023-06-30,5.74,5.83,5.72,5.8,77857333,430723814541.0,4.6093,0.4944
2023-07-03,5.84,5.9,5.81,5.89,86702289,437407459939.05,4.6809,0.5021
2023-07-04,5.87,5.88,5.78,5.81,69803499,431466441807.45,4.6173,0.4953
2023-07-05,5.81,5.84,5.77,5.79,59110773,429981187274.55,4.6014,0.4936
2023-07-06,5.78,5.83,5.74,5.75,102257831,427010678208.75,4.5696,0.4902
2023-07-07,5.74,5.78,5.72,5.75,64751135,427010678208.75,4.5696,0.4902
2023-07-10,5.77,5.8,5.74,5.78,79950921,429238560008.1,4.5934,0.4927
2023-07-11,5.8,5.83,5.76,5.8,113566266,430723814541.0,4.6093,0.4944
2023-07-12,5.45,5.49,5.42,5.43,144456777,403246605682.35,4.3153,0.4629
2023-07-13,5.44,5.52,5.44,5.51,123005640,409187623813.95,4.3789,0.4697
2023-07-14,5.51,5.62,5.48,5.58,122893827,414386014679.1,4.4345,0.4757
2023-07-17,5.57,5.57,5.47,5.52,88439374,409930251080.4,4.3868,0.4706
2023-07-18,5.53,5.54,5.5,5.5,60879202,408444996547.5,4.3709,0.4689
2023-07-19,5.49,5.54,5.47,5.52,53228761,409930251080.4,4.3868,0.4706
2023-07-20,5.53,5.59,5.52,5.56,68533503,412900760146.2,4.4186,0.474
2023-07-21,5.54,5.58,5.53,5.55,41856855,412158132879.75,4.4107,0.4731
2023-07-24,5.53,5.56,5.49,5.52,50433682,409930251080.4,4.3868,0.4706
2023-07-25,5.56,5.63,5.54,5.6,102139478,415871269212.0,4.4504,0.4774
2023-07-26,5.6,5.64,5.59,5.62,46609459,417356523744.9,4.4663,0.4791
2023-07-27,5.64,5.72,5.62,5.68,94915866,421812287343.6,4.514,0.4842
2023-07-28,5.68,5.8,5.63,5.78,119480441,429238560008.1,4.5934,0.4927
2023-07-31,5.81,5.88,5.77,5.82,132391462,432209069073.9,4.6252,0.4961
2023-08-01,5.8,5.86,5.78,5.8,77585191,430723814541.0,4.6093,0.4944
2023-08-02,5.78,5.78,5.63,5.66,122918810,420327032810.7,4.4981,0.4825
2023-08-03,5.68,5.72,5.63,5.71,82754721,424040169142.95,4.5378,0.4868
2023-08-04,5.73,5.78,5.69,5.7,90734198,423297541876.5,4.5299,0.4859
2023-08-07,5.68,5.69,5.61,5.65,94601464,419584405544.25,4.4901,0.4817
2023-08-08,5.64,5.66,5.6,5.61,73263809,416613896478.45,4.4583,0.4782
2023-08-09,5.61,5.64,5.6,5.62,56626198,417356523744.9,4.4663,0.4791
2023-08-10,5.62,5.64,5.59,5.62,59108851,417356523744.9,4.4663,0.4791
2023-08-11,5.63,5.64,5.54,5.54,90800316,411415505613.3,4.4027,0.4723
2023-08-14,5.5,5.51,5.45,5.47,92525086,406217114748.15,4.3471,0.4663
2023-08-15,5.47,5.62,5.47,5.61,115787305,416613896478.45,4.4583,0.4782
2023-08-16,5.58,5.63,5.52,5.6,74538718,415871269212.0,4.4504,0.4774
2023-08-17,5.58,5.61,5.5,5.53,92069554,410672878346.85,4.3948,0.4714
2023-08-18,5.52,5.62,5.52,5.57,73040298,413643387412.65,4.4265,0.4748
2023-08-21,5.57,5.58,5.46,5.46,101544765,405474487481.7,4.3391,0.4655
2023-08-22,5.47,5.56,5.46,5.56,87950583,412900760146.2,4.4186,0.474
2023-08-23,5.55,5.63,5.53,5.57,85829554,413643387412.65,4.4265,0.4748
2023-08-24,5.61,5.62,5.52,5.55,61382170,412158132879.75,4.4107,0.4731
2023-08-25,5.55,5.61,5.54,5.58,64154912,414386014679.1,4.4345,0.4757
2023-08-28,5.78,5.84,5.61,5.63,139851033,418099151011.35,4.4409,0.4815
2023-08-29,5.63,5.65,5.54,5.55,117651170,412158132879.75,4.3778,0.4747
2023-08-30,5.55,5.56,5.5,5.53,79761705,410672878346.85,4.362,0.473
2023-08-31,5.54,5.59,5.53,5.55,86089781,412158132879.75,4.3778,0.4747
2023-09-01,5.56,5.59,5.52,5.53,61881733,410672878346.85,4.362,0.473
2023-09-04,5.56,5.61,5.53,5.6,82179908,415871269212.0,4.4172,0.479
2023-09-05,5.6,5.6,5.54,5.55,59658537,412158132879.75,4.3778,0.4747
2023-09-06,5.54,5.57,5.53,5.56,51840487,412900760146.2,4.3857,0.4755
2023-09-07,5.56,5.6,5.55,5.57,55765314,413643387412.65,4.3935,0.4764
2023-09-08,5.57,5.57,5.53,5.54,41419098,411415505613.3,4.3699,0.4738
2023-09-11,5.55,5.57,5.52,5.54,79658030,411415505613.3,4.3699,0.4738
2023-09-12,5.54,5.55,5.52,5.53,44662704,410672878346.85,4.362,0.473
2023-09-13,5.54,5.58,5.52,5.56,83718998,412900760146.2,4.3857,0.4755
2023-09-14,5.56,5.65,5.55,5.65,164544189,419584405544.25,4.4566,0.4832
